District,Year,Month,prcp
Ampara,1984,1,330.77
Ampara,1984,2,305.08
Ampara,1984,3,136.4
Ampara,1984,4,272.4
Ampara,1984,5,69.13
Ampara,1984,6,29.099999999999998
Ampara,1984,7,165.85
Ampara,1984,8,31.93
Ampara,1984,9,236.1
Ampara,1984,10,157.48
Ampara,1984,11,269.7
Ampara,1984,12,80.28999999999999
Ampara,1985,1,86.8
Ampara,1985,2,127.12
Ampara,1985,3,94.55
Ampara,1985,4,33.9
Ampara,1985,5,71.61
Ampara,1985,6,69.3
Ampara,1985,7,19.53
Ampara,1985,8,41.54
Ampara,1985,9,122.99999999999999
Ampara,1985,10,136.4
Ampara,1985,11,215.70000000000002
Ampara,1985,12,137.64000000000001
Ampara,1986,1,314.96
Ampara,1986,2,78.68
Ampara,1986,3,190.03
Ampara,1986,4,86.10000000000001
Ampara,1986,5,50.529999999999994
Ampara,1986,6,32.400000000000006
Ampara,1986,7,28.21
Ampara,1986,8,73.78
Ampara,1986,9,56.699999999999996
Ampara,1986,10,330.46
Ampara,1986,11,122.69999999999999
Ampara,1986,12,123.38
Ampara,1987,1,109.12
Ampara,1987,2,55.72
Ampara,1987,3,39.68
Ampara,1987,4,90.6
Ampara,1987,5,82.77
Ampara,1987,6,31.8
Ampara,1987,7,1.24
Ampara,1987,8,54.25
Ampara,1987,9,95.4
Ampara,1987,10,277.14
Ampara,1987,11,203.7
Ampara,1987,12,103.85000000000001
Ampara,1988,1,19.22
Ampara,1988,2,60.900000000000006
Ampara,1988,3,91.76
Ampara,1988,4,205.2
Ampara,1988,5,24.490000000000002
Ampara,1988,6,39.300000000000004
Ampara,1988,7,43.4
Ampara,1988,8,89.89999999999999
Ampara,1988,9,80.1
Ampara,1988,10,52.39
Ampara,1988,11,163.8
Ampara,1988,12,113.14999999999999
Ampara,1989,1,124.0
Ampara,1989,2,21.28
Ampara,1989,3,48.050000000000004
Ampara,1989,4,52.8
Ampara,1989,5,68.2
Ampara,1989,6,58.8
Ampara,1989,7,159.65
Ampara,1989,8,22.32
Ampara,1989,9,124.19999999999999
Ampara,1989,10,160.27
Ampara,1989,11,252.0
Ampara,1989,12,96.10000000000001
Ampara,1990,1,127.72
Ampara,1990,2,8.96
Ampara,1990,3,51.15
Ampara,1990,4,33.0
Ampara,1990,5,127.72
Ampara,1990,6,40.2
Ampara,1990,7,31.0
Ampara,1990,8,60.14
Ampara,1990,9,24.0
Ampara,1990,10,188.79
Ampara,1990,11,87.30000000000001
Ampara,1990,12,146.94
Ampara,1991,1,67.58
Ampara,1991,2,5.6000000000000005
Ampara,1991,3,26.349999999999998
Ampara,1991,4,48.0
Ampara,1991,5,61.69
Ampara,1991,6,82.8
Ampara,1991,7,35.339999999999996
Ampara,1991,8,33.17
Ampara,1991,9,43.5
Ampara,1991,10,205.84
Ampara,1991,11,197.10000000000002
Ampara,1991,12,143.84
Ampara,1992,1,20.150000000000002
Ampara,1992,2,0.87
Ampara,1992,3,0.0
Ampara,1992,4,62.099999999999994
Ampara,1992,5,112.22
Ampara,1992,6,30.6
Ampara,1992,7,62.92999999999999
Ampara,1992,8,54.87
Ampara,1992,9,60.89999999999999
Ampara,1992,10,116.55999999999999
Ampara,1992,11,291.0
Ampara,1992,12,178.56
Ampara,1993,1,15.19
Ampara,1993,2,11.200000000000001
Ampara,1993,3,38.75
Ampara,1993,4,51.6
Ampara,1993,5,84.94000000000001
Ampara,1993,6,78.60000000000001
Ampara,1993,7,53.63
Ampara,1993,8,18.29
Ampara,1993,9,33.300000000000004
Ampara,1993,10,218.85999999999999
Ampara,1993,11,266.40000000000003
Ampara,1993,12,276.21
Ampara,1994,1,155.93
Ampara,1994,2,165.48000000000002
Ampara,1994,3,31.62
Ampara,1994,4,72.9
Ampara,1994,5,70.37
Ampara,1994,6,18.0
Ampara,1994,7,29.45
Ampara,1994,8,19.53
Ampara,1994,9,55.800000000000004
Ampara,1994,10,160.89000000000001
Ampara,1994,11,122.4
Ampara,1994,12,31.62
Ampara,1995,1,35.029999999999994
Ampara,1995,2,17.36
Ampara,1995,3,3.1
Ampara,1995,4,40.800000000000004
Ampara,1995,5,33.480000000000004
Ampara,1995,6,11.700000000000001
Ampara,1995,7,6.2
Ampara,1995,8,9.61
Ampara,1995,9,5.3999999999999995
Ampara,1995,10,39.99
Ampara,1995,11,55.5
Ampara,1995,12,20.77
Ampara,1996,1,25.73
Ampara,1996,2,23.490000000000002
Ampara,1996,3,0.9299999999999999
Ampara,1996,4,45.0
Ampara,1996,5,13.33
Ampara,1996,6,69.3
Ampara,1996,7,4.96
Ampara,1996,8,18.599999999999998
Ampara,1996,9,24.599999999999998
Ampara,1996,10,46.19
Ampara,1996,11,78.3
Ampara,1996,12,27.28
Ampara,1997,1,5.2700000000000005
Ampara,1997,2,12.04
Ampara,1997,3,18.29
Ampara,1997,4,105.6
Ampara,1997,5,125.55
Ampara,1997,6,31.200000000000003
Ampara,1997,7,43.71
Ampara,1997,8,24.490000000000002
Ampara,1997,9,120.0
Ampara,1997,10,225.68
Ampara,1997,11,216.6
Ampara,1997,12,149.42000000000002
Ampara,1998,1,36.89
Ampara,1998,2,4.48
Ampara,1998,3,27.59
Ampara,1998,4,44.1
Ampara,1998,5,114.08
Ampara,1998,6,38.7
Ampara,1998,7,81.53
Ampara,1998,8,66.03
Ampara,1998,9,59.1
Ampara,1998,10,110.98
Ampara,1998,11,183.3
Ampara,1998,12,280.23999999999995
Ampara,1999,1,267.53000000000003
Ampara,1999,2,143.36
Ampara,1999,3,29.139999999999997
Ampara,1999,4,105.0
Ampara,1999,5,80.60000000000001
Ampara,1999,6,45.3
Ampara,1999,7,27.900000000000002
Ampara,1999,8,31.0
Ampara,1999,9,70.8
Ampara,1999,10,159.65
Ampara,1999,11,199.2
Ampara,1999,12,97.96000000000001
Ampara,2000,1,20.77
Ampara,2000,2,82.36
Ampara,2000,3,37.82
Ampara,2000,4,45.9
Ampara,2000,5,20.77
Ampara,2000,6,31.5
Ampara,2000,7,62.309999999999995
Ampara,2000,8,38.13
Ampara,2000,9,49.199999999999996
Ampara,2000,10,44.33
Ampara,2000,11,267.9
Ampara,2000,12,141.67000000000002
Ampara,2001,1,202.43
Ampara,2001,2,110.32
Ampara,2001,3,1.8599999999999999
Ampara,2001,4,133.20000000000002
Ampara,2001,5,38.44
Ampara,2001,6,57.599999999999994
Ampara,2001,7,73.78
Ampara,2001,8,8.99
Ampara,2001,9,78.3
Ampara,2001,10,78.42999999999999
Ampara,2001,11,202.79999999999998
Ampara,2001,12,188.79
Ampara,2002,1,74.09
Ampara,2002,2,99.39999999999999
Ampara,2002,3,49.910000000000004
Ampara,2002,4,140.1
Ampara,2002,5,80.28999999999999
Ampara,2002,6,39.6
Ampara,2002,7,13.33
Ampara,2002,8,44.949999999999996
Ampara,2002,9,21.599999999999998
Ampara,2002,10,175.77
Ampara,2002,11,199.2
Ampara,2002,12,286.75
Ampara,2003,1,145.07999999999998
Ampara,2003,2,79.24000000000001
Ampara,2003,3,102.3
Ampara,2003,4,102.9
Ampara,2003,5,71.92
Ampara,2003,6,25.8
Ampara,2003,7,26.66
Ampara,2003,8,24.490000000000002
Ampara,2003,9,35.699999999999996
Ampara,2003,10,106.33
Ampara,2003,11,353.09999999999997
Ampara,2003,12,47.43
Ampara,2004,1,69.13
Ampara,2004,2,70.47
Ampara,2004,3,48.050000000000004
Ampara,2004,4,86.10000000000001
Ampara,2004,5,98.27
Ampara,2004,6,31.200000000000003
Ampara,2004,7,22.32
Ampara,2004,8,17.669999999999998
Ampara,2004,9,167.4
Ampara,2004,10,252.65
Ampara,2004,11,254.70000000000002
Ampara,2004,12,460.04
Ampara,2005,1,141.04999999999998
Ampara,2005,2,21.560000000000002
Ampara,2005,3,73.78
Ampara,2005,4,132.89999999999998
Ampara,2005,5,73.16
Ampara,2005,6,30.6
Ampara,2005,7,35.029999999999994
Ampara,2005,8,17.05
Ampara,2005,9,54.900000000000006
Ampara,2005,10,143.22
Ampara,2005,11,373.5
Ampara,2005,12,137.64000000000001
Ampara,2006,1,266.59999999999997
Ampara,2006,2,70.0
Ampara,2006,3,109.74
Ampara,2006,4,62.400000000000006
Ampara,2006,5,70.37
Ampara,2006,6,26.7
Ampara,2006,7,29.759999999999998
Ampara,2006,8,49.6
Ampara,2006,9,72.9
Ampara,2006,10,298.53000000000003
Ampara,2006,11,325.2
Ampara,2006,12,235.29
Ampara,2007,1,142.29
Ampara,2007,2,64.68
Ampara,2007,3,28.830000000000002
Ampara,2007,4,205.5
Ampara,2007,5,21.080000000000002
Ampara,2007,6,58.5
Ampara,2007,7,43.4
Ampara,2007,8,44.33
Ampara,2007,9,66.60000000000001
Ampara,2007,10,199.64000000000001
Ampara,2007,11,140.39999999999998
Ampara,2007,12,274.96999999999997
Ampara,2008,1,159.65
Ampara,2008,2,133.39999999999998
Ampara,2008,3,318.06
Ampara,2008,4,189.60000000000002
Ampara,2008,5,23.56
Ampara,2008,6,49.199999999999996
Ampara,2008,7,41.54
Ampara,2008,8,34.720000000000006
Ampara,2008,9,24.9
Ampara,2008,10,155.0
Ampara,2008,11,214.5
Ampara,2008,12,158.72
Ampara,2009,1,88.66
Ampara,2009,2,1.68
Ampara,2009,3,157.79
Ampara,2009,4,206.1
Ampara,2009,5,45.88
Ampara,2009,6,21.599999999999998
Ampara,2009,7,11.47
Ampara,2009,8,66.64999999999999
Ampara,2009,9,32.7
Ampara,2009,10,157.17000000000002
Ampara,2009,11,442.5
Ampara,2009,12,363.01000000000005
Ampara,2010,1,109.12
Ampara,2010,2,44.24
Ampara,2010,3,77.5
Ampara,2010,4,219.0
Ampara,2010,5,137.32999999999998
Ampara,2010,6,65.1
Ampara,2010,7,60.76
Ampara,2010,8,86.49
Ampara,2010,9,148.8
Ampara,2010,10,149.42000000000002
Ampara,2010,11,491.4
Ampara,2010,12,557.0699999999999
Ampara,2011,1,733.46
Ampara,2011,2,443.8
Ampara,2011,3,149.42000000000002
Ampara,2011,4,241.50000000000003
Ampara,2011,5,71.92
Ampara,2011,6,18.3
Ampara,2011,7,22.63
Ampara,2011,8,47.74
Ampara,2011,9,58.5
Ampara,2011,10,321.78000000000003
Ampara,2011,11,385.79999999999995
Ampara,2011,12,299.46
Ampara,2012,1,53.63
Ampara,2012,2,158.05
Ampara,2012,3,70.37
Ampara,2012,4,205.5
Ampara,2012,5,13.33
Ampara,2012,6,25.2
Ampara,2012,7,30.69
Ampara,2012,8,31.31
Ampara,2012,9,77.1
Ampara,2012,10,365.8
Ampara,2012,11,253.8
Ampara,2012,12,615.97
Ampara,2013,1,357.73999999999995
Ampara,2013,2,209.16
Ampara,2013,3,185.38000000000002
Ampara,2013,4,141.9
Ampara,2013,5,108.19000000000001
Ampara,2013,6,47.1
Ampara,2013,7,42.779999999999994
Ampara,2013,8,39.68
Ampara,2013,9,60.6
Ampara,2013,10,104.78
Ampara,2013,11,185.39999999999998
Ampara,2013,12,200.88000000000002
Ampara,2014,1,159.96
Ampara,2014,2,47.04
Ampara,2014,3,31.31
Ampara,2014,4,115.8
Ampara,2014,5,138.88000000000002
Ampara,2014,6,18.9
Ampara,2014,7,9.299999999999999
Ampara,2014,8,67.89
Ampara,2014,9,84.3
Ampara,2014,10,352.46999999999997
Ampara,2014,11,388.5
Ampara,2014,12,769.42
Ampara,2015,1,23.25
Ampara,2015,2,195.44
Ampara,2015,3,95.78999999999999
Ampara,2015,4,199.2
Ampara,2015,5,180.42000000000002
Ampara,2015,6,92.69999999999999
Ampara,2015,7,39.37
Ampara,2015,8,63.55
Ampara,2015,9,203.4
Ampara,2015,10,464.07
Ampara,2015,11,506.1
Ampara,2015,12,307.52
Ampara,2016,1,110.05
Ampara,2016,2,61.769999999999996
Ampara,2016,3,63.55
Ampara,2016,4,65.7
Ampara,2016,5,404.55
Ampara,2016,6,22.8
Ampara,2016,7,38.44
Ampara,2016,8,9.61
Ampara,2016,9,6.6
Ampara,2016,10,109.74
Ampara,2016,11,228.0
Ampara,2016,12,96.10000000000001
Ampara,2017,1,88.03999999999999
Ampara,2017,2,102.48
Ampara,2017,3,218.54999999999998
Ampara,2017,4,41.1
Ampara,2017,5,106.02
Ampara,2017,6,31.5
Ampara,2017,7,30.38
Ampara,2017,8,112.84
Ampara,2017,9,101.10000000000001
Ampara,2017,10,230.95000000000002
Ampara,2017,11,331.8
Ampara,2017,12,175.15
Ampara,2018,1,53.01
Ampara,2018,2,126.0
Ampara,2018,3,127.72
Ampara,2018,4,144.0
Ampara,2018,5,375.40999999999997
Ampara,2018,6,58.8
Ampara,2018,7,28.830000000000002
Ampara,2018,8,38.75
Ampara,2018,9,78.0
Ampara,2018,10,222.57999999999998
Ampara,2018,11,301.5
Ampara,2018,12,134.85
Ampara,2019,1,57.660000000000004
Ampara,2019,2,123.20000000000002
Ampara,2019,3,13.02
Ampara,2019,4,66.0
Ampara,2019,5,25.110000000000003
Ampara,2019,6,27.0
Ampara,2019,7,43.4
Ampara,2019,8,93.30999999999999
Ampara,2019,9,236.7
Ampara,2019,10,405.48
Ampara,2019,11,341.40000000000003
Ampara,2019,12,447.02
Ampara,2020,1,81.84
Ampara,2020,2,35.96
Ampara,2020,3,19.22
Ampara,2020,4,96.60000000000001
Ampara,2020,5,167.4
Ampara,2020,6,96.60000000000001
Ampara,2020,7,93.0
Ampara,2020,8,56.42
Ampara,2020,9,148.8
Ampara,2020,10,69.75
Ampara,2020,11,312.6
Ampara,2020,12,483.90999999999997
Ampara,2021,1,354.02
Ampara,2021,2,79.52
Ampara,2021,3,110.67
Ampara,2021,4,106.5
Ampara,2021,5,191.89000000000001
Ampara,2021,6,108.89999999999999
Ampara,2021,7,107.26
Ampara,2021,8,106.02
Ampara,2021,9,168.3
Ampara,2021,10,318.37
Ampara,2021,11,624.0
Ampara,2021,12,192.51
Ampara,2022,1,179.49
Ampara,2022,2,215.04
Ampara,2022,3,86.49
Ampara,2022,4,311.40000000000003
Ampara,2022,5,132.99
Ampara,2022,6,51.0
Ampara,2022,7,105.39999999999999
Ampara,2022,8,230.32999999999998
Ampara,2022,9,62.400000000000006
Ampara,2022,10,291.71
Ampara,2022,11,308.09999999999997
Ampara,2022,12,417.88
Ampara,2023,1,151.59
Ampara,2023,2,174.72
Ampara,2023,3,97.64999999999999
Ampara,2023,4,139.8
Ampara,2023,5,197.16
Ampara,2023,6,55.800000000000004
Ampara,2023,7,35.96
Ampara,2023,8,58.279999999999994
Ampara,2023,9,250.5
Ampara,2023,10,694.09
Ampara,2023,11,456.3
Ampara,2023,12,589.9300000000001
Ampara,2024,1,376.96
Ampara,2024,2,33.93
Ampara,2024,3,43.71
Ampara,2024,4,71.39999999999999
Ampara,2024,5,205.22
Ampara,2024,6,52.2
Ampara,2024,7,31.93
Ampara,2024,8,123.38
Ampara,2024,9,60.3
Ampara,2024,10,240.56
Ampara,2024,11,436.2
Ampara,2024,12,220.41
Ampara,2025,1,410.75
Ampara,2025,2,101.64
Ampara,2025,3,182.59
Ampara,2025,4,272.1
Ampara,2025,5,134.23
Ampara,2025,6,40.2
Ampara,2025,7,21.389999999999997
Ampara,2025,8,51.769999999999996
Ampara,2025,9,92.69999999999999
Ampara,2025,10,323.95
Ampara,2025,11,717.9
Ampara,2025,12,210.49
Anuradhapura,1984,1,355.26
Anuradhapura,1984,2,326.25
Anuradhapura,1984,3,169.41500000000002
Anuradhapura,1984,4,301.04999999999995
Anuradhapura,1984,5,47.894999999999996
Anuradhapura,1984,6,22.050000000000004
Anuradhapura,1984,7,178.40500000000003
Anuradhapura,1984,8,33.480000000000004
Anuradhapura,1984,9,307.79999999999995
Anuradhapura,1984,10,128.34
Anuradhapura,1984,11,282.9
Anuradhapura,1984,12,75.795
Anuradhapura,1985,1,116.405
Anuradhapura,1985,2,107.38
Anuradhapura,1985,3,79.515
Anuradhapura,1985,4,55.5
Anuradhapura,1985,5,82.15
Anuradhapura,1985,6,35.4
Anuradhapura,1985,7,33.790000000000006
Anuradhapura,1985,8,68.355
Anuradhapura,1985,9,110.10000000000001
Anuradhapura,1985,10,101.215
Anuradhapura,1985,11,285.15
Anuradhapura,1985,12,132.215
Anuradhapura,1986,1,214.365
Anuradhapura,1986,2,55.58
Anuradhapura,1986,3,136.555
Anuradhapura,1986,4,114.75
Anuradhapura,1986,5,90.985
Anuradhapura,1986,6,14.25
Anuradhapura,1986,7,23.405
Anuradhapura,1986,8,48.67
Anuradhapura,1986,9,48.150000000000006
Anuradhapura,1986,10,196.85
Anuradhapura,1986,11,93.30000000000001
Anuradhapura,1986,12,112.53
Anuradhapura,1987,1,72.85000000000001
Anuradhapura,1987,2,20.44
Anuradhapura,1987,3,30.535000000000004
Anuradhapura,1987,4,107.1
Anuradhapura,1987,5,50.685
Anuradhapura,1987,6,18.15
Anuradhapura,1987,7,3.1
Anuradhapura,1987,8,36.735
Anuradhapura,1987,9,116.69999999999999
Anuradhapura,1987,10,254.19999999999996
Anuradhapura,1987,11,212.25
Anuradhapura,1987,12,96.875
Anuradhapura,1988,1,14.415
Anuradhapura,1988,2,55.825
Anuradhapura,1988,3,58.28
Anuradhapura,1988,4,241.2
Anuradhapura,1988,5,24.645
Anuradhapura,1988,6,34.65
Anuradhapura,1988,7,44.019999999999996
Anuradhapura,1988,8,93.0
Anuradhapura,1988,9,86.55000000000001
Anuradhapura,1988,10,66.185
Anuradhapura,1988,11,151.5
Anuradhapura,1988,12,67.11500000000001
Anuradhapura,1989,1,52.85499999999999
Anuradhapura,1989,2,7.28
Anuradhapura,1989,3,27.589999999999996
Anuradhapura,1989,4,49.2
Anuradhapura,1989,5,66.34
Anuradhapura,1989,6,75.15
Anuradhapura,1989,7,194.06
Anuradhapura,1989,8,19.22
Anuradhapura,1989,9,153.75
Anuradhapura,1989,10,199.64
Anuradhapura,1989,11,244.8
Anuradhapura,1989,12,79.36
Anuradhapura,1990,1,167.555
Anuradhapura,1990,2,7.000000000000001
Anuradhapura,1990,3,75.02
Anuradhapura,1990,4,55.8
Anuradhapura,1990,5,176.54500000000002
Anuradhapura,1990,6,14.7
Anuradhapura,1990,7,11.624999999999998
Anuradhapura,1990,8,107.88
Anuradhapura,1990,9,44.400000000000006
Anuradhapura,1990,10,205.375
Anuradhapura,1990,11,93.30000000000001
Anuradhapura,1990,12,88.97
Anuradhapura,1991,1,44.795
Anuradhapura,1991,2,3.6400000000000006
Anuradhapura,1991,3,46.5
Anuradhapura,1991,4,80.55000000000001
Anuradhapura,1991,5,85.715
Anuradhapura,1991,6,62.7
Anuradhapura,1991,7,28.055
Anuradhapura,1991,8,16.895
Anuradhapura,1991,9,36.6
Anuradhapura,1991,10,257.3
Anuradhapura,1991,11,296.25
Anuradhapura,1991,12,116.87
Anuradhapura,1992,1,13.794999999999998
Anuradhapura,1992,2,0.58
Anuradhapura,1992,3,0.0
Anuradhapura,1992,4,102.45
Anuradhapura,1992,5,106.485
Anuradhapura,1992,6,48.0
Anuradhapura,1992,7,48.515
Anuradhapura,1992,8,42.315
Anuradhapura,1992,9,109.5
Anuradhapura,1992,10,142.29000000000002
Anuradhapura,1992,11,257.54999999999995
Anuradhapura,1992,12,209.87
Anuradhapura,1993,1,5.58
Anuradhapura,1993,2,6.44
Anuradhapura,1993,3,43.09
Anuradhapura,1993,4,106.05000000000001
Anuradhapura,1993,5,95.945
Anuradhapura,1993,6,50.400000000000006
Anuradhapura,1993,7,42.625
Anuradhapura,1993,8,21.545
Anuradhapura,1993,9,29.25
Anuradhapura,1993,10,322.865
Anuradhapura,1993,11,348.6
Anuradhapura,1993,12,365.79999999999995
Anuradhapura,1994,1,81.065
Anuradhapura,1994,2,176.96
Anuradhapura,1994,3,29.14
Anuradhapura,1994,4,101.4
Anuradhapura,1994,5,119.505
Anuradhapura,1994,6,12.0
Anuradhapura,1994,7,24.18
Anuradhapura,1994,8,8.989999999999998
Anuradhapura,1994,9,52.8
Anuradhapura,1994,10,244.125
Anuradhapura,1994,11,91.2
Anuradhapura,1994,12,22.63
Anuradhapura,1995,1,31.93
Anuradhapura,1995,2,7.840000000000001
Anuradhapura,1995,3,3.875
Anuradhapura,1995,4,33.0
Anuradhapura,1995,5,34.72
Anuradhapura,1995,6,9.75
Anuradhapura,1995,7,5.425
Anuradhapura,1995,8,6.045000000000001
Anuradhapura,1995,9,7.949999999999999
Anuradhapura,1995,10,62.77499999999999
Anuradhapura,1995,11,40.2
Anuradhapura,1995,12,14.569999999999999
Anuradhapura,1996,1,12.865
Anuradhapura,1996,2,17.69
Anuradhapura,1996,3,0.9299999999999999
Anuradhapura,1996,4,32.1
Anuradhapura,1996,5,11.315
Anuradhapura,1996,6,56.85
Anuradhapura,1996,7,4.34
Anuradhapura,1996,8,23.405
Anuradhapura,1996,9,28.5
Anuradhapura,1996,10,56.42
Anuradhapura,1996,11,74.85
Anuradhapura,1996,12,26.35
Anuradhapura,1997,1,4.029999999999999
Anuradhapura,1997,2,5.739999999999999
Anuradhapura,1997,3,6.51
Anuradhapura,1997,4,45.9
Anuradhapura,1997,5,76.725
Anuradhapura,1997,6,15.150000000000002
Anuradhapura,1997,7,48.825
Anuradhapura,1997,8,19.529999999999998
Anuradhapura,1997,9,88.65
Anuradhapura,1997,10,195.92000000000002
Anuradhapura,1997,11,223.5
Anuradhapura,1997,12,179.8
Anuradhapura,1998,1,43.55500000000001
Anuradhapura,1998,2,2.8
Anuradhapura,1998,3,16.74
Anuradhapura,1998,4,62.55
Anuradhapura,1998,5,200.10500000000002
Anuradhapura,1998,6,23.4
Anuradhapura,1998,7,66.65
Anuradhapura,1998,8,51.305
Anuradhapura,1998,9,39.3
Anuradhapura,1998,10,126.32500000000002
Anuradhapura,1998,11,234.3
Anuradhapura,1998,12,292.64
Anuradhapura,1999,1,189.71999999999997
Anuradhapura,1999,2,110.32000000000001
Anuradhapura,1999,3,20.305
Anuradhapura,1999,4,142.95
Anuradhapura,1999,5,51.769999999999996
Anuradhapura,1999,6,29.549999999999997
Anuradhapura,1999,7,25.729999999999997
Anuradhapura,1999,8,30.845
Anuradhapura,1999,9,91.05
Anuradhapura,1999,10,134.075
Anuradhapura,1999,11,179.4
Anuradhapura,1999,12,70.37
Anuradhapura,2000,1,31.464999999999996
Anuradhapura,2000,2,65.395
Anuradhapura,2000,3,11.625
Anuradhapura,2000,4,65.25
Anuradhapura,2000,5,50.995
Anuradhapura,2000,6,39.900000000000006
Anuradhapura,2000,7,103.22999999999999
Anuradhapura,2000,8,50.99499999999999
Anuradhapura,2000,9,86.69999999999999
Anuradhapura,2000,10,60.76
Anuradhapura,2000,11,316.2
Anuradhapura,2000,12,142.29
Anuradhapura,2001,1,96.1
Anuradhapura,2001,2,50.540000000000006
Anuradhapura,2001,3,0.46499999999999997
Anuradhapura,2001,4,174.45
Anuradhapura,2001,5,26.97
Anuradhapura,2001,6,142.35000000000002
Anuradhapura,2001,7,102.455
Anuradhapura,2001,8,9.61
Anuradhapura,2001,9,56.55
Anuradhapura,2001,10,122.29500000000002
Anuradhapura,2001,11,186.59999999999997
Anuradhapura,2001,12,177.63
Anuradhapura,2002,1,54.095
Anuradhapura,2002,2,72.52
Anuradhapura,2002,3,40.61
Anuradhapura,2002,4,120.9
Anuradhapura,2002,5,63.395
Anuradhapura,2002,6,36.0
Anuradhapura,2002,7,6.200000000000001
Anuradhapura,2002,8,35.34
Anuradhapura,2002,9,22.8
Anuradhapura,2002,10,259.315
Anuradhapura,2002,11,190.95
Anuradhapura,2002,12,253.425
Anuradhapura,2003,1,97.96000000000001
Anuradhapura,2003,2,56.42
Anuradhapura,2003,3,75.175
Anuradhapura,2003,4,68.1
Anuradhapura,2003,5,98.27
Anuradhapura,2003,6,27.75
Anuradhapura,2003,7,28.365000000000002
Anuradhapura,2003,8,33.48
Anuradhapura,2003,9,45.150000000000006
Anuradhapura,2003,10,86.645
Anuradhapura,2003,11,279.6
Anuradhapura,2003,12,48.67
Anuradhapura,2004,1,30.380000000000003
Anuradhapura,2004,2,28.565000000000005
Anuradhapura,2004,3,50.065
Anuradhapura,2004,4,83.85
Anuradhapura,2004,5,125.54999999999998
Anuradhapura,2004,6,29.55
Anuradhapura,2004,7,31.0
Anuradhapura,2004,8,26.97
Anuradhapura,2004,9,110.85
Anuradhapura,2004,10,241.49
Anuradhapura,2004,11,215.4
Anuradhapura,2004,12,267.22
Anuradhapura,2005,1,117.955
Anuradhapura,2005,2,15.96
Anuradhapura,2005,3,54.715
Anuradhapura,2005,4,145.8
Anuradhapura,2005,5,42.315
Anuradhapura,2005,6,18.900000000000002
Anuradhapura,2005,7,34.72
Anuradhapura,2005,8,31.464999999999996
Anuradhapura,2005,9,23.1
Anuradhapura,2005,10,198.555
Anuradhapura,2005,11,335.4
Anuradhapura,2005,12,102.61
Anuradhapura,2006,1,144.46
Anuradhapura,2006,2,37.94
Anuradhapura,2006,3,130.82
Anuradhapura,2006,4,74.4
Anuradhapura,2006,5,70.835
Anuradhapura,2006,6,13.95
Anuradhapura,2006,7,24.025
Anuradhapura,2006,8,68.51
Anuradhapura,2006,9,69.75
Anuradhapura,2006,10,330.46000000000004
Anuradhapura,2006,11,296.55
Anuradhapura,2006,12,133.455
Anuradhapura,2007,1,72.07499999999999
Anuradhapura,2007,2,44.8
Anuradhapura,2007,3,11.78
Anuradhapura,2007,4,175.05
Anuradhapura,2007,5,16.895
Anuradhapura,2007,6,45.599999999999994
Anuradhapura,2007,7,34.875
Anuradhapura,2007,8,32.085
Anuradhapura,2007,9,84.45
Anuradhapura,2007,10,295.74
Anuradhapura,2007,11,165.14999999999998
Anuradhapura,2007,12,232.5
Anuradhapura,2008,1,51.459999999999994
Anuradhapura,2008,2,102.66
Anuradhapura,2008,3,282.255
Anuradhapura,2008,4,157.35
Anuradhapura,2008,5,4.185
Anuradhapura,2008,6,29.7
Anuradhapura,2008,7,42.16
Anuradhapura,2008,8,36.58
Anuradhapura,2008,9,11.7
Anuradhapura,2008,10,181.04
Anuradhapura,2008,11,212.39999999999998
Anuradhapura,2008,12,162.905
Anuradhapura,2009,1,58.59
Anuradhapura,2009,2,0.0
Anuradhapura,2009,3,156.085
Anuradhapura,2009,4,150.75
Anuradhapura,2009,5,23.56
Anuradhapura,2009,6,16.35
Anuradhapura,2009,7,15.035
Anuradhapura,2009,8,104.935
Anuradhapura,2009,9,29.1
Anuradhapura,2009,10,107.25999999999999
Anuradhapura,2009,11,358.35
Anuradhapura,2009,12,269.08
Anuradhapura,2010,1,68.19999999999999
Anuradhapura,2010,2,17.22
Anuradhapura,2010,3,41.85
Anuradhapura,2010,4,169.35
Anuradhapura,2010,5,93.93
Anuradhapura,2010,6,31.200000000000003
Anuradhapura,2010,7,60.45
Anuradhapura,2010,8,114.69999999999999
Anuradhapura,2010,9,213.14999999999998
Anuradhapura,2010,10,145.39000000000001
Anuradhapura,2010,11,397.35
Anuradhapura,2010,12,416.175
Anuradhapura,2011,1,376.495
Anuradhapura,2011,2,308.55999999999995
Anuradhapura,2011,3,51.305
Anuradhapura,2011,4,275.25
Anuradhapura,2011,5,41.23
Anuradhapura,2011,6,12.75
Anuradhapura,2011,7,26.66
Anuradhapura,2011,8,77.655
Anuradhapura,2011,9,38.55
Anuradhapura,2011,10,311.395
Anuradhapura,2011,11,341.1
Anuradhapura,2011,12,172.515
Anuradhapura,2012,1,32.55
Anuradhapura,2012,2,69.745
Anuradhapura,2012,3,60.76
Anuradhapura,2012,4,140.25
Anuradhapura,2012,5,2.9450000000000003
Anuradhapura,2012,6,16.799999999999997
Anuradhapura,2012,7,40.145
Anuradhapura,2012,8,17.98
Anuradhapura,2012,9,55.8
Anuradhapura,2012,10,510.725
Anuradhapura,2012,11,226.8
Anuradhapura,2012,12,537.075
Anuradhapura,2013,1,209.56
Anuradhapura,2013,2,171.07999999999998
Anuradhapura,2013,3,187.70499999999998
Anuradhapura,2013,4,75.9
Anuradhapura,2013,5,106.17500000000001
Anuradhapura,2013,6,37.199999999999996
Anuradhapura,2013,7,38.44
Anuradhapura,2013,8,74.71000000000001
Anuradhapura,2013,9,69.0
Anuradhapura,2013,10,112.995
Anuradhapura,2013,11,196.95
Anuradhapura,2013,12,111.28999999999999
Anuradhapura,2014,1,148.8
Anuradhapura,2014,2,30.24
Anuradhapura,2014,3,11.935
Anuradhapura,2014,4,171.15
Anuradhapura,2014,5,149.73
Anuradhapura,2014,6,9.9
Anuradhapura,2014,7,12.399999999999999
Anuradhapura,2014,8,74.555
Anuradhapura,2014,9,154.35
Anuradhapura,2014,10,294.19000000000005
Anuradhapura,2014,11,360.45
Anuradhapura,2014,12,606.98
Anuradhapura,2015,1,12.09
Anuradhapura,2015,2,139.3
Anuradhapura,2015,3,70.99000000000001
Anuradhapura,2015,4,211.05
Anuradhapura,2015,5,189.875
Anuradhapura,2015,6,23.7
Anuradhapura,2015,7,6.664999999999999
Anuradhapura,2015,8,77.655
Anuradhapura,2015,9,172.05
Anuradhapura,2015,10,339.91499999999996
Anuradhapura,2015,11,471.75
Anuradhapura,2015,12,285.2
Anuradhapura,2016,1,77.5
Anuradhapura,2016,2,33.785
Anuradhapura,2016,3,39.06
Anuradhapura,2016,4,67.05
Anuradhapura,2016,5,423.305
Anuradhapura,2016,6,25.5
Anuradhapura,2016,7,24.18
Anuradhapura,2016,8,6.199999999999999
Anuradhapura,2016,9,1.5
Anuradhapura,2016,10,88.03999999999999
Anuradhapura,2016,11,245.39999999999998
Anuradhapura,2016,12,67.735
Anuradhapura,2017,1,84.475
Anuradhapura,2017,2,51.38
Anuradhapura,2017,3,177.63
Anuradhapura,2017,4,60.900000000000006
Anuradhapura,2017,5,137.175
Anuradhapura,2017,6,18.150000000000002
Anuradhapura,2017,7,15.965
Anuradhapura,2017,8,87.265
Anuradhapura,2017,9,70.35000000000001
Anuradhapura,2017,10,150.97
Anuradhapura,2017,11,223.2
Anuradhapura,2017,12,110.51500000000001
Anuradhapura,2018,1,28.055
Anuradhapura,2018,2,59.92
Anuradhapura,2018,3,67.735
Anuradhapura,2018,4,122.1
Anuradhapura,2018,5,315.42499999999995
Anuradhapura,2018,6,32.1
Anuradhapura,2018,7,12.09
Anuradhapura,2018,8,29.605
Anuradhapura,2018,9,59.24999999999999
Anuradhapura,2018,10,270.01
Anuradhapura,2018,11,242.55
Anuradhapura,2018,12,115.475
Anuradhapura,2019,1,10.850000000000001
Anuradhapura,2019,2,92.68
Anuradhapura,2019,3,7.904999999999999
Anuradhapura,2019,4,87.44999999999999
Anuradhapura,2019,5,7.44
Anuradhapura,2019,6,17.85
Anuradhapura,2019,7,14.105
Anuradhapura,2019,8,97.805
Anuradhapura,2019,9,138.14999999999998
Anuradhapura,2019,10,408.115
Anuradhapura,2019,11,250.2
Anuradhapura,2019,12,406.56500000000005
Anuradhapura,2020,1,31.93
Anuradhapura,2020,2,17.979999999999997
Anuradhapura,2020,3,16.74
Anuradhapura,2020,4,100.8
Anuradhapura,2020,5,183.82999999999998
Anuradhapura,2020,6,71.85
Anuradhapura,2020,7,103.385
Anuradhapura,2020,8,30.07
Anuradhapura,2020,9,181.8
Anuradhapura,2020,10,50.375
Anuradhapura,2020,11,324.45
Anuradhapura,2020,12,343.48
Anuradhapura,2021,1,242.57500000000002
Anuradhapura,2021,2,36.260000000000005
Anuradhapura,2021,3,49.599999999999994
Anuradhapura,2021,4,128.4
Anuradhapura,2021,5,154.69
Anuradhapura,2021,6,62.7
Anuradhapura,2021,7,123.07
Anuradhapura,2021,8,40.765
Anuradhapura,2021,9,109.94999999999999
Anuradhapura,2021,10,348.44
Anuradhapura,2021,11,503.99999999999994
Anuradhapura,2021,12,119.35
Anuradhapura,2022,1,105.86500000000001
Anuradhapura,2022,2,144.9
Anuradhapura,2022,3,50.065
Anuradhapura,2022,4,287.4
Anuradhapura,2022,5,68.2
Anuradhapura,2022,6,36.75
Anuradhapura,2022,7,111.91
Anuradhapura,2022,8,102.61
Anuradhapura,2022,9,56.10000000000001
Anuradhapura,2022,10,229.71
Anuradhapura,2022,11,235.95
Anuradhapura,2022,12,297.6
Anuradhapura,2023,1,118.575
Anuradhapura,2023,2,179.06
Anuradhapura,2023,3,92.535
Anuradhapura,2023,4,118.8
Anuradhapura,2023,5,155.46499999999997
Anuradhapura,2023,6,21.6
Anuradhapura,2023,7,10.85
Anuradhapura,2023,8,19.994999999999997
Anuradhapura,2023,9,100.94999999999999
Anuradhapura,2023,10,365.17999999999995
Anuradhapura,2023,11,533.55
Anuradhapura,2023,12,486.08000000000004
Anuradhapura,2024,1,208.32
Anuradhapura,2024,2,14.355
Anuradhapura,2024,3,22.785
Anuradhapura,2024,4,52.35
Anuradhapura,2024,5,217.465
Anuradhapura,2024,6,32.25
Anuradhapura,2024,7,13.95
Anuradhapura,2024,8,133.60999999999999
Anuradhapura,2024,9,25.8
Anuradhapura,2024,10,179.955
Anuradhapura,2024,11,426.75
Anuradhapura,2024,12,150.35000000000002
Anuradhapura,2025,1,245.98499999999999
Anuradhapura,2025,2,65.38
Anuradhapura,2025,3,112.065
Anuradhapura,2025,4,216.60000000000002
Anuradhapura,2025,5,140.275
Anuradhapura,2025,6,31.5
Anuradhapura,2025,7,10.85
Anuradhapura,2025,8,35.805
Anuradhapura,2025,9,80.7
Anuradhapura,2025,10,282.255
Anuradhapura,2025,11,649.6500000000001
Anuradhapura,2025,12,157.635
Badulla,1984,1,279.93
Badulla,1984,2,277.82
Badulla,1984,3,134.23
Badulla,1984,4,254.4
Badulla,1984,5,85.87
Badulla,1984,6,49.199999999999996
Badulla,1984,7,161.20000000000002
Badulla,1984,8,38.13
Badulla,1984,9,170.39999999999998
Badulla,1984,10,199.64000000000001
Badulla,1984,11,237.6
Badulla,1984,12,52.699999999999996
Badulla,1985,1,48.980000000000004
Badulla,1985,2,96.32
Badulla,1985,3,90.21000000000001
Badulla,1985,4,33.6
Badulla,1985,5,80.28999999999999
Badulla,1985,6,89.4
Badulla,1985,7,19.53
Badulla,1985,8,26.97
Badulla,1985,9,141.9
Badulla,1985,10,137.02
Badulla,1985,11,220.8
Badulla,1985,12,88.66
Badulla,1986,1,331.08
Badulla,1986,2,71.96
Badulla,1986,3,155.93
Badulla,1986,4,82.2
Badulla,1986,5,55.49
Badulla,1986,6,42.599999999999994
Badulla,1986,7,32.24
Badulla,1986,8,79.67
Badulla,1986,9,62.699999999999996
Badulla,1986,10,345.03000000000003
Badulla,1986,11,113.1
Badulla,1986,12,103.53999999999999
Badulla,1987,1,92.69000000000001
Badulla,1987,2,35.56
Badulla,1987,3,38.13
Badulla,1987,4,78.89999999999999
Badulla,1987,5,109.12
Badulla,1987,6,34.199999999999996
Badulla,1987,7,1.55
Badulla,1987,8,86.8
Badulla,1987,9,102.30000000000001
Badulla,1987,10,287.98999999999995
Badulla,1987,11,192.89999999999998
Badulla,1987,12,87.42
Badulla,1988,1,16.740000000000002
Badulla,1988,2,38.28
Badulla,1988,3,82.77
Badulla,1988,4,188.1
Badulla,1988,5,37.199999999999996
Badulla,1988,6,51.6
Badulla,1988,7,51.15
Badulla,1988,8,80.91
Badulla,1988,9,97.2
Badulla,1988,10,36.269999999999996
Badulla,1988,11,155.70000000000002
Badulla,1988,12,97.03
Badulla,1989,1,125.85999999999999
Badulla,1989,2,16.24
Badulla,1989,3,49.29
Badulla,1989,4,60.89999999999999
Badulla,1989,5,88.35000000000001
Badulla,1989,6,72.0
Badulla,1989,7,170.81
Badulla,1989,8,38.44
Badulla,1989,9,140.39999999999998
Badulla,1989,10,136.09
Badulla,1989,11,203.7
Badulla,1989,12,78.42999999999999
Badulla,1990,1,104.78
Badulla,1990,2,9.520000000000001
Badulla,1990,3,49.29
Badulla,1990,4,30.6
Badulla,1990,5,139.19
Badulla,1990,6,69.3
Badulla,1990,7,42.160000000000004
Badulla,1990,8,37.82
Badulla,1990,9,21.299999999999997
Badulla,1990,10,200.88000000000002
Badulla,1990,11,99.0
Badulla,1990,12,158.41
Badulla,1991,1,91.45
Badulla,1991,2,5.88
Badulla,1991,3,15.5
Badulla,1991,4,49.199999999999996
Badulla,1991,5,51.769999999999996
Badulla,1991,6,107.69999999999999
Badulla,1991,7,44.33
Badulla,1991,8,56.42
Badulla,1991,9,48.300000000000004
Badulla,1991,10,156.54999999999998
Badulla,1991,11,168.6
Badulla,1991,12,126.78999999999999
Badulla,1992,1,18.91
Badulla,1992,2,1.16
Badulla,1992,3,0.0
Badulla,1992,4,52.5
Badulla,1992,5,114.39
Badulla,1992,6,27.6
Badulla,1992,7,70.99
Badulla,1992,8,59.21
Badulla,1992,9,56.4
Badulla,1992,10,95.17
Badulla,1992,11,263.7
Badulla,1992,12,125.85999999999999
Badulla,1993,1,22.94
Badulla,1993,2,11.200000000000001
Badulla,1993,3,38.13
Badulla,1993,4,36.6
Badulla,1993,5,120.28
Badulla,1993,6,92.69999999999999
Badulla,1993,7,69.75
Badulla,1993,8,13.33
Badulla,1993,9,41.699999999999996
Badulla,1993,10,207.39000000000001
Badulla,1993,11,236.1
Badulla,1993,12,210.79999999999998
Badulla,1994,1,130.82
Badulla,1994,2,131.88
Badulla,1994,3,29.45
Badulla,1994,4,74.4
Badulla,1994,5,71.3
Badulla,1994,6,27.3
Badulla,1994,7,44.33
Badulla,1994,8,28.52
Badulla,1994,9,66.3
Badulla,1994,10,134.23
Badulla,1994,11,106.5
Badulla,1994,12,25.73
Badulla,1995,1,34.720000000000006
Badulla,1995,2,22.12
Badulla,1995,3,2.79
Badulla,1995,4,52.5
Badulla,1995,5,38.13
Badulla,1995,6,15.0
Badulla,1995,7,8.370000000000001
Badulla,1995,8,10.540000000000001
Badulla,1995,9,8.4
Badulla,1995,10,32.24
Badulla,1995,11,46.5
Badulla,1995,12,18.29
Badulla,1996,1,23.25
Badulla,1996,2,19.43
Badulla,1996,3,1.55
Badulla,1996,4,45.9
Badulla,1996,5,20.150000000000002
Badulla,1996,6,77.69999999999999
Badulla,1996,7,6.2
Badulla,1996,8,24.490000000000002
Badulla,1996,9,24.3
Badulla,1996,10,42.779999999999994
Badulla,1996,11,93.3
Badulla,1996,12,22.32
Badulla,1997,1,3.1
Badulla,1997,2,12.04
Badulla,1997,3,12.4
Badulla,1997,4,105.6
Badulla,1997,5,106.02
Badulla,1997,6,38.4
Badulla,1997,7,44.64
Badulla,1997,8,26.04
Badulla,1997,9,160.2
Badulla,1997,10,249.86
Badulla,1997,11,263.09999999999997
Badulla,1997,12,133.60999999999999
Badulla,1998,1,31.62
Badulla,1998,2,2.52
Badulla,1998,3,26.97
Badulla,1998,4,35.4
Badulla,1998,5,102.92
Badulla,1998,6,52.2
Badulla,1998,7,88.97
Badulla,1998,8,72.85000000000001
Badulla,1998,9,63.3
Badulla,1998,10,104.78
Badulla,1998,11,162.89999999999998
Badulla,1998,12,280.86
Badulla,1999,1,198.4
Badulla,1999,2,136.92
Badulla,1999,3,38.13
Badulla,1999,4,105.6
Badulla,1999,5,110.36
Badulla,1999,6,63.0
Badulla,1999,7,30.07
Badulla,1999,8,39.99
Badulla,1999,9,77.69999999999999
Badulla,1999,10,165.85
Badulla,1999,11,168.9
Badulla,1999,12,92.38
Badulla,2000,1,14.879999999999999
Badulla,2000,2,75.11
Badulla,2000,3,47.12
Badulla,2000,4,51.6
Badulla,2000,5,19.22
Badulla,2000,6,35.4
Badulla,2000,7,57.970000000000006
Badulla,2000,8,60.14
Badulla,2000,9,49.5
Badulla,2000,10,47.43
Badulla,2000,11,219.29999999999998
Badulla,2000,12,119.66
Badulla,2001,1,230.64000000000001
Badulla,2001,2,83.16000000000001
Badulla,2001,3,4.6499999999999995
Badulla,2001,4,121.79999999999998
Badulla,2001,5,46.81
Badulla,2001,6,41.4
Badulla,2001,7,64.17
Badulla,2001,8,10.85
Badulla,2001,9,96.3
Badulla,2001,10,64.17
Badulla,2001,11,191.1
Badulla,2001,12,137.64000000000001
Badulla,2002,1,54.87
Badulla,2002,2,81.75999999999999
Badulla,2002,3,44.33
Badulla,2002,4,136.5
Badulla,2002,5,106.02
Badulla,2002,6,41.1
Badulla,2002,7,22.32
Badulla,2002,8,54.25
Badulla,2002,9,18.9
Badulla,2002,10,178.86999999999998
Badulla,2002,11,193.20000000000002
Badulla,2002,12,245.82999999999998
Badulla,2003,1,112.22
Badulla,2003,2,66.64
Badulla,2003,3,97.03
Badulla,2003,4,147.3
Badulla,2003,5,88.66
Badulla,2003,6,36.3
Badulla,2003,7,32.24
Badulla,2003,8,31.0
Badulla,2003,9,33.300000000000004
Badulla,2003,10,97.34
Badulla,2003,11,295.5
Badulla,2003,12,34.410000000000004
Badulla,2004,1,57.04
Badulla,2004,2,64.67
Badulla,2004,3,36.89
Badulla,2004,4,96.9
Badulla,2004,5,107.57000000000001
Badulla,2004,6,41.699999999999996
Badulla,2004,7,22.009999999999998
Badulla,2004,8,22.009999999999998
Badulla,2004,9,168.6
Badulla,2004,10,217.61999999999998
Badulla,2004,11,241.8
Badulla,2004,12,333.87
Badulla,2005,1,92.69000000000001
Badulla,2005,2,19.88
Badulla,2005,3,74.71000000000001
Badulla,2005,4,118.2
Badulla,2005,5,85.25
Badulla,2005,6,39.6
Badulla,2005,7,54.56
Badulla,2005,8,18.599999999999998
Badulla,2005,9,56.4
Badulla,2005,10,145.39000000000001
Badulla,2005,11,358.5
Badulla,2005,12,139.81
Badulla,2006,1,251.71999999999997
Badulla,2006,2,69.72
Badulla,2006,3,106.33
Badulla,2006,4,63.9
Badulla,2006,5,86.49
Badulla,2006,6,33.6
Badulla,2006,7,36.269999999999996
Badulla,2006,8,66.64999999999999
Badulla,2006,9,116.7
Badulla,2006,10,308.14
Badulla,2006,11,321.6
Badulla,2006,12,228.78
Badulla,2007,1,181.04
Badulla,2007,2,48.72
Badulla,2007,3,36.58
Badulla,2007,4,216.0
Badulla,2007,5,28.830000000000002
Badulla,2007,6,71.7
Badulla,2007,7,39.99
Badulla,2007,8,75.95
Badulla,2007,9,90.3
Badulla,2007,10,209.86999999999998
Badulla,2007,11,135.0
Badulla,2007,12,232.5
Badulla,2008,1,145.07999999999998
Badulla,2008,2,123.53999999999999
Badulla,2008,3,308.76000000000005
Badulla,2008,4,221.4
Badulla,2008,5,40.92
Badulla,2008,6,66.9
Badulla,2008,7,60.14
Badulla,2008,8,51.46
Badulla,2008,9,39.6
Badulla,2008,10,155.0
Badulla,2008,11,186.0
Badulla,2008,12,124.0
Badulla,2009,1,64.17
Badulla,2009,2,3.9200000000000004
Badulla,2009,3,151.59
Badulla,2009,4,197.10000000000002
Badulla,2009,5,79.05
Badulla,2009,6,49.5
Badulla,2009,7,21.080000000000002
Badulla,2009,8,84.01
Badulla,2009,9,54.300000000000004
Badulla,2009,10,161.20000000000002
Badulla,2009,11,412.8
Badulla,2009,12,289.23
Badulla,2010,1,132.06
Badulla,2010,2,51.24
Badulla,2010,3,98.27
Badulla,2010,4,252.6
Badulla,2010,5,199.02
Badulla,2010,6,105.0
Badulla,2010,7,70.05999999999999
Badulla,2010,8,90.83
Badulla,2010,9,135.9
Badulla,2010,10,154.38000000000002
Badulla,2010,11,511.2
Badulla,2010,12,505.92
Badulla,2011,1,639.84
Badulla,2011,2,439.03999999999996
Badulla,2011,3,194.36999999999998
Badulla,2011,4,246.9
Badulla,2011,5,103.23
Badulla,2011,6,30.6
Badulla,2011,7,37.199999999999996
Badulla,2011,8,70.67999999999999
Badulla,2011,9,78.3
Badulla,2011,10,270.32
Badulla,2011,11,312.9
Badulla,2011,12,218.85999999999999
Badulla,2012,1,57.970000000000006
Badulla,2012,2,169.94
Badulla,2012,3,83.08
Badulla,2012,4,255.29999999999998
Badulla,2012,5,31.31
Badulla,2012,6,43.199999999999996
Badulla,2012,7,37.51
Badulla,2012,8,69.44000000000001
Badulla,2012,9,120.3
Badulla,2012,10,307.83
Badulla,2012,11,274.20000000000005
Badulla,2012,12,473.37
Badulla,2013,1,337.28000000000003
Badulla,2013,2,197.96
Badulla,2013,3,159.65
Badulla,2013,4,187.20000000000002
Badulla,2013,5,138.88000000000002
Badulla,2013,6,78.89999999999999
Badulla,2013,7,68.82000000000001
Badulla,2013,8,39.37
Badulla,2013,9,90.3
Badulla,2013,10,141.98
Badulla,2013,11,169.2
Badulla,2013,12,165.85
Badulla,2014,1,124.0
Badulla,2014,2,37.52
Badulla,2014,3,54.56
Badulla,2014,4,129.29999999999998
Badulla,2014,5,146.94
Badulla,2014,6,39.0
Badulla,2014,7,13.950000000000001
Badulla,2014,8,83.39
Badulla,2014,9,102.30000000000001
Badulla,2014,10,408.27
Badulla,2014,11,322.5
Badulla,2014,12,649.76
Badulla,2015,1,31.93
Badulla,2015,2,191.79999999999998
Badulla,2015,3,113.77
Badulla,2015,4,233.4
Badulla,2015,5,147.56
Badulla,2015,6,151.5
Badulla,2015,7,71.3
Badulla,2015,8,97.34
Badulla,2015,9,282.3
Badulla,2015,10,449.5
Badulla,2015,11,462.0
Badulla,2015,12,299.77
Badulla,2016,1,80.28999999999999
Badulla,2016,2,91.64
Badulla,2016,3,70.37
Badulla,2016,4,76.5
Badulla,2016,5,341.31
Badulla,2016,6,45.3
Badulla,2016,7,53.01
Badulla,2016,8,16.12
Badulla,2016,9,18.0
Badulla,2016,10,137.95000000000002
Badulla,2016,11,207.89999999999998
Badulla,2016,12,107.57000000000001
Badulla,2017,1,81.53
Badulla,2017,2,115.08000000000001
Badulla,2017,3,218.85999999999999
Badulla,2017,4,56.699999999999996
Badulla,2017,5,171.74
Badulla,2017,6,63.3
Badulla,2017,7,39.99
Badulla,2017,8,115.63
Badulla,2017,9,124.50000000000001
Badulla,2017,10,337.28000000000003
Badulla,2017,11,328.5
Badulla,2017,12,214.82999999999998
Badulla,2018,1,66.03
Badulla,2018,2,94.92
Badulla,2018,3,142.29
Badulla,2018,4,168.0
Badulla,2018,5,384.71
Badulla,2018,6,96.9
Badulla,2018,7,53.63
Badulla,2018,8,55.18
Badulla,2018,9,107.1
Badulla,2018,10,183.21
Badulla,2018,11,224.1
Badulla,2018,12,123.07000000000001
Badulla,2019,1,53.01
Badulla,2019,2,132.72
Badulla,2019,3,19.84
Badulla,2019,4,63.3
Badulla,2019,5,44.019999999999996
Badulla,2019,6,57.9
Badulla,2019,7,70.05999999999999
Badulla,2019,8,143.53
Badulla,2019,9,318.90000000000003
Badulla,2019,10,413.23
Badulla,2019,11,323.09999999999997
Badulla,2019,12,359.29
Badulla,2020,1,86.8
Badulla,2020,2,38.28
Badulla,2020,3,19.22
Badulla,2020,4,105.3
Badulla,2020,5,184.14000000000001
Badulla,2020,6,112.5
Badulla,2020,7,121.83
Badulla,2020,8,92.69000000000001
Badulla,2020,9,191.1
Badulla,2020,10,87.42
Badulla,2020,11,309.3
Badulla,2020,12,349.06
Badulla,2021,1,265.36
Badulla,2021,2,91.83999999999999
Badulla,2021,3,162.13000000000002
Badulla,2021,4,126.3
Badulla,2021,5,249.86
Badulla,2021,6,154.5
Badulla,2021,7,132.36999999999998
Badulla,2021,8,167.71
Badulla,2021,9,236.1
Badulla,2021,10,296.36
Badulla,2021,11,560.1
Badulla,2021,12,175.46
Badulla,2022,1,161.20000000000002
Badulla,2022,2,176.96
Badulla,2022,3,94.86
Badulla,2022,4,410.1
Badulla,2022,5,212.35
Badulla,2022,6,87.9
Badulla,2022,7,138.88000000000002
Badulla,2022,8,240.25
Badulla,2022,9,75.6
Badulla,2022,10,321.78000000000003
Badulla,2022,11,354.3
Badulla,2022,12,355.88
Badulla,2023,1,125.55
Badulla,2023,2,177.24
Badulla,2023,3,103.85000000000001
Badulla,2023,4,144.9
Badulla,2023,5,243.04
Badulla,2023,6,119.10000000000001
Badulla,2023,7,72.53999999999999
Badulla,2023,8,90.83
Badulla,2023,9,423.29999999999995
Badulla,2023,10,738.42
Badulla,2023,11,395.4
Badulla,2023,12,555.21
Badulla,2024,1,348.75
Badulla,2024,2,31.900000000000002
Badulla,2024,3,33.79
Badulla,2024,4,86.10000000000001
Badulla,2024,5,186.31
Badulla,2024,6,74.7
Badulla,2024,7,57.660000000000004
Badulla,2024,8,125.24
Badulla,2024,9,77.4
Badulla,2024,10,218.54999999999998
Badulla,2024,11,390.0
Badulla,2024,12,227.23
Badulla,2025,1,296.05
Badulla,2025,2,118.72
Badulla,2025,3,193.44
Badulla,2025,4,319.20000000000005
Badulla,2025,5,197.47
Badulla,2025,6,64.2
Badulla,2025,7,35.339999999999996
Badulla,2025,8,67.89
Badulla,2025,9,135.0
Badulla,2025,10,378.51000000000005
Badulla,2025,11,615.3000000000001
Badulla,2025,12,203.04999999999998
Batticaloa,1984,1,365.48999999999995
Batticaloa,1984,2,326.25
Batticaloa,1984,3,135.16
Batticaloa,1984,4,250.5
Batticaloa,1984,5,39.06
Batticaloa,1984,6,18.0
Batticaloa,1984,7,211.42000000000002
Batticaloa,1984,8,54.56
Batticaloa,1984,9,301.8
Batticaloa,1984,10,113.46000000000001
Batticaloa,1984,11,303.90000000000003
Batticaloa,1984,12,95.17
Batticaloa,1985,1,117.49
Batticaloa,1985,2,98.56
Batticaloa,1985,3,88.97
Batticaloa,1985,4,39.300000000000004
Batticaloa,1985,5,43.4
Batticaloa,1985,6,53.7
Batticaloa,1985,7,37.82
Batticaloa,1985,8,67.58
Batticaloa,1985,9,105.3
Batticaloa,1985,10,145.39000000000001
Batticaloa,1985,11,221.1
Batticaloa,1985,12,120.28
Batticaloa,1986,1,286.13
Batticaloa,1986,2,71.96
Batticaloa,1986,3,170.19
Batticaloa,1986,4,81.60000000000001
Batticaloa,1986,5,52.08
Batticaloa,1986,6,22.8
Batticaloa,1986,7,35.029999999999994
Batticaloa,1986,8,72.85000000000001
Batticaloa,1986,9,56.4
Batticaloa,1986,10,212.04
Batticaloa,1986,11,114.3
Batticaloa,1986,12,137.32999999999998
Batticaloa,1987,1,133.29999999999998
Batticaloa,1987,2,83.16000000000001
Batticaloa,1987,3,53.32
Batticaloa,1987,4,84.3
Batticaloa,1987,5,41.85
Batticaloa,1987,6,29.4
Batticaloa,1987,7,2.48
Batticaloa,1987,8,40.61
Batticaloa,1987,9,94.5
Batticaloa,1987,10,235.91
Batticaloa,1987,11,205.8
Batticaloa,1987,12,104.47
Batticaloa,1988,1,19.84
Batticaloa,1988,2,66.99
Batticaloa,1988,3,119.03999999999999
Batticaloa,1988,4,180.9
Batticaloa,1988,5,17.360000000000003
Batticaloa,1988,6,30.900000000000002
Batticaloa,1988,7,41.54
Batticaloa,1988,8,91.14
Batticaloa,1988,9,69.3
Batticaloa,1988,10,70.05999999999999
Batticaloa,1988,11,169.5
Batticaloa,1988,12,78.12
Batticaloa,1989,1,107.57000000000001
Batticaloa,1989,2,12.04
Batticaloa,1989,3,31.62
Batticaloa,1989,4,37.5
Batticaloa,1989,5,53.94
Batticaloa,1989,6,71.39999999999999
Batticaloa,1989,7,202.11999999999998
Batticaloa,1989,8,18.599999999999998
Batticaloa,1989,9,153.0
Batticaloa,1989,10,130.51
Batticaloa,1989,11,247.5
Batticaloa,1989,12,94.24
Batticaloa,1990,1,147.86999999999998
Batticaloa,1990,2,5.32
Batticaloa,1990,3,67.89
Batticaloa,1990,4,33.9
Batticaloa,1990,5,152.52
Batticaloa,1990,6,30.3
Batticaloa,1990,7,12.09
Batticaloa,1990,8,126.17000000000002
Batticaloa,1990,9,45.6
Batticaloa,1990,10,166.16
Batticaloa,1990,11,69.0
Batticaloa,1990,12,106.64
Batticaloa,1991,1,45.26
Batticaloa,1991,2,4.2
Batticaloa,1991,3,26.04
Batticaloa,1991,4,39.6
Batticaloa,1991,5,51.769999999999996
Batticaloa,1991,6,74.10000000000001
Batticaloa,1991,7,29.45
Batticaloa,1991,8,24.490000000000002
Batticaloa,1991,9,53.1
Batticaloa,1991,10,245.21
Batticaloa,1991,11,217.20000000000002
Batticaloa,1991,12,108.19000000000001
Batticaloa,1992,1,20.46
Batticaloa,1992,2,0.29
Batticaloa,1992,3,0.0
Batticaloa,1992,4,53.4
Batticaloa,1992,5,97.03
Batticaloa,1992,6,52.8
Batticaloa,1992,7,64.48
Batticaloa,1992,8,56.730000000000004
Batticaloa,1992,9,119.7
Batticaloa,1992,10,98.58
Batticaloa,1992,11,321.6
Batticaloa,1992,12,223.51
Batticaloa,1993,1,8.06
Batticaloa,1993,2,11.479999999999999
Batticaloa,1993,3,24.18
Batticaloa,1993,4,51.0
Batticaloa,1993,5,75.64
Batticaloa,1993,6,91.8
Batticaloa,1993,7,48.050000000000004
Batticaloa,1993,8,37.199999999999996
Batticaloa,1993,9,32.400000000000006
Batticaloa,1993,10,255.75
Batticaloa,1993,11,323.4
Batticaloa,1993,12,333.87
Batticaloa,1994,1,155.0
Batticaloa,1994,2,175.28
Batticaloa,1994,3,29.139999999999997
Batticaloa,1994,4,62.400000000000006
Batticaloa,1994,5,108.19000000000001
Batticaloa,1994,6,11.700000000000001
Batticaloa,1994,7,28.52
Batticaloa,1994,8,17.98
Batticaloa,1994,9,65.4
Batticaloa,1994,10,186.61999999999998
Batticaloa,1994,11,120.6
Batticaloa,1994,12,44.949999999999996
Batticaloa,1995,1,43.4
Batticaloa,1995,2,11.479999999999999
Batticaloa,1995,3,1.8599999999999999
Batticaloa,1995,4,26.7
Batticaloa,1995,5,22.63
Batticaloa,1995,6,6.9
Batticaloa,1995,7,4.96
Batticaloa,1995,8,10.85
Batticaloa,1995,9,5.1000000000000005
Batticaloa,1995,10,57.970000000000006
Batticaloa,1995,11,72.6
Batticaloa,1995,12,26.66
Batticaloa,1996,1,16.43
Batticaloa,1996,2,22.330000000000002
Batticaloa,1996,3,0.9299999999999999
Batticaloa,1996,4,30.6
Batticaloa,1996,5,19.84
Batticaloa,1996,6,74.10000000000001
Batticaloa,1996,7,6.82
Batticaloa,1996,8,21.7
Batticaloa,1996,9,36.0
Batticaloa,1996,10,47.74
Batticaloa,1996,11,61.49999999999999
Batticaloa,1996,12,31.62
Batticaloa,1997,1,5.2700000000000005
Batticaloa,1997,2,3.64
Batticaloa,1997,3,10.23
Batticaloa,1997,4,49.199999999999996
Batticaloa,1997,5,95.78999999999999
Batticaloa,1997,6,30.6
Batticaloa,1997,7,67.58
Batticaloa,1997,8,31.62
Batticaloa,1997,9,115.5
Batticaloa,1997,10,182.59
Batticaloa,1997,11,187.5
Batticaloa,1997,12,173.6
Batticaloa,1998,1,45.57
Batticaloa,1998,2,5.88
Batticaloa,1998,3,20.150000000000002
Batticaloa,1998,4,33.0
Batticaloa,1998,5,130.20000000000002
Batticaloa,1998,6,30.0
Batticaloa,1998,7,66.64999999999999
Batticaloa,1998,8,58.279999999999994
Batticaloa,1998,9,47.7
Batticaloa,1998,10,128.96
Batticaloa,1998,11,206.7
Batticaloa,1998,12,284.27
Batticaloa,1999,1,287.06
Batticaloa,1999,2,144.48000000000002
Batticaloa,1999,3,15.81
Batticaloa,1999,4,119.7
Batticaloa,1999,5,55.49
Batticaloa,1999,6,35.699999999999996
Batticaloa,1999,7,35.65
Batticaloa,1999,8,35.96
Batticaloa,1999,9,111.60000000000001
Batticaloa,1999,10,132.99
Batticaloa,1999,11,258.90000000000003
Batticaloa,1999,12,98.89
Batticaloa,2000,1,39.06
Batticaloa,2000,2,93.67
Batticaloa,2000,3,18.29
Batticaloa,2000,4,63.3
Batticaloa,2000,5,43.4
Batticaloa,2000,6,36.9
Batticaloa,2000,7,114.7
Batticaloa,2000,8,42.779999999999994
Batticaloa,2000,9,90.3
Batticaloa,2000,10,62.0
Batticaloa,2000,11,338.09999999999997
Batticaloa,2000,12,150.35
Batticaloa,2001,1,160.57999999999998
Batticaloa,2001,2,79.24000000000001
Batticaloa,2001,3,0.31
Batticaloa,2001,4,123.89999999999999
Batticaloa,2001,5,29.139999999999997
Batticaloa,2001,6,114.9
Batticaloa,2001,7,120.28
Batticaloa,2001,8,12.709999999999999
Batticaloa,2001,9,66.9
Batticaloa,2001,10,116.25
Batticaloa,2001,11,200.39999999999998
Batticaloa,2001,12,236.84
Batticaloa,2002,1,92.38
Batticaloa,2002,2,112.0
Batticaloa,2002,3,31.31
Batticaloa,2002,4,84.3
Batticaloa,2002,5,74.09
Batticaloa,2002,6,49.199999999999996
Batticaloa,2002,7,8.99
Batticaloa,2002,8,46.19
Batticaloa,2002,9,27.900000000000002
Batticaloa,2002,10,195.60999999999999
Batticaloa,2002,11,220.2
Batticaloa,2002,12,389.05
Batticaloa,2003,1,159.65
Batticaloa,2003,2,89.60000000000001
Batticaloa,2003,3,81.53
Batticaloa,2003,4,43.199999999999996
Batticaloa,2003,5,84.63
Batticaloa,2003,6,19.8
Batticaloa,2003,7,28.21
Batticaloa,2003,8,21.080000000000002
Batticaloa,2003,9,55.5
Batticaloa,2003,10,78.42999999999999
Batticaloa,2003,11,416.40000000000003
Batticaloa,2003,12,58.589999999999996
Batticaloa,2004,1,75.64
Batticaloa,2004,2,64.96000000000001
Batticaloa,2004,3,55.49
Batticaloa,2004,4,62.099999999999994
Batticaloa,2004,5,114.7
Batticaloa,2004,6,29.099999999999998
Batticaloa,2004,7,42.160000000000004
Batticaloa,2004,8,25.110000000000003
Batticaloa,2004,9,184.2
Batticaloa,2004,10,279.0
Batticaloa,2004,11,276.3
Batticaloa,2004,12,480.19
Batticaloa,2005,1,173.91
Batticaloa,2005,2,19.599999999999998
Batticaloa,2005,3,51.46
Batticaloa,2005,4,138.0
Batticaloa,2005,5,44.64
Batticaloa,2005,6,17.7
Batticaloa,2005,7,32.24
Batticaloa,2005,8,28.21
Batticaloa,2005,9,51.9
Batticaloa,2005,10,165.54
Batticaloa,2005,11,370.5
Batticaloa,2005,12,124.30999999999999
Batticaloa,2006,1,203.35999999999999
Batticaloa,2006,2,70.83999999999999
Batticaloa,2006,3,79.98
Batticaloa,2006,4,44.4
Batticaloa,2006,5,63.24
Batticaloa,2006,6,15.9
Batticaloa,2006,7,30.38
Batticaloa,2006,8,65.41
Batticaloa,2006,9,52.2
Batticaloa,2006,10,265.05
Batticaloa,2006,11,309.0
Batticaloa,2006,12,221.96
Batticaloa,2007,1,117.49
Batticaloa,2007,2,89.04
Batticaloa,2007,3,15.19
Batticaloa,2007,4,211.2
Batticaloa,2007,5,19.22
Batticaloa,2007,6,54.0
Batticaloa,2007,7,65.72
Batticaloa,2007,8,41.85
Batticaloa,2007,9,60.3
Batticaloa,2007,10,202.11999999999998
Batticaloa,2007,11,142.20000000000002
Batticaloa,2007,12,298.21999999999997
Batticaloa,2008,1,131.75
Batticaloa,2008,2,127.30999999999999
Batticaloa,2008,3,319.3
Batticaloa,2008,4,119.10000000000001
Batticaloa,2008,5,3.7199999999999998
Batticaloa,2008,6,67.8
Batticaloa,2008,7,31.62
Batticaloa,2008,8,35.96
Batticaloa,2008,9,19.2
Batticaloa,2008,10,138.57
Batticaloa,2008,11,255.29999999999998
Batticaloa,2008,12,177.32
Batticaloa,2009,1,112.22
Batticaloa,2009,2,0.28
Batticaloa,2009,3,163.36999999999998
Batticaloa,2009,4,218.4
Batticaloa,2009,5,22.63
Batticaloa,2009,6,9.3
Batticaloa,2009,7,12.09
Batticaloa,2009,8,67.89
Batticaloa,2009,9,28.5
Batticaloa,2009,10,129.89000000000001
Batticaloa,2009,11,446.40000000000003
Batticaloa,2009,12,318.68
Batticaloa,2010,1,87.42
Batticaloa,2010,2,46.76
Batticaloa,2010,3,41.230000000000004
Batticaloa,2010,4,152.4
Batticaloa,2010,5,98.89
Batticaloa,2010,6,49.199999999999996
Batticaloa,2010,7,73.78
Batticaloa,2010,8,132.36999999999998
Batticaloa,2010,9,184.2
Batticaloa,2010,10,149.73
Batticaloa,2010,11,461.70000000000005
Batticaloa,2010,12,591.17
Batticaloa,2011,1,757.33
Batticaloa,2011,2,481.88
Batticaloa,2011,3,113.77
Batticaloa,2011,4,257.7
Batticaloa,2011,5,53.94
Batticaloa,2011,6,12.9
Batticaloa,2011,7,30.38
Batticaloa,2011,8,74.39999999999999
Batticaloa,2011,9,71.7
Batticaloa,2011,10,416.95
Batticaloa,2011,11,368.4
Batticaloa,2011,12,295.43
Batticaloa,2012,1,48.980000000000004
Batticaloa,2012,2,143.55
Batticaloa,2012,3,56.11
Batticaloa,2012,4,151.5
Batticaloa,2012,5,3.1
Batticaloa,2012,6,18.0
Batticaloa,2012,7,45.88
Batticaloa,2012,8,22.009999999999998
Batticaloa,2012,9,84.9
Batticaloa,2012,10,472.13
Batticaloa,2012,11,276.0
Batticaloa,2012,12,638.29
Batticaloa,2013,1,343.79
Batticaloa,2013,2,268.52
Batticaloa,2013,3,189.41
Batticaloa,2013,4,83.7
Batticaloa,2013,5,111.60000000000001
Batticaloa,2013,6,42.9
Batticaloa,2013,7,56.11
Batticaloa,2013,8,71.3
Batticaloa,2013,9,59.7
Batticaloa,2013,10,75.64
Batticaloa,2013,11,189.9
Batticaloa,2013,12,186.0
Batticaloa,2014,1,175.77
Batticaloa,2014,2,54.04
Batticaloa,2014,3,15.5
Batticaloa,2014,4,85.8
Batticaloa,2014,5,145.70000000000002
Batticaloa,2014,6,7.800000000000001
Batticaloa,2014,7,12.4
Batticaloa,2014,8,87.42
Batticaloa,2014,9,105.0
Batticaloa,2014,10,258.84999999999997
Batticaloa,2014,11,428.7
Batticaloa,2014,12,827.6999999999999
Batticaloa,2015,1,19.84
Batticaloa,2015,2,196.0
Batticaloa,2015,3,88.66
Batticaloa,2015,4,203.7
Batticaloa,2015,5,238.39000000000001
Batticaloa,2015,6,34.199999999999996
Batticaloa,2015,7,9.299999999999999
Batticaloa,2015,8,62.62
Batticaloa,2015,9,174.9
Batticaloa,2015,10,406.40999999999997
Batticaloa,2015,11,548.1
Batticaloa,2015,12,336.34999999999997
Batticaloa,2016,1,127.1
Batticaloa,2016,2,40.019999999999996
Batticaloa,2016,3,58.9
Batticaloa,2016,4,74.10000000000001
Batticaloa,2016,5,401.14
Batticaloa,2016,6,16.8
Batticaloa,2016,7,25.419999999999998
Batticaloa,2016,8,5.2700000000000005
Batticaloa,2016,9,1.5
Batticaloa,2016,10,104.16
Batticaloa,2016,11,315.0
Batticaloa,2016,12,83.08
Batticaloa,2017,1,96.72
Batticaloa,2017,2,92.12
Batticaloa,2017,3,227.23
Batticaloa,2017,4,55.800000000000004
Batticaloa,2017,5,113.77
Batticaloa,2017,6,13.8
Batticaloa,2017,7,14.26
Batticaloa,2017,8,85.55999999999999
Batticaloa,2017,9,84.0
Batticaloa,2017,10,250.79
Batticaloa,2017,11,360.0
Batticaloa,2017,12,147.86999999999998
Batticaloa,2018,1,51.46
Batticaloa,2018,2,131.32000000000002
Batticaloa,2018,3,96.72
Batticaloa,2018,4,133.8
Batticaloa,2018,5,297.29
Batticaloa,2018,6,29.099999999999998
Batticaloa,2018,7,11.16
Batticaloa,2018,8,18.599999999999998
Batticaloa,2018,9,52.2
Batticaloa,2018,10,300.08
Batticaloa,2018,11,306.6
Batticaloa,2018,12,119.66
Batticaloa,2019,1,38.44
Batticaloa,2019,2,125.16
Batticaloa,2019,3,10.85
Batticaloa,2019,4,79.5
Batticaloa,2019,5,9.61
Batticaloa,2019,6,12.6
Batticaloa,2019,7,15.81
Batticaloa,2019,8,72.53999999999999
Batticaloa,2019,9,126.0
Batticaloa,2019,10,394.32
Batticaloa,2019,11,347.1
Batticaloa,2019,12,611.3199999999999
Batticaloa,2020,1,59.83
Batticaloa,2020,2,29.87
Batticaloa,2020,3,19.22
Batticaloa,2020,4,86.10000000000001
Batticaloa,2020,5,185.38000000000002
Batticaloa,2020,6,94.5
Batticaloa,2020,7,80.60000000000001
Batticaloa,2020,8,24.490000000000002
Batticaloa,2020,9,113.1
Batticaloa,2020,10,39.06
Batticaloa,2020,11,385.5
Batticaloa,2020,12,483.90999999999997
Batticaloa,2021,1,381.92
Batticaloa,2021,2,54.32
Batticaloa,2021,3,63.55
Batticaloa,2021,4,129.60000000000002
Batticaloa,2021,5,127.1
Batticaloa,2021,6,59.1
Batticaloa,2021,7,89.28
Batticaloa,2021,8,40.61
Batticaloa,2021,9,94.5
Batticaloa,2021,10,422.84000000000003
Batticaloa,2021,11,509.69999999999993
Batticaloa,2021,12,179.79999999999998
Batticaloa,2022,1,200.26
Batticaloa,2022,2,198.24
Batticaloa,2022,3,52.39
Batticaloa,2022,4,263.4
Batticaloa,2022,5,61.07
Batticaloa,2022,6,29.7
Batticaloa,2022,7,93.0
Batticaloa,2022,8,117.49
Batticaloa,2022,9,60.0
Batticaloa,2022,10,367.65999999999997
Batticaloa,2022,11,265.2
Batticaloa,2022,12,334.8
Batticaloa,2023,1,174.22
Batticaloa,2023,2,353.92
Batticaloa,2023,3,101.37
Batticaloa,2023,4,129.29999999999998
Batticaloa,2023,5,122.76
Batticaloa,2023,6,19.8
Batticaloa,2023,7,10.23
Batticaloa,2023,8,24.8
Batticaloa,2023,9,122.99999999999999
Batticaloa,2023,10,532.89
Batticaloa,2023,11,723.6
Batticaloa,2023,12,734.6999999999999
Batticaloa,2024,1,360.84000000000003
Batticaloa,2024,2,23.490000000000002
Batticaloa,2024,3,42.779999999999994
Batticaloa,2024,4,51.0
Batticaloa,2024,5,225.99
Batticaloa,2024,6,31.200000000000003
Batticaloa,2024,7,13.02
Batticaloa,2024,8,136.4
Batticaloa,2024,9,27.6
Batticaloa,2024,10,198.71
Batticaloa,2024,11,599.0999999999999
Batticaloa,2024,12,195.60999999999999
Batticaloa,2025,1,378.2
Batticaloa,2025,2,90.16000000000001
Batticaloa,2025,3,148.79999999999998
Batticaloa,2025,4,234.29999999999998
Batticaloa,2025,5,109.42999999999999
Batticaloa,2025,6,19.8
Batticaloa,2025,7,9.92
Batticaloa,2025,8,33.79
Batticaloa,2025,9,65.1
Batticaloa,2025,10,274.34999999999997
Batticaloa,2025,11,848.4000000000001
Batticaloa,2025,12,248.61999999999998
Colombo,1984,1,218.24
Colombo,1984,2,243.02
Colombo,1984,3,166.78
Colombo,1984,4,337.2
Colombo,1984,5,190.34
Colombo,1984,6,144.60000000000002
Colombo,1984,7,166.47
Colombo,1984,8,53.32
Colombo,1984,9,239.70000000000002
Colombo,1984,10,167.4
Colombo,1984,11,301.5
Colombo,1984,12,38.44
Colombo,1985,1,42.160000000000004
Colombo,1985,2,113.39999999999999
Colombo,1985,3,81.53
Colombo,1985,4,111.60000000000001
Colombo,1985,5,168.02
Colombo,1985,6,188.7
Colombo,1985,7,54.87
Colombo,1985,8,81.22
Colombo,1985,9,138.9
Colombo,1985,10,235.6
Colombo,1985,11,234.60000000000002
Colombo,1985,12,113.46000000000001
Colombo,1986,1,184.45000000000002
Colombo,1986,2,82.60000000000001
Colombo,1986,3,195.29999999999998
Colombo,1986,4,158.1
Colombo,1986,5,158.1
Colombo,1986,6,79.5
Colombo,1986,7,48.67
Colombo,1986,8,116.25
Colombo,1986,9,121.5
Colombo,1986,10,199.64000000000001
Colombo,1986,11,95.4
Colombo,1986,12,118.73
Colombo,1987,1,51.46
Colombo,1987,2,4.48
Colombo,1987,3,40.61
Colombo,1987,4,142.5
Colombo,1987,5,147.86999999999998
Colombo,1987,6,123.60000000000001
Colombo,1987,7,6.82
Colombo,1987,8,225.68
Colombo,1987,9,129.60000000000002
Colombo,1987,10,346.27
Colombo,1987,11,230.1
Colombo,1987,12,108.19000000000001
Colombo,1988,1,18.599999999999998
Colombo,1988,2,38.28
Colombo,1988,3,136.4
Colombo,1988,4,249.60000000000002
Colombo,1988,5,95.78999999999999
Colombo,1988,6,131.1
Colombo,1988,7,106.64
Colombo,1988,8,105.71000000000001
Colombo,1988,9,211.79999999999998
Colombo,1988,10,45.57
Colombo,1988,11,198.3
Colombo,1988,12,71.92
Colombo,1989,1,74.71000000000001
Colombo,1989,2,9.24
Colombo,1989,3,56.11
Colombo,1989,4,165.29999999999998
Colombo,1989,5,211.10999999999999
Colombo,1989,6,172.5
Colombo,1989,7,193.44
Colombo,1989,8,73.47
Colombo,1989,9,205.2
Colombo,1989,10,208.94
Colombo,1989,11,229.2
Colombo,1989,12,74.39999999999999
Colombo,1990,1,101.67999999999999
Colombo,1990,2,28.28
Colombo,1990,3,68.82000000000001
Colombo,1990,4,116.39999999999999
Colombo,1990,5,214.52
Colombo,1990,6,110.4
Colombo,1990,7,103.53999999999999
Colombo,1990,8,47.12
Colombo,1990,9,40.2
Colombo,1990,10,223.20000000000002
Colombo,1990,11,156.9
Colombo,1990,12,138.88000000000002
Colombo,1991,1,77.5
Colombo,1991,2,7.28
Colombo,1991,3,31.31
Colombo,1991,4,101.7
Colombo,1991,5,97.34
Colombo,1991,6,210.0
Colombo,1991,7,102.92
Colombo,1991,8,104.16
Colombo,1991,9,62.400000000000006
Colombo,1991,10,279.31
Colombo,1991,11,173.1
Colombo,1991,12,101.99
Colombo,1992,1,17.05
Colombo,1992,2,8.120000000000001
Colombo,1992,3,5.2700000000000005
Colombo,1992,4,87.9
Colombo,1992,5,240.56
Colombo,1992,6,108.0
Colombo,1992,7,130.82
Colombo,1992,8,96.41
Colombo,1992,9,150.6
Colombo,1992,10,160.89000000000001
Colombo,1992,11,255.29999999999998
Colombo,1992,12,102.61
Colombo,1993,1,24.8
Colombo,1993,2,14.56
Colombo,1993,3,59.21
Colombo,1993,4,118.2
Colombo,1993,5,248.92999999999998
Colombo,1993,6,176.7
Colombo,1993,7,108.5
Colombo,1993,8,39.06
Colombo,1993,9,153.9
Colombo,1993,10,249.55
Colombo,1993,11,252.3
Colombo,1993,12,179.79999999999998
Colombo,1994,1,77.5
Colombo,1994,2,91.0
Colombo,1994,3,77.19000000000001
Colombo,1994,4,115.5
Colombo,1994,5,177.63000000000002
Colombo,1994,6,82.5
Colombo,1994,7,83.39
Colombo,1994,8,61.38
Colombo,1994,9,103.2
Colombo,1994,10,237.46
Colombo,1994,11,150.6
Colombo,1994,12,36.269999999999996
Colombo,1995,1,37.82
Colombo,1995,2,28.84
Colombo,1995,3,14.26
Colombo,1995,4,131.7
Colombo,1995,5,138.26
Colombo,1995,6,106.2
Colombo,1995,7,42.470000000000006
Colombo,1995,8,38.44
Colombo,1995,9,34.5
Colombo,1995,10,99.82000000000001
Colombo,1995,11,107.1
Colombo,1995,12,16.12
Colombo,1996,1,49.29
Colombo,1996,2,30.16
Colombo,1996,3,26.66
Colombo,1996,4,102.9
Colombo,1996,5,26.66
Colombo,1996,6,147.89999999999998
Colombo,1996,7,44.64
Colombo,1996,8,39.37
Colombo,1996,9,87.30000000000001
Colombo,1996,10,121.52
Colombo,1996,11,116.10000000000001
Colombo,1996,12,43.71
Colombo,1997,1,1.55
Colombo,1997,2,25.76
Colombo,1997,3,17.98
Colombo,1997,4,129.9
Colombo,1997,5,153.14000000000001
Colombo,1997,6,77.4
Colombo,1997,7,98.58
Colombo,1997,8,45.57
Colombo,1997,9,217.20000000000002
Colombo,1997,10,346.58
Colombo,1997,11,294.9
Colombo,1997,12,144.77
Colombo,1998,1,25.419999999999998
Colombo,1998,2,3.08
Colombo,1998,3,26.97
Colombo,1998,4,86.7
Colombo,1998,5,215.76
Colombo,1998,6,160.8
Colombo,1998,7,175.15
Colombo,1998,8,127.1
Colombo,1998,9,132.6
Colombo,1998,10,203.04999999999998
Colombo,1998,11,196.79999999999998
Colombo,1998,12,294.19
Colombo,1999,1,123.07000000000001
Colombo,1999,2,104.44
Colombo,1999,3,46.19
Colombo,1999,4,269.1
Colombo,1999,5,270.01000000000005
Colombo,1999,6,115.5
Colombo,1999,7,71.61
Colombo,1999,8,82.77
Colombo,1999,9,116.10000000000001
Colombo,1999,10,225.36999999999998
Colombo,1999,11,139.5
Colombo,1999,12,62.309999999999995
Colombo,2000,1,29.139999999999997
Colombo,2000,2,85.26
Colombo,2000,3,64.17
Colombo,2000,4,109.5
Colombo,2000,5,66.64999999999999
Colombo,2000,6,105.6
Colombo,2000,7,80.91
Colombo,2000,8,166.47
Colombo,2000,9,96.3
Colombo,2000,10,95.48
Colombo,2000,11,201.9
Colombo,2000,12,87.11
Colombo,2001,1,115.63
Colombo,2001,2,63.0
Colombo,2001,3,14.26
Colombo,2001,4,207.0
Colombo,2001,5,133.92000000000002
Colombo,2001,6,126.3
Colombo,2001,7,93.30999999999999
Colombo,2001,8,21.389999999999997
Colombo,2001,9,148.8
Colombo,2001,10,104.16
Colombo,2001,11,128.1
Colombo,2001,12,85.87
Colombo,2002,1,33.17
Colombo,2002,2,61.879999999999995
Colombo,2002,3,55.18
Colombo,2002,4,206.4
Colombo,2002,5,210.49
Colombo,2002,6,75.6
Colombo,2002,7,33.17
Colombo,2002,8,71.92
Colombo,2002,9,50.099999999999994
Colombo,2002,10,382.84999999999997
Colombo,2002,11,210.6
Colombo,2002,12,169.26
Colombo,2003,1,58.9
Colombo,2003,2,70.28
Colombo,2003,3,120.89999999999999
Colombo,2003,4,139.5
Colombo,2003,5,177.63000000000002
Colombo,2003,6,115.5
Colombo,2003,7,88.35000000000001
Colombo,2003,8,56.11
Colombo,2003,9,90.3
Colombo,2003,10,135.16
Colombo,2003,11,299.7
Colombo,2003,12,25.419999999999998
Colombo,2004,1,25.110000000000003
Colombo,2004,2,26.39
Colombo,2004,3,31.31
Colombo,2004,4,130.2
Colombo,2004,5,198.4
Colombo,2004,6,108.3
Colombo,2004,7,73.78
Colombo,2004,8,57.660000000000004
Colombo,2004,9,237.6
Colombo,2004,10,255.13000000000002
Colombo,2004,11,253.49999999999997
Colombo,2004,12,142.29
Colombo,2005,1,84.63
Colombo,2005,2,33.879999999999995
Colombo,2005,3,110.98
Colombo,2005,4,151.5
Colombo,2005,5,187.85999999999999
Colombo,2005,6,124.50000000000001
Colombo,2005,7,107.26
Colombo,2005,8,33.480000000000004
Colombo,2005,9,87.6
Colombo,2005,10,305.04
Colombo,2005,11,455.1
Colombo,2005,12,130.51
Colombo,2006,1,181.66
Colombo,2006,2,50.96
Colombo,2006,3,128.65
Colombo,2006,4,66.60000000000001
Colombo,2006,5,182.28
Colombo,2006,6,105.6
Colombo,2006,7,100.13
Colombo,2006,8,184.14000000000001
Colombo,2006,9,153.0
Colombo,2006,10,482.36
Colombo,2006,11,426.3
Colombo,2006,12,167.09
Colombo,2007,1,97.64999999999999
Colombo,2007,2,19.599999999999998
Colombo,2007,3,31.31
Colombo,2007,4,292.5
Colombo,2007,5,103.85000000000001
Colombo,2007,6,151.2
Colombo,2007,7,101.67999999999999
Colombo,2007,8,139.19
Colombo,2007,9,166.2
Colombo,2007,10,316.51000000000005
Colombo,2007,11,165.6
Colombo,2007,12,168.95000000000002
Colombo,2008,1,56.11
Colombo,2008,2,102.66
Colombo,2008,3,297.29
Colombo,2008,4,366.0
Colombo,2008,5,101.37
Colombo,2008,6,167.10000000000002
Colombo,2008,7,183.21
Colombo,2008,8,103.53999999999999
Colombo,2008,9,69.9
Colombo,2008,10,294.19
Colombo,2008,11,198.6
Colombo,2008,12,90.21000000000001
Colombo,2009,1,37.51
Colombo,2009,2,5.6000000000000005
Colombo,2009,3,211.10999999999999
Colombo,2009,4,217.5
Colombo,2009,5,186.0
Colombo,2009,6,170.39999999999998
Colombo,2009,7,92.38
Colombo,2009,8,155.31
Colombo,2009,9,149.1
Colombo,2009,10,161.20000000000002
Colombo,2009,11,404.40000000000003
Colombo,2009,12,175.77
Colombo,2010,1,92.69000000000001
Colombo,2010,2,41.72
Colombo,2010,3,101.05999999999999
Colombo,2010,4,321.6
Colombo,2010,5,427.48999999999995
Colombo,2010,6,234.9
Colombo,2010,7,171.43
Colombo,2010,8,147.86999999999998
Colombo,2010,9,206.7
Colombo,2010,10,237.46
Colombo,2010,11,517.1999999999999
Colombo,2010,12,349.37
Colombo,2011,1,207.39000000000001
Colombo,2011,2,193.20000000000002
Colombo,2011,3,138.88000000000002
Colombo,2011,4,393.29999999999995
Colombo,2011,5,176.07999999999998
Colombo,2011,6,110.7
Colombo,2011,7,110.36
Colombo,2011,8,129.27
Colombo,2011,9,135.6
Colombo,2011,10,274.96999999999997
Colombo,2011,11,270.9
Colombo,2011,12,129.57999999999998
Colombo,2012,1,63.55
Colombo,2012,2,120.05999999999999
Colombo,2012,3,133.60999999999999
Colombo,2012,4,361.8
Colombo,2012,5,98.27
Colombo,2012,6,133.5
Colombo,2012,7,88.03999999999999
Colombo,2012,8,171.11999999999998
Colombo,2012,9,175.5
Colombo,2012,10,488.87
Colombo,2012,11,300.59999999999997
Colombo,2012,12,304.42
Colombo,2013,1,137.95000000000002
Colombo,2013,2,153.16
Colombo,2013,3,186.31
Colombo,2013,4,197.7
Colombo,2013,5,280.86
Colombo,2013,6,298.5
Colombo,2013,7,167.4
Colombo,2013,8,74.71000000000001
Colombo,2013,9,189.0
Colombo,2013,10,230.02
Colombo,2013,11,213.6
Colombo,2013,12,85.25
Colombo,2014,1,75.95
Colombo,2014,2,24.36
Colombo,2014,3,71.61
Colombo,2014,4,260.1
Colombo,2014,5,172.98
Colombo,2014,6,164.4
Colombo,2014,7,74.71000000000001
Colombo,2014,8,205.22
Colombo,2014,9,218.1
Colombo,2014,10,459.73
Colombo,2014,11,268.8
Colombo,2014,12,382.54
Colombo,2015,1,27.28
Colombo,2015,2,111.44
Colombo,2015,3,132.36999999999998
Colombo,2015,4,293.7
Colombo,2015,5,178.86999999999998
Colombo,2015,6,144.60000000000002
Colombo,2015,7,80.91
Colombo,2015,8,114.08
Colombo,2015,9,269.7
Colombo,2015,10,407.96
Colombo,2015,11,426.0
Colombo,2015,12,253.89
Colombo,2016,1,43.4
Colombo,2016,2,76.85
Colombo,2016,3,86.8
Colombo,2016,4,150.29999999999998
Colombo,2016,5,529.79
Colombo,2016,6,117.6
Colombo,2016,7,67.89
Colombo,2016,8,32.24
Colombo,2016,9,30.0
Colombo,2016,10,133.92000000000002
Colombo,2016,11,292.2
Colombo,2016,12,79.67
Colombo,2017,1,54.25
Colombo,2017,2,59.08
Colombo,2017,3,223.20000000000002
Colombo,2017,4,85.19999999999999
Colombo,2017,5,283.34000000000003
Colombo,2017,6,95.4
Colombo,2017,7,44.949999999999996
Colombo,2017,8,100.75
Colombo,2017,9,174.9
Colombo,2017,10,270.63
Colombo,2017,11,287.4
Colombo,2017,12,160.57999999999998
Colombo,2018,1,31.93
Colombo,2018,2,67.2
Colombo,2018,3,123.38
Colombo,2018,4,264.9
Colombo,2018,5,413.23
Colombo,2018,6,165.9
Colombo,2018,7,76.26
Colombo,2018,8,88.66
Colombo,2018,9,116.39999999999999
Colombo,2018,10,277.76000000000005
Colombo,2018,11,297.9
Colombo,2018,12,120.89999999999999
Colombo,2019,1,26.66
Colombo,2019,2,119.55999999999999
Colombo,2019,3,47.43
Colombo,2019,4,208.20000000000002
Colombo,2019,5,78.74
Colombo,2019,6,116.39999999999999
Colombo,2019,7,90.83
Colombo,2019,8,245.82999999999998
Colombo,2019,9,333.0
Colombo,2019,10,509.02000000000004
Colombo,2019,11,345.0
Colombo,2019,12,256.37
Colombo,2020,1,58.589999999999996
Colombo,2020,2,18.85
Colombo,2020,3,48.050000000000004
Colombo,2020,4,197.10000000000002
Colombo,2020,5,347.82
Colombo,2020,6,142.79999999999998
Colombo,2020,7,131.13000000000002
Colombo,2020,8,125.55
Colombo,2020,9,236.4
Colombo,2020,10,104.78
Colombo,2020,11,328.8
Colombo,2020,12,221.96
Colombo,2021,1,221.34
Colombo,2021,2,35.0
Colombo,2021,3,177.94
Colombo,2021,4,183.9
Colombo,2021,5,437.09999999999997
Colombo,2021,6,225.9
Colombo,2021,7,187.85999999999999
Colombo,2021,8,170.19
Colombo,2021,9,189.0
Colombo,2021,10,393.39
Colombo,2021,11,455.7
Colombo,2021,12,94.86
Colombo,2022,1,69.13
Colombo,2022,2,155.96
Colombo,2022,3,82.46000000000001
Colombo,2022,4,426.6
Colombo,2022,5,301.63
Colombo,2022,6,115.19999999999999
Colombo,2022,7,110.67
Colombo,2022,8,212.35
Colombo,2022,9,96.60000000000001
Colombo,2022,10,332.94
Colombo,2022,11,273.59999999999997
Colombo,2022,12,259.15999999999997
Colombo,2023,1,90.52
Colombo,2023,2,95.2
Colombo,2023,3,143.22
Colombo,2023,4,219.60000000000002
Colombo,2023,5,249.23999999999998
Colombo,2023,6,159.9
Colombo,2023,7,105.71000000000001
Colombo,2023,8,80.28999999999999
Colombo,2023,9,408.0
Colombo,2023,10,557.38
Colombo,2023,11,504.29999999999995
Colombo,2023,12,348.44
Colombo,2024,1,178.25
Colombo,2024,2,27.549999999999997
Colombo,2024,3,59.519999999999996
Colombo,2024,4,164.4
Colombo,2024,5,322.40000000000003
Colombo,2024,6,156.3
Colombo,2024,7,114.39
Colombo,2024,8,167.71
Colombo,2024,9,102.9
Colombo,2024,10,217.61999999999998
Colombo,2024,11,357.3
Colombo,2024,12,123.38
Colombo,2025,1,162.13000000000002
Colombo,2025,2,49.28
Colombo,2025,3,256.68
Colombo,2025,4,301.8
Colombo,2025,5,264.12
Colombo,2025,6,130.2
Colombo,2025,7,74.09
Colombo,2025,8,81.84
Colombo,2025,9,178.8
Colombo,2025,10,520.8000000000001
Colombo,2025,11,627.0
Colombo,2025,12,143.22
Galle,1984,1,173.91
Galle,1984,2,228.52
Galle,1984,3,156.85999999999999
Galle,1984,4,301.8
Galle,1984,5,173.6
Galle,1984,6,150.6
Galle,1984,7,174.22
Galle,1984,8,53.63
Galle,1984,9,192.6
Galle,1984,10,149.73
Galle,1984,11,241.2
Galle,1984,12,43.71
Galle,1985,1,45.88
Galle,1985,2,145.6
Galle,1985,3,104.16
Galle,1985,4,104.10000000000001
Galle,1985,5,176.39000000000001
Galle,1985,6,208.5
Galle,1985,7,42.160000000000004
Galle,1985,8,70.05999999999999
Galle,1985,9,150.0
Galle,1985,10,204.91
Galle,1985,11,201.9
Galle,1985,12,113.77
Galle,1986,1,180.73
Galle,1986,2,46.199999999999996
Galle,1986,3,209.86999999999998
Galle,1986,4,128.4
Galle,1986,5,146.63000000000002
Galle,1986,6,72.30000000000001
Galle,1986,7,44.64
Galle,1986,8,117.17999999999999
Galle,1986,9,134.4
Galle,1986,10,178.25
Galle,1986,11,96.0
Galle,1986,12,138.88000000000002
Galle,1987,1,91.45
Galle,1987,2,12.6
Galle,1987,3,43.71
Galle,1987,4,136.79999999999998
Galle,1987,5,145.07999999999998
Galle,1987,6,120.9
Galle,1987,7,8.680000000000001
Galle,1987,8,221.96
Galle,1987,9,138.0
Galle,1987,10,351.54
Galle,1987,11,198.9
Galle,1987,12,92.07000000000001
Galle,1988,1,45.88
Galle,1988,2,44.37
Galle,1988,3,127.1
Galle,1988,4,228.9
Galle,1988,5,107.26
Galle,1988,6,128.4
Galle,1988,7,99.2
Galle,1988,8,115.01
Galle,1988,9,206.7
Galle,1988,10,15.5
Galle,1988,11,171.0
Galle,1988,12,89.59
Galle,1989,1,117.17999999999999
Galle,1989,2,35.28
Galle,1989,3,54.56
Galle,1989,4,149.4
Galle,1989,5,230.64000000000001
Galle,1989,6,141.6
Galle,1989,7,173.6
Galle,1989,8,98.89
Galle,1989,9,223.5
Galle,1989,10,177.01
Galle,1989,11,207.89999999999998
Galle,1989,12,66.34
Galle,1990,1,75.02
Galle,1990,2,27.439999999999998
Galle,1990,3,75.33
Galle,1990,4,105.3
Galle,1990,5,206.15
Galle,1990,6,133.20000000000002
Galle,1990,7,103.85000000000001
Galle,1990,8,41.230000000000004
Galle,1990,9,43.5
Galle,1990,10,203.67000000000002
Galle,1990,11,160.5
Galle,1990,12,132.36999999999998
Galle,1991,1,106.33
Galle,1991,2,8.96
Galle,1991,3,29.45
Galle,1991,4,117.0
Galle,1991,5,93.0
Galle,1991,6,139.5
Galle,1991,7,93.0
Galle,1991,8,115.63
Galle,1991,9,65.7
Galle,1991,10,260.40000000000003
Galle,1991,11,175.2
Galle,1991,12,127.1
Galle,1992,1,31.31
Galle,1992,2,13.92
Galle,1992,3,8.680000000000001
Galle,1992,4,65.1
Galle,1992,5,189.41
Galle,1992,6,83.1
Galle,1992,7,126.48
Galle,1992,8,86.8
Galle,1992,9,120.0
Galle,1992,10,120.89999999999999
Galle,1992,11,264.3
Galle,1992,12,117.8
Galle,1993,1,46.5
Galle,1993,2,13.44
Galle,1993,3,56.11
Galle,1993,4,96.9
Galle,1993,5,275.90000000000003
Galle,1993,6,156.3
Galle,1993,7,123.38
Galle,1993,8,36.89
Galle,1993,9,142.5
Galle,1993,10,212.66
Galle,1993,11,226.5
Galle,1993,12,186.93
Galle,1994,1,79.36
Galle,1994,2,94.92
Galle,1994,3,85.87
Galle,1994,4,105.6
Galle,1994,5,154.38000000000002
Galle,1994,6,77.4
Galle,1994,7,100.13
Galle,1994,8,76.57000000000001
Galle,1994,9,125.39999999999999
Galle,1994,10,218.85999999999999
Galle,1994,11,149.4
Galle,1994,12,56.730000000000004
Galle,1995,1,57.04
Galle,1995,2,36.4
Galle,1995,3,19.84
Galle,1995,4,119.7
Galle,1995,5,136.4
Galle,1995,6,90.0
Galle,1995,7,56.11
Galle,1995,8,51.769999999999996
Galle,1995,9,41.1
Galle,1995,10,97.96000000000001
Galle,1995,11,107.1
Galle,1995,12,40.92
Galle,1996,1,56.42
Galle,1996,2,35.38
Galle,1996,3,30.69
Galle,1996,4,113.39999999999999
Galle,1996,5,49.6
Galle,1996,6,159.29999999999998
Galle,1996,7,57.04
Galle,1996,8,55.49
Galle,1996,9,87.0
Galle,1996,10,84.63
Galle,1996,11,106.5
Galle,1996,12,44.33
Galle,1997,1,2.79
Galle,1997,2,23.8
Galle,1997,3,17.98
Galle,1997,4,107.69999999999999
Galle,1997,5,176.39000000000001
Galle,1997,6,78.0
Galle,1997,7,102.61
Galle,1997,8,54.87
Galle,1997,9,260.4
Galle,1997,10,310.0
Galle,1997,11,333.90000000000003
Galle,1997,12,158.72
Galle,1998,1,43.089999999999996
Galle,1998,2,7.840000000000001
Galle,1998,3,22.63
Galle,1998,4,54.6
Galle,1998,5,185.69
Galle,1998,6,151.5
Galle,1998,7,163.36999999999998
Galle,1998,8,112.22
Galle,1998,9,112.2
Galle,1998,10,127.41000000000001
Galle,1998,11,187.5
Galle,1998,12,289.54
Galle,1999,1,133.29999999999998
Galle,1999,2,98.83999999999999
Galle,1999,3,78.74
Galle,1999,4,212.7
Galle,1999,5,240.86999999999998
Galle,1999,6,102.30000000000001
Galle,1999,7,59.83
Galle,1999,8,78.12
Galle,1999,9,118.2
Galle,1999,10,198.4
Galle,1999,11,122.4
Galle,1999,12,107.57000000000001
Galle,2000,1,37.51
Galle,2000,2,83.52
Galle,2000,3,102.61
Galle,2000,4,106.5
Galle,2000,5,59.519999999999996
Galle,2000,6,134.1
Galle,2000,7,70.37
Galle,2000,8,178.86999999999998
Galle,2000,9,107.69999999999999
Galle,2000,10,82.46000000000001
Galle,2000,11,214.8
Galle,2000,12,78.42999999999999
Galle,2001,1,162.75
Galle,2001,2,43.96
Galle,2001,3,22.94
Galle,2001,4,185.70000000000002
Galle,2001,5,114.08
Galle,2001,6,93.89999999999999
Galle,2001,7,86.17999999999999
Galle,2001,8,32.550000000000004
Galle,2001,9,135.29999999999998
Galle,2001,10,97.03
Galle,2001,11,143.4
Galle,2001,12,91.76
Galle,2002,1,46.5
Galle,2002,2,75.04
Galle,2002,3,53.94
Galle,2002,4,145.5
Galle,2002,5,222.27
Galle,2002,6,74.4
Galle,2002,7,50.839999999999996
Galle,2002,8,81.22
Galle,2002,9,67.5
Galle,2002,10,301.01000000000005
Galle,2002,11,261.3
Galle,2002,12,195.92000000000002
Galle,2003,1,56.42
Galle,2003,2,64.96
Galle,2003,3,97.34
Galle,2003,4,138.0
Galle,2003,5,236.84
Galle,2003,6,116.39999999999999
Galle,2003,7,94.24
Galle,2003,8,68.2
Galle,2003,9,105.6
Galle,2003,10,129.27
Galle,2003,11,346.5
Galle,2003,12,22.63
Galle,2004,1,36.58
Galle,2004,2,41.47
Galle,2004,3,38.75
Galle,2004,4,145.2
Galle,2004,5,197.16
Galle,2004,6,82.2
Galle,2004,7,94.86
Galle,2004,8,79.05
Galle,2004,9,270.3
Galle,2004,10,283.96
Galle,2004,11,229.5
Galle,2004,12,191.27
Galle,2005,1,93.92999999999999
Galle,2005,2,37.800000000000004
Galle,2005,3,147.25
Galle,2005,4,123.60000000000001
Galle,2005,5,186.61999999999998
Galle,2005,6,126.0
Galle,2005,7,125.55
Galle,2005,8,38.44
Galle,2005,9,86.39999999999999
Galle,2005,10,272.8
Galle,2005,11,305.4
Galle,2005,12,109.42999999999999
Galle,2006,1,187.85999999999999
Galle,2006,2,76.44
Galle,2006,3,114.39
Galle,2006,4,75.3
Galle,2006,5,169.88000000000002
Galle,2006,6,118.5
Galle,2006,7,132.06
Galle,2006,8,174.84
Galle,2006,9,187.79999999999998
Galle,2006,10,380.98999999999995
Galle,2006,11,330.0
Galle,2006,12,272.48999999999995
Galle,2007,1,116.55999999999999
Galle,2007,2,18.2
Galle,2007,3,28.21
Galle,2007,4,310.5
Galle,2007,5,118.73
Galle,2007,6,189.9
Galle,2007,7,109.74
Galle,2007,8,201.19
Galle,2007,9,187.79999999999998
Galle,2007,10,411.98999999999995
Galle,2007,11,179.1
Galle,2007,12,202.11999999999998
Galle,2008,1,88.35000000000001
Galle,2008,2,98.6
Galle,2008,3,248.0
Galle,2008,4,359.7
Galle,2008,5,91.76
Galle,2008,6,191.1
Galle,2008,7,185.69
Galle,2008,8,109.12
Galle,2008,9,73.8
Galle,2008,10,228.47
Galle,2008,11,209.1
Galle,2008,12,147.25
Galle,2009,1,27.28
Galle,2009,2,6.44
Galle,2009,3,145.07999999999998
Galle,2009,4,193.8
Galle,2009,5,270.32
Galle,2009,6,211.5
Galle,2009,7,103.85000000000001
Galle,2009,8,174.22
Galle,2009,9,164.70000000000002
Galle,2009,10,153.14000000000001
Galle,2009,11,472.8
Galle,2009,12,181.66
Galle,2010,1,116.55999999999999
Galle,2010,2,84.28
Galle,2010,3,114.39
Galle,2010,4,307.5
Galle,2010,5,462.52
Galle,2010,6,216.0
Galle,2010,7,182.9
Galle,2010,8,166.16
Galle,2010,9,220.2
Galle,2010,10,197.16
Galle,2010,11,500.1
Galle,2010,12,398.34999999999997
Galle,2011,1,281.48
Galle,2011,2,175.84
Galle,2011,3,235.91
Galle,2011,4,332.1
Galle,2011,5,188.79
Galle,2011,6,107.69999999999999
Galle,2011,7,130.82
Galle,2011,8,168.32999999999998
Galle,2011,9,146.7
Galle,2011,10,234.04999999999998
Galle,2011,11,357.0
Galle,2011,12,181.97
Galle,2012,1,64.48
Galle,2012,2,146.73999999999998
Galle,2012,3,146.32
Galle,2012,4,370.5
Galle,2012,5,110.05
Galle,2012,6,144.29999999999998
Galle,2012,7,94.24
Galle,2012,8,230.32999999999998
Galle,2012,9,264.9
Galle,2012,10,479.57
Galle,2012,11,358.2
Galle,2012,12,282.40999999999997
Galle,2013,1,130.82
Galle,2013,2,149.24
Galle,2013,3,213.59
Galle,2013,4,201.0
Galle,2013,5,281.17
Galle,2013,6,281.40000000000003
Galle,2013,7,207.07999999999998
Galle,2013,8,84.63
Galle,2013,9,207.6
Galle,2013,10,239.63000000000002
Galle,2013,11,252.89999999999998
Galle,2013,12,136.4
Galle,2014,1,70.99
Galle,2014,2,33.04
Galle,2014,3,85.87
Galle,2014,4,183.9
Galle,2014,5,203.98
Galle,2014,6,183.3
Galle,2014,7,78.42999999999999
Galle,2014,8,279.0
Galle,2014,9,240.29999999999998
Galle,2014,10,454.77
Galle,2014,11,327.0
Galle,2014,12,348.44
Galle,2015,1,44.33
Galle,2015,2,129.92
Galle,2015,3,163.68
Galle,2015,4,309.0
Galle,2015,5,192.20000000000002
Galle,2015,6,156.3
Galle,2015,7,118.11
Galle,2015,8,165.23
Galle,2015,9,361.8
Galle,2015,10,401.45
Galle,2015,11,513.6
Galle,2015,12,259.46999999999997
Galle,2016,1,89.89999999999999
Galle,2016,2,113.1
Galle,2016,3,94.55
Galle,2016,4,156.3
Galle,2016,5,563.2700000000001
Galle,2016,6,110.7
Galle,2016,7,95.17
Galle,2016,8,62.0
Galle,2016,9,46.5
Galle,2016,10,167.4
Galle,2016,11,367.8
Galle,2016,12,111.91
Galle,2017,1,95.48
Galle,2017,2,92.96
Galle,2017,3,177.63000000000002
Galle,2017,4,173.7
Galle,2017,5,338.52
Galle,2017,6,95.7
Galle,2017,7,56.42
Galle,2017,8,132.36999999999998
Galle,2017,9,174.29999999999998
Galle,2017,10,202.43
Galle,2017,11,557.1
Galle,2017,12,237.15
Galle,2018,1,41.85
Galle,2018,2,133.28
Galle,2018,3,193.44
Galle,2018,4,297.9
Galle,2018,5,417.88
Galle,2018,6,162.6
Galle,2018,7,99.82000000000001
Galle,2018,8,106.64
Galle,2018,9,153.3
Galle,2018,10,325.19
Galle,2018,11,313.5
Galle,2018,12,170.5
Galle,2019,1,85.55999999999999
Galle,2019,2,140.28
Galle,2019,3,89.28
Galle,2019,4,231.3
Galle,2019,5,146.94
Galle,2019,6,119.4
Galle,2019,7,109.42999999999999
Galle,2019,8,276.52
Galle,2019,9,389.7
Galle,2019,10,505.3
Galle,2019,11,350.7
Galle,2019,12,280.55
Galle,2020,1,67.58
Galle,2020,2,44.37
Galle,2020,3,70.99
Galle,2020,4,172.79999999999998
Galle,2020,5,347.82
Galle,2020,6,129.60000000000002
Galle,2020,7,159.03
Galle,2020,8,142.91
Galle,2020,9,303.29999999999995
Galle,2020,10,135.78
Galle,2020,11,301.2
Galle,2020,12,227.85
Galle,2021,1,257.61
Galle,2021,2,61.32
Galle,2021,3,233.74
Galle,2021,4,141.0
Galle,2021,5,309.69
Galle,2021,6,147.89999999999998
Galle,2021,7,187.24
Galle,2021,8,197.16
Galle,2021,9,175.2
Galle,2021,10,360.53000000000003
Galle,2021,11,412.2
Galle,2021,12,189.41
Galle,2022,1,151.9
Galle,2022,2,166.32000000000002
Galle,2022,3,135.47
Galle,2022,4,282.3
Galle,2022,5,287.06
Galle,2022,6,149.1
Galle,2022,7,152.21
Galle,2022,8,156.24
Galle,2022,9,91.2
Galle,2022,10,268.77
Galle,2022,11,282.3
Galle,2022,12,194.06
Galle,2023,1,130.20000000000002
Galle,2023,2,222.6
Galle,2023,3,168.02
Galle,2023,4,203.7
Galle,2023,5,248.31
Galle,2023,6,142.5
Galle,2023,7,96.72
Galle,2023,8,97.03
Galle,2023,9,456.0
Galle,2023,10,580.01
Galle,2023,11,480.0
Galle,2023,12,429.34999999999997
Galle,2024,1,282.09999999999997
Galle,2024,2,61.769999999999996
Galle,2024,3,77.19000000000001
Galle,2024,4,179.1
Galle,2024,5,334.8
Galle,2024,6,133.5
Galle,2024,7,122.14
Galle,2024,8,165.54
Galle,2024,9,109.2
Galle,2024,10,192.82
Galle,2024,11,366.6
Galle,2024,12,130.51
Galle,2025,1,249.86
Galle,2025,2,151.48000000000002
Galle,2025,3,398.65999999999997
Galle,2025,4,336.3
Galle,2025,5,203.35999999999999
Galle,2025,6,110.7
Galle,2025,7,90.83
Galle,2025,8,75.95
Galle,2025,9,170.1
Galle,2025,10,365.18
Galle,2025,11,668.4000000000001
Galle,2025,12,248.61999999999998
Gampaha,1984,1,218.24
Gampaha,1984,2,243.02
Gampaha,1984,3,166.78
Gampaha,1984,4,337.2
Gampaha,1984,5,190.34
Gampaha,1984,6,144.60000000000002
Gampaha,1984,7,166.47
Gampaha,1984,8,53.32
Gampaha,1984,9,239.70000000000002
Gampaha,1984,10,167.4
Gampaha,1984,11,301.5
Gampaha,1984,12,38.44
Gampaha,1985,1,42.160000000000004
Gampaha,1985,2,113.39999999999999
Gampaha,1985,3,81.53
Gampaha,1985,4,111.60000000000001
Gampaha,1985,5,168.02
Gampaha,1985,6,188.7
Gampaha,1985,7,54.87
Gampaha,1985,8,81.22
Gampaha,1985,9,138.9
Gampaha,1985,10,235.6
Gampaha,1985,11,234.60000000000002
Gampaha,1985,12,113.46000000000001
Gampaha,1986,1,184.45000000000002
Gampaha,1986,2,82.60000000000001
Gampaha,1986,3,195.29999999999998
Gampaha,1986,4,158.1
Gampaha,1986,5,158.1
Gampaha,1986,6,79.5
Gampaha,1986,7,48.67
Gampaha,1986,8,116.25
Gampaha,1986,9,121.5
Gampaha,1986,10,199.64000000000001
Gampaha,1986,11,95.4
Gampaha,1986,12,118.73
Gampaha,1987,1,51.46
Gampaha,1987,2,4.48
Gampaha,1987,3,40.61
Gampaha,1987,4,142.5
Gampaha,1987,5,147.86999999999998
Gampaha,1987,6,123.60000000000001
Gampaha,1987,7,6.82
Gampaha,1987,8,225.68
Gampaha,1987,9,129.60000000000002
Gampaha,1987,10,346.27
Gampaha,1987,11,230.1
Gampaha,1987,12,108.19000000000001
Gampaha,1988,1,18.599999999999998
Gampaha,1988,2,38.28
Gampaha,1988,3,136.4
Gampaha,1988,4,249.60000000000002
Gampaha,1988,5,95.78999999999999
Gampaha,1988,6,131.1
Gampaha,1988,7,106.64
Gampaha,1988,8,105.71000000000001
Gampaha,1988,9,211.79999999999998
Gampaha,1988,10,45.57
Gampaha,1988,11,198.3
Gampaha,1988,12,71.92
Gampaha,1989,1,74.71000000000001
Gampaha,1989,2,9.24
Gampaha,1989,3,56.11
Gampaha,1989,4,165.29999999999998
Gampaha,1989,5,211.10999999999999
Gampaha,1989,6,172.5
Gampaha,1989,7,193.44
Gampaha,1989,8,73.47
Gampaha,1989,9,205.2
Gampaha,1989,10,208.94
Gampaha,1989,11,229.2
Gampaha,1989,12,74.39999999999999
Gampaha,1990,1,101.67999999999999
Gampaha,1990,2,28.28
Gampaha,1990,3,68.82000000000001
Gampaha,1990,4,116.39999999999999
Gampaha,1990,5,214.52
Gampaha,1990,6,110.4
Gampaha,1990,7,103.53999999999999
Gampaha,1990,8,47.12
Gampaha,1990,9,40.2
Gampaha,1990,10,223.20000000000002
Gampaha,1990,11,156.9
Gampaha,1990,12,138.88000000000002
Gampaha,1991,1,77.5
Gampaha,1991,2,7.28
Gampaha,1991,3,31.31
Gampaha,1991,4,101.7
Gampaha,1991,5,97.34
Gampaha,1991,6,210.0
Gampaha,1991,7,102.92
Gampaha,1991,8,104.16
Gampaha,1991,9,62.400000000000006
Gampaha,1991,10,279.31
Gampaha,1991,11,173.1
Gampaha,1991,12,101.99
Gampaha,1992,1,17.05
Gampaha,1992,2,8.120000000000001
Gampaha,1992,3,5.2700000000000005
Gampaha,1992,4,87.9
Gampaha,1992,5,240.56
Gampaha,1992,6,108.0
Gampaha,1992,7,130.82
Gampaha,1992,8,96.41
Gampaha,1992,9,150.6
Gampaha,1992,10,160.89000000000001
Gampaha,1992,11,255.29999999999998
Gampaha,1992,12,102.61
Gampaha,1993,1,24.8
Gampaha,1993,2,14.56
Gampaha,1993,3,59.21
Gampaha,1993,4,118.2
Gampaha,1993,5,248.92999999999998
Gampaha,1993,6,176.7
Gampaha,1993,7,108.5
Gampaha,1993,8,39.06
Gampaha,1993,9,153.9
Gampaha,1993,10,249.55
Gampaha,1993,11,252.3
Gampaha,1993,12,179.79999999999998
Gampaha,1994,1,77.5
Gampaha,1994,2,91.0
Gampaha,1994,3,77.19000000000001
Gampaha,1994,4,115.5
Gampaha,1994,5,177.63000000000002
Gampaha,1994,6,82.5
Gampaha,1994,7,83.39
Gampaha,1994,8,61.38
Gampaha,1994,9,103.2
Gampaha,1994,10,237.46
Gampaha,1994,11,150.6
Gampaha,1994,12,36.269999999999996
Gampaha,1995,1,37.82
Gampaha,1995,2,28.84
Gampaha,1995,3,14.26
Gampaha,1995,4,131.7
Gampaha,1995,5,138.26
Gampaha,1995,6,106.2
Gampaha,1995,7,42.470000000000006
Gampaha,1995,8,38.44
Gampaha,1995,9,34.5
Gampaha,1995,10,99.82000000000001
Gampaha,1995,11,107.1
Gampaha,1995,12,16.12
Gampaha,1996,1,49.29
Gampaha,1996,2,30.16
Gampaha,1996,3,26.66
Gampaha,1996,4,102.9
Gampaha,1996,5,26.66
Gampaha,1996,6,147.89999999999998
Gampaha,1996,7,44.64
Gampaha,1996,8,39.37
Gampaha,1996,9,87.30000000000001
Gampaha,1996,10,121.52
Gampaha,1996,11,116.10000000000001
Gampaha,1996,12,43.71
Gampaha,1997,1,1.55
Gampaha,1997,2,25.76
Gampaha,1997,3,17.98
Gampaha,1997,4,129.9
Gampaha,1997,5,153.14000000000001
Gampaha,1997,6,77.4
Gampaha,1997,7,98.58
Gampaha,1997,8,45.57
Gampaha,1997,9,217.20000000000002
Gampaha,1997,10,346.58
Gampaha,1997,11,294.9
Gampaha,1997,12,144.77
Gampaha,1998,1,25.419999999999998
Gampaha,1998,2,3.08
Gampaha,1998,3,26.97
Gampaha,1998,4,86.7
Gampaha,1998,5,215.76
Gampaha,1998,6,160.8
Gampaha,1998,7,175.15
Gampaha,1998,8,127.1
Gampaha,1998,9,132.6
Gampaha,1998,10,203.04999999999998
Gampaha,1998,11,196.79999999999998
Gampaha,1998,12,294.19
Gampaha,1999,1,123.07000000000001
Gampaha,1999,2,104.44
Gampaha,1999,3,46.19
Gampaha,1999,4,269.1
Gampaha,1999,5,270.01000000000005
Gampaha,1999,6,115.5
Gampaha,1999,7,71.61
Gampaha,1999,8,82.77
Gampaha,1999,9,116.10000000000001
Gampaha,1999,10,225.36999999999998
Gampaha,1999,11,139.5
Gampaha,1999,12,62.309999999999995
Gampaha,2000,1,29.139999999999997
Gampaha,2000,2,85.26
Gampaha,2000,3,64.17
Gampaha,2000,4,109.5
Gampaha,2000,5,66.64999999999999
Gampaha,2000,6,105.6
Gampaha,2000,7,80.91
Gampaha,2000,8,166.47
Gampaha,2000,9,96.3
Gampaha,2000,10,95.48
Gampaha,2000,11,201.9
Gampaha,2000,12,87.11
Gampaha,2001,1,115.63
Gampaha,2001,2,63.0
Gampaha,2001,3,14.26
Gampaha,2001,4,207.0
Gampaha,2001,5,133.92000000000002
Gampaha,2001,6,126.3
Gampaha,2001,7,93.30999999999999
Gampaha,2001,8,21.389999999999997
Gampaha,2001,9,148.8
Gampaha,2001,10,104.16
Gampaha,2001,11,128.1
Gampaha,2001,12,85.87
Gampaha,2002,1,33.17
Gampaha,2002,2,61.879999999999995
Gampaha,2002,3,55.18
Gampaha,2002,4,206.4
Gampaha,2002,5,210.49
Gampaha,2002,6,75.6
Gampaha,2002,7,33.17
Gampaha,2002,8,71.92
Gampaha,2002,9,50.099999999999994
Gampaha,2002,10,382.84999999999997
Gampaha,2002,11,210.6
Gampaha,2002,12,169.26
Gampaha,2003,1,58.9
Gampaha,2003,2,70.28
Gampaha,2003,3,120.89999999999999
Gampaha,2003,4,139.5
Gampaha,2003,5,177.63000000000002
Gampaha,2003,6,115.5
Gampaha,2003,7,88.35000000000001
Gampaha,2003,8,56.11
Gampaha,2003,9,90.3
Gampaha,2003,10,135.16
Gampaha,2003,11,299.7
Gampaha,2003,12,25.419999999999998
Gampaha,2004,1,25.110000000000003
Gampaha,2004,2,26.39
Gampaha,2004,3,31.31
Gampaha,2004,4,130.2
Gampaha,2004,5,198.4
Gampaha,2004,6,108.3
Gampaha,2004,7,73.78
Gampaha,2004,8,57.660000000000004
Gampaha,2004,9,237.6
Gampaha,2004,10,255.13000000000002
Gampaha,2004,11,253.49999999999997
Gampaha,2004,12,142.29
Gampaha,2005,1,84.63
Gampaha,2005,2,33.879999999999995
Gampaha,2005,3,110.98
Gampaha,2005,4,151.5
Gampaha,2005,5,187.85999999999999
Gampaha,2005,6,124.50000000000001
Gampaha,2005,7,107.26
Gampaha,2005,8,33.480000000000004
Gampaha,2005,9,87.6
Gampaha,2005,10,305.04
Gampaha,2005,11,455.1
Gampaha,2005,12,130.51
Gampaha,2006,1,181.66
Gampaha,2006,2,50.96
Gampaha,2006,3,128.65
Gampaha,2006,4,66.60000000000001
Gampaha,2006,5,182.28
Gampaha,2006,6,105.6
Gampaha,2006,7,100.13
Gampaha,2006,8,184.14000000000001
Gampaha,2006,9,153.0
Gampaha,2006,10,482.36
Gampaha,2006,11,426.3
Gampaha,2006,12,167.09
Gampaha,2007,1,97.64999999999999
Gampaha,2007,2,19.599999999999998
Gampaha,2007,3,31.31
Gampaha,2007,4,292.5
Gampaha,2007,5,103.85000000000001
Gampaha,2007,6,151.2
Gampaha,2007,7,101.67999999999999
Gampaha,2007,8,139.19
Gampaha,2007,9,166.2
Gampaha,2007,10,316.51000000000005
Gampaha,2007,11,165.6
Gampaha,2007,12,168.95000000000002
Gampaha,2008,1,56.11
Gampaha,2008,2,102.66
Gampaha,2008,3,297.29
Gampaha,2008,4,366.0
Gampaha,2008,5,101.37
Gampaha,2008,6,167.10000000000002
Gampaha,2008,7,183.21
Gampaha,2008,8,103.53999999999999
Gampaha,2008,9,69.9
Gampaha,2008,10,294.19
Gampaha,2008,11,198.6
Gampaha,2008,12,90.21000000000001
Gampaha,2009,1,37.51
Gampaha,2009,2,5.6000000000000005
Gampaha,2009,3,211.10999999999999
Gampaha,2009,4,217.5
Gampaha,2009,5,186.0
Gampaha,2009,6,170.39999999999998
Gampaha,2009,7,92.38
Gampaha,2009,8,155.31
Gampaha,2009,9,149.1
Gampaha,2009,10,161.20000000000002
Gampaha,2009,11,404.40000000000003
Gampaha,2009,12,175.77
Gampaha,2010,1,92.69000000000001
Gampaha,2010,2,41.72
Gampaha,2010,3,101.05999999999999
Gampaha,2010,4,321.6
Gampaha,2010,5,427.48999999999995
Gampaha,2010,6,234.9
Gampaha,2010,7,171.43
Gampaha,2010,8,147.86999999999998
Gampaha,2010,9,206.7
Gampaha,2010,10,237.46
Gampaha,2010,11,517.1999999999999
Gampaha,2010,12,349.37
Gampaha,2011,1,207.39000000000001
Gampaha,2011,2,193.20000000000002
Gampaha,2011,3,138.88000000000002
Gampaha,2011,4,393.29999999999995
Gampaha,2011,5,176.07999999999998
Gampaha,2011,6,110.7
Gampaha,2011,7,110.36
Gampaha,2011,8,129.27
Gampaha,2011,9,135.6
Gampaha,2011,10,274.96999999999997
Gampaha,2011,11,270.9
Gampaha,2011,12,129.57999999999998
Gampaha,2012,1,63.55
Gampaha,2012,2,120.05999999999999
Gampaha,2012,3,133.60999999999999
Gampaha,2012,4,361.8
Gampaha,2012,5,98.27
Gampaha,2012,6,133.5
Gampaha,2012,7,88.03999999999999
Gampaha,2012,8,171.11999999999998
Gampaha,2012,9,175.5
Gampaha,2012,10,488.87
Gampaha,2012,11,300.59999999999997
Gampaha,2012,12,304.42
Gampaha,2013,1,137.95000000000002
Gampaha,2013,2,153.16
Gampaha,2013,3,186.31
Gampaha,2013,4,197.7
Gampaha,2013,5,280.86
Gampaha,2013,6,298.5
Gampaha,2013,7,167.4
Gampaha,2013,8,74.71000000000001
Gampaha,2013,9,189.0
Gampaha,2013,10,230.02
Gampaha,2013,11,213.6
Gampaha,2013,12,85.25
Gampaha,2014,1,75.95
Gampaha,2014,2,24.36
Gampaha,2014,3,71.61
Gampaha,2014,4,260.1
Gampaha,2014,5,172.98
Gampaha,2014,6,164.4
Gampaha,2014,7,74.71000000000001
Gampaha,2014,8,205.22
Gampaha,2014,9,218.1
Gampaha,2014,10,459.73
Gampaha,2014,11,268.8
Gampaha,2014,12,382.54
Gampaha,2015,1,27.28
Gampaha,2015,2,111.44
Gampaha,2015,3,132.36999999999998
Gampaha,2015,4,293.7
Gampaha,2015,5,178.86999999999998
Gampaha,2015,6,144.60000000000002
Gampaha,2015,7,80.91
Gampaha,2015,8,114.08
Gampaha,2015,9,269.7
Gampaha,2015,10,407.96
Gampaha,2015,11,426.0
Gampaha,2015,12,253.89
Gampaha,2016,1,43.4
Gampaha,2016,2,76.85
Gampaha,2016,3,86.8
Gampaha,2016,4,150.29999999999998
Gampaha,2016,5,529.79
Gampaha,2016,6,117.6
Gampaha,2016,7,67.89
Gampaha,2016,8,32.24
Gampaha,2016,9,30.0
Gampaha,2016,10,133.92000000000002
Gampaha,2016,11,292.2
Gampaha,2016,12,79.67
Gampaha,2017,1,54.25
Gampaha,2017,2,59.08
Gampaha,2017,3,223.20000000000002
Gampaha,2017,4,85.19999999999999
Gampaha,2017,5,283.34000000000003
Gampaha,2017,6,95.4
Gampaha,2017,7,44.949999999999996
Gampaha,2017,8,100.75
Gampaha,2017,9,174.9
Gampaha,2017,10,270.63
Gampaha,2017,11,287.4
Gampaha,2017,12,160.57999999999998
Gampaha,2018,1,31.93
Gampaha,2018,2,67.2
Gampaha,2018,3,123.38
Gampaha,2018,4,264.9
Gampaha,2018,5,413.23
Gampaha,2018,6,165.9
Gampaha,2018,7,76.26
Gampaha,2018,8,88.66
Gampaha,2018,9,116.39999999999999
Gampaha,2018,10,277.76000000000005
Gampaha,2018,11,297.9
Gampaha,2018,12,120.89999999999999
Gampaha,2019,1,26.66
Gampaha,2019,2,119.55999999999999
Gampaha,2019,3,47.43
Gampaha,2019,4,208.20000000000002
Gampaha,2019,5,78.74
Gampaha,2019,6,116.39999999999999
Gampaha,2019,7,90.83
Gampaha,2019,8,245.82999999999998
Gampaha,2019,9,333.0
Gampaha,2019,10,509.02000000000004
Gampaha,2019,11,345.0
Gampaha,2019,12,256.37
Gampaha,2020,1,58.589999999999996
Gampaha,2020,2,18.85
Gampaha,2020,3,48.050000000000004
Gampaha,2020,4,197.10000000000002
Gampaha,2020,5,347.82
Gampaha,2020,6,142.79999999999998
Gampaha,2020,7,131.13000000000002
Gampaha,2020,8,125.55
Gampaha,2020,9,236.4
Gampaha,2020,10,104.78
Gampaha,2020,11,328.8
Gampaha,2020,12,221.96
Gampaha,2021,1,221.34
Gampaha,2021,2,35.0
Gampaha,2021,3,177.94
Gampaha,2021,4,183.9
Gampaha,2021,5,437.09999999999997
Gampaha,2021,6,225.9
Gampaha,2021,7,187.85999999999999
Gampaha,2021,8,170.19
Gampaha,2021,9,189.0
Gampaha,2021,10,393.39
Gampaha,2021,11,455.7
Gampaha,2021,12,94.86
Gampaha,2022,1,69.13
Gampaha,2022,2,155.96
Gampaha,2022,3,82.46000000000001
Gampaha,2022,4,426.6
Gampaha,2022,5,301.63
Gampaha,2022,6,115.19999999999999
Gampaha,2022,7,110.67
Gampaha,2022,8,212.35
Gampaha,2022,9,96.60000000000001
Gampaha,2022,10,332.94
Gampaha,2022,11,273.59999999999997
Gampaha,2022,12,259.15999999999997
Gampaha,2023,1,90.52
Gampaha,2023,2,95.2
Gampaha,2023,3,143.22
Gampaha,2023,4,219.60000000000002
Gampaha,2023,5,249.23999999999998
Gampaha,2023,6,159.9
Gampaha,2023,7,105.71000000000001
Gampaha,2023,8,80.28999999999999
Gampaha,2023,9,408.0
Gampaha,2023,10,557.38
Gampaha,2023,11,504.29999999999995
Gampaha,2023,12,348.44
Gampaha,2024,1,178.25
Gampaha,2024,2,27.549999999999997
Gampaha,2024,3,59.519999999999996
Gampaha,2024,4,164.4
Gampaha,2024,5,322.40000000000003
Gampaha,2024,6,156.3
Gampaha,2024,7,114.39
Gampaha,2024,8,167.71
Gampaha,2024,9,102.9
Gampaha,2024,10,217.61999999999998
Gampaha,2024,11,357.3
Gampaha,2024,12,123.38
Gampaha,2025,1,162.13000000000002
Gampaha,2025,2,49.28
Gampaha,2025,3,256.68
Gampaha,2025,4,301.8
Gampaha,2025,5,264.12
Gampaha,2025,6,130.2
Gampaha,2025,7,74.09
Gampaha,2025,8,81.84
Gampaha,2025,9,178.8
Gampaha,2025,10,520.8000000000001
Gampaha,2025,11,627.0
Gampaha,2025,12,143.22
Hambantota,1984,1,252.34000000000003
Hambantota,1984,2,282.75
Hambantota,1984,3,156.85999999999999
Hambantota,1984,4,298.5
Hambantota,1984,5,120.59
Hambantota,1984,6,87.9
Hambantota,1984,7,181.66
Hambantota,1984,8,33.79
Hambantota,1984,9,167.10000000000002
Hambantota,1984,10,225.68
Hambantota,1984,11,267.3
Hambantota,1984,12,44.949999999999996
Hambantota,1985,1,36.89
Hambantota,1985,2,112.55999999999999
Hambantota,1985,3,115.32000000000001
Hambantota,1985,4,46.800000000000004
Hambantota,1985,5,108.19000000000001
Hambantota,1985,6,115.5
Hambantota,1985,7,23.87
Hambantota,1985,8,25.419999999999998
Hambantota,1985,9,163.20000000000002
Hambantota,1985,10,157.17000000000002
Hambantota,1985,11,264.9
Hambantota,1985,12,74.71000000000001
Hambantota,1986,1,303.48999999999995
Hambantota,1986,2,58.800000000000004
Hambantota,1986,3,169.26
Hambantota,1986,4,100.5
Hambantota,1986,5,86.49
Hambantota,1986,6,60.0
Hambantota,1986,7,38.13
Hambantota,1986,8,94.55
Hambantota,1986,9,77.4
Hambantota,1986,10,331.39
Hambantota,1986,11,120.9
Hambantota,1986,12,111.91
Hambantota,1987,1,89.28
Hambantota,1987,2,31.919999999999998
Hambantota,1987,3,41.85
Hambantota,1987,4,86.7
Hambantota,1987,5,125.85999999999999
Hambantota,1987,6,44.1
Hambantota,1987,7,1.8599999999999999
Hambantota,1987,8,144.46
Hambantota,1987,9,126.0
Hambantota,1987,10,314.03000000000003
Hambantota,1987,11,217.20000000000002
Hambantota,1987,12,80.60000000000001
Hambantota,1988,1,19.84
Hambantota,1988,2,40.309999999999995
Hambantota,1988,3,91.45
Hambantota,1988,4,207.3
Hambantota,1988,5,57.35
Hambantota,1988,6,83.7
Hambantota,1988,7,70.99
Hambantota,1988,8,94.55
Hambantota,1988,9,143.1
Hambantota,1988,10,35.96
Hambantota,1988,11,162.6
Hambantota,1988,12,98.58
Hambantota,1989,1,143.84
Hambantota,1989,2,20.439999999999998
Hambantota,1989,3,55.800000000000004
Hambantota,1989,4,82.8
Hambantota,1989,5,128.65
Hambantota,1989,6,77.1
Hambantota,1989,7,214.52
Hambantota,1989,8,65.72
Hambantota,1989,9,201.0
Hambantota,1989,10,156.54999999999998
Hambantota,1989,11,184.5
Hambantota,1989,12,64.48
Hambantota,1990,1,99.2
Hambantota,1990,2,8.96
Hambantota,1990,3,62.92999999999999
Hambantota,1990,4,37.2
Hambantota,1990,5,197.47
Hambantota,1990,6,98.39999999999999
Hambantota,1990,7,54.87
Hambantota,1990,8,30.07
Hambantota,1990,9,26.1
Hambantota,1990,10,225.06
Hambantota,1990,11,127.8
Hambantota,1990,12,163.06
Hambantota,1991,1,109.42999999999999
Hambantota,1991,2,6.44
Hambantota,1991,3,13.950000000000001
Hambantota,1991,4,76.2
Hambantota,1991,5,54.87
Hambantota,1991,6,125.1
Hambantota,1991,7,67.89
Hambantota,1991,8,91.76
Hambantota,1991,9,56.4
Hambantota,1991,10,167.4
Hambantota,1991,11,183.0
Hambantota,1991,12,129.27
Hambantota,1992,1,17.98
Hambantota,1992,2,1.16
Hambantota,1992,3,0.0
Hambantota,1992,4,55.2
Hambantota,1992,5,146.01
Hambantota,1992,6,39.300000000000004
Hambantota,1992,7,91.14
Hambantota,1992,8,60.449999999999996
Hambantota,1992,9,81.0
Hambantota,1992,10,103.85000000000001
Hambantota,1992,11,280.5
Hambantota,1992,12,117.8
Hambantota,1993,1,26.349999999999998
Hambantota,1993,2,8.96
Hambantota,1993,3,40.61
Hambantota,1993,4,43.199999999999996
Hambantota,1993,5,204.91
Hambantota,1993,6,117.9
Hambantota,1993,7,93.30999999999999
Hambantota,1993,8,14.569999999999999
Hambantota,1993,9,72.30000000000001
Hambantota,1993,10,237.15
Hambantota,1993,11,254.70000000000002
Hambantota,1993,12,204.91
Hambantota,1994,1,123.38
Hambantota,1994,2,123.75999999999999
Hambantota,1994,3,37.51
Hambantota,1994,4,88.8
Hambantota,1994,5,84.63
Hambantota,1994,6,48.9
Hambantota,1994,7,75.33
Hambantota,1994,8,39.68
Hambantota,1994,9,88.2
Hambantota,1994,10,139.81
Hambantota,1994,11,110.4
Hambantota,1994,12,25.73
Hambantota,1995,1,36.89
Hambantota,1995,2,25.48
Hambantota,1995,3,2.1700000000000004
Hambantota,1995,4,71.7
Hambantota,1995,5,49.29
Hambantota,1995,6,24.0
Hambantota,1995,7,13.33
Hambantota,1995,8,16.43
Hambantota,1995,9,13.8
Hambantota,1995,10,37.82
Hambantota,1995,11,47.1
Hambantota,1995,12,21.389999999999997
Hambantota,1996,1,23.56
Hambantota,1996,2,21.75
Hambantota,1996,3,1.8599999999999999
Hambantota,1996,4,51.0
Hambantota,1996,5,33.79
Hambantota,1996,6,101.39999999999999
Hambantota,1996,7,8.680000000000001
Hambantota,1996,8,36.269999999999996
Hambantota,1996,9,36.0
Hambantota,1996,10,41.230000000000004
Hambantota,1996,11,90.89999999999999
Hambantota,1996,12,25.419999999999998
Hambantota,1997,1,2.79
Hambantota,1997,2,15.120000000000001
Hambantota,1997,3,11.78
Hambantota,1997,4,124.80000000000001
Hambantota,1997,5,134.85
Hambantota,1997,6,67.8
Hambantota,1997,7,68.82000000000001
Hambantota,1997,8,44.949999999999996
Hambantota,1997,9,238.5
Hambantota,1997,10,278.07
Hambantota,1997,11,342.0
Hambantota,1997,12,128.34
Hambantota,1998,1,33.17
Hambantota,1998,2,1.68
Hambantota,1998,3,26.97
Hambantota,1998,4,42.3
Hambantota,1998,5,124.0
Hambantota,1998,6,84.3
Hambantota,1998,7,122.14
Hambantota,1998,8,97.64999999999999
Hambantota,1998,9,81.60000000000001
Hambantota,1998,10,125.24
Hambantota,1998,11,202.20000000000002
Hambantota,1998,12,317.44
Hambantota,1999,1,169.57
Hambantota,1999,2,133.0
Hambantota,1999,3,49.6
Hambantota,1999,4,165.29999999999998
Hambantota,1999,5,182.9
Hambantota,1999,6,87.6
Hambantota,1999,7,34.1
Hambantota,1999,8,53.94
Hambantota,1999,9,96.0
Hambantota,1999,10,171.43
Hambantota,1999,11,176.1
Hambantota,1999,12,106.64
Hambantota,2000,1,13.02
Hambantota,2000,2,79.46000000000001
Hambantota,2000,3,63.86
Hambantota,2000,4,64.2
Hambantota,2000,5,17.98
Hambantota,2000,6,56.4
Hambantota,2000,7,67.27
Hambantota,2000,8,97.64999999999999
Hambantota,2000,9,68.1
Hambantota,2000,10,66.96000000000001
Hambantota,2000,11,200.39999999999998
Hambantota,2000,12,111.60000000000001
Hambantota,2001,1,260.71
Hambantota,2001,2,66.92
Hambantota,2001,3,7.75
Hambantota,2001,4,138.3
Hambantota,2001,5,70.05999999999999
Hambantota,2001,6,59.7
Hambantota,2001,7,68.2
Hambantota,2001,8,13.02
Hambantota,2001,9,108.0
Hambantota,2001,10,84.32000000000001
Hambantota,2001,11,216.9
Hambantota,2001,12,121.83
Hambantota,2002,1,47.74
Hambantota,2002,2,72.24000000000001
Hambantota,2002,3,45.26
Hambantota,2002,4,154.8
Hambantota,2002,5,149.10999999999999
Hambantota,2002,6,55.800000000000004
Hambantota,2002,7,32.550000000000004
Hambantota,2002,8,69.75
Hambantota,2002,9,27.900000000000002
Hambantota,2002,10,242.10999999999999
Hambantota,2002,11,232.5
Hambantota,2002,12,260.71
Hambantota,2003,1,97.64999999999999
Hambantota,2003,2,64.68
Hambantota,2003,3,108.80999999999999
Hambantota,2003,4,196.2
Hambantota,2003,5,143.84
Hambantota,2003,6,53.7
Hambantota,2003,7,51.46
Hambantota,2003,8,51.769999999999996
Hambantota,2003,9,48.300000000000004
Hambantota,2003,10,107.57000000000001
Hambantota,2003,11,302.4
Hambantota,2003,12,31.93
Hambantota,2004,1,55.800000000000004
Hambantota,2004,2,81.49
Hambantota,2004,3,37.51
Hambantota,2004,4,123.30000000000001
Hambantota,2004,5,153.76
Hambantota,2004,6,72.6
Hambantota,2004,7,37.199999999999996
Hambantota,2004,8,37.199999999999996
Hambantota,2004,9,190.5
Hambantota,2004,10,245.21
Hambantota,2004,11,268.2
Hambantota,2004,12,307.83
Hambantota,2005,1,89.59
Hambantota,2005,2,17.64
Hambantota,2005,3,95.78999999999999
Hambantota,2005,4,128.7
Hambantota,2005,5,112.84
Hambantota,2005,6,60.89999999999999
Hambantota,2005,7,97.34
Hambantota,2005,8,31.62
Hambantota,2005,9,66.3
Hambantota,2005,10,218.24
Hambantota,2005,11,370.2
Hambantota,2005,12,151.9
Hambantota,2006,1,234.67000000000002
Hambantota,2006,2,82.32
Hambantota,2006,3,114.39
Hambantota,2006,4,77.1
Hambantota,2006,5,127.1
Hambantota,2006,6,53.4
Hambantota,2006,7,55.18
Hambantota,2006,8,108.19000000000001
Hambantota,2006,9,178.8
Hambantota,2006,10,361.46
Hambantota,2006,11,354.9
Hambantota,2006,12,266.29
Hambantota,2007,1,223.51
Hambantota,2007,2,38.64
Hambantota,2007,3,41.230000000000004
Hambantota,2007,4,275.1
Hambantota,2007,5,41.230000000000004
Hambantota,2007,6,102.9
Hambantota,2007,7,53.63
Hambantota,2007,8,128.34
Hambantota,2007,9,149.4
Hambantota,2007,10,264.12
Hambantota,2007,11,159.9
Hambantota,2007,12,225.06
Hambantota,2008,1,129.89000000000001
Hambantota,2008,2,120.05999999999999
Hambantota,2008,3,316.82
Hambantota,2008,4,274.20000000000005
Hambantota,2008,5,57.660000000000004
Hambantota,2008,6,105.6
Hambantota,2008,7,104.78
Hambantota,2008,8,72.85000000000001
Hambantota,2008,9,62.400000000000006
Hambantota,2008,10,184.45000000000002
Hambantota,2008,11,211.5
Hambantota,2008,12,122.76
Hambantota,2009,1,52.39
Hambantota,2009,2,4.760000000000001
Hambantota,2009,3,149.10999999999999
Hambantota,2009,4,193.8
Hambantota,2009,5,127.1
Hambantota,2009,6,104.4
Hambantota,2009,7,44.949999999999996
Hambantota,2009,8,130.82
Hambantota,2009,9,105.0
Hambantota,2009,10,169.57
Hambantota,2009,11,456.3
Hambantota,2009,12,245.21
Hambantota,2010,1,147.56
Hambantota,2010,2,53.48
Hambantota,2010,3,117.8
Hambantota,2010,4,324.6
Hambantota,2010,5,330.46
Hambantota,2010,6,160.5
Hambantota,2010,7,111.28999999999999
Hambantota,2010,8,135.78
Hambantota,2010,9,182.4
Hambantota,2010,10,184.76
Hambantota,2010,11,568.8000000000001
Hambantota,2010,12,470.58
Hambantota,2011,1,637.9799999999999
Hambantota,2011,2,413.56
Hambantota,2011,3,250.79
Hambantota,2011,4,301.2
Hambantota,2011,5,163.06
Hambantota,2011,6,66.60000000000001
Hambantota,2011,7,78.12
Hambantota,2011,8,139.5
Hambantota,2011,9,124.19999999999999
Hambantota,2011,10,265.05
Hambantota,2011,11,309.0
Hambantota,2011,12,182.59
Hambantota,2012,1,62.92999999999999
Hambantota,2012,2,185.89000000000001
Hambantota,2012,3,103.23
Hambantota,2012,4,344.7
Hambantota,2012,5,53.63
Hambantota,2012,6,77.4
Hambantota,2012,7,62.309999999999995
Hambantota,2012,8,134.23
Hambantota,2012,9,199.5
Hambantota,2012,10,356.5
Hambantota,2012,11,342.9
Hambantota,2012,12,442.37
Hambantota,2013,1,329.53000000000003
Hambantota,2013,2,230.44
Hambantota,2013,3,182.28
Hambantota,2013,4,234.29999999999998
Hambantota,2013,5,231.57
Hambantota,2013,6,169.2
Hambantota,2013,7,140.43
Hambantota,2013,8,46.19
Hambantota,2013,9,148.20000000000002
Hambantota,2013,10,186.61999999999998
Hambantota,2013,11,183.0
Hambantota,2013,12,149.10999999999999
Hambantota,2014,1,102.92
Hambantota,2014,2,31.639999999999997
Hambantota,2014,3,78.12
Hambantota,2014,4,156.3
Hambantota,2014,5,177.94
Hambantota,2014,6,84.6
Hambantota,2014,7,33.79
Hambantota,2014,8,145.39000000000001
Hambantota,2014,9,150.0
Hambantota,2014,10,482.98
Hambantota,2014,11,333.29999999999995
Hambantota,2014,12,637.0500000000001
Hambantota,2015,1,35.029999999999994
Hambantota,2015,2,177.24
Hambantota,2015,3,114.39
Hambantota,2015,4,267.0
Hambantota,2015,5,148.49
Hambantota,2015,6,156.0
Hambantota,2015,7,83.08
Hambantota,2015,8,128.65
Hambantota,2015,9,337.8
Hambantota,2015,10,386.26000000000005
Hambantota,2015,11,389.1
Hambantota,2015,12,271.56
Hambantota,2016,1,61.38
Hambantota,2016,2,100.63000000000001
Hambantota,2016,3,82.77
Hambantota,2016,4,94.80000000000001
Hambantota,2016,5,349.98999999999995
Hambantota,2016,6,65.4
Hambantota,2016,7,61.69
Hambantota,2016,8,23.25
Hambantota,2016,9,23.700000000000003
Hambantota,2016,10,180.10999999999999
Hambantota,2016,11,250.5
Hambantota,2016,12,111.60000000000001
Hambantota,2017,1,69.13
Hambantota,2017,2,116.48
Hambantota,2017,3,172.98
Hambantota,2017,4,78.0
Hambantota,2017,5,257.3
Hambantota,2017,6,72.9
Hambantota,2017,7,43.4
Hambantota,2017,8,112.84
Hambantota,2017,9,133.8
Hambantota,2017,10,339.76000000000005
Hambantota,2017,11,311.09999999999997
Hambantota,2017,12,247.69
Hambantota,2018,1,58.279999999999994
Hambantota,2018,2,73.36
Hambantota,2018,3,156.54999999999998
Hambantota,2018,4,187.20000000000002
Hambantota,2018,5,363.63
Hambantota,2018,6,116.39999999999999
Hambantota,2018,7,74.71000000000001
Hambantota,2018,8,67.58
Hambantota,2018,9,128.7
Hambantota,2018,10,193.44
Hambantota,2018,11,202.5
Hambantota,2018,12,106.95
Hambantota,2019,1,41.230000000000004
Hambantota,2019,2,128.24
Hambantota,2019,3,34.1
Hambantota,2019,4,78.89999999999999
Hambantota,2019,5,59.83
Hambantota,2019,6,67.2
Hambantota,2019,7,84.63
Hambantota,2019,8,189.1
Hambantota,2019,9,363.0
Hambantota,2019,10,420.36
Hambantota,2019,11,345.9
Hambantota,2019,12,329.84000000000003
Hambantota,2020,1,68.2
Hambantota,2020,2,33.349999999999994
Hambantota,2020,3,20.46
Hambantota,2020,4,122.69999999999999
Hambantota,2020,5,230.95000000000002
Hambantota,2020,6,117.30000000000001
Hambantota,2020,7,136.4
Hambantota,2020,8,106.95
Hambantota,2020,9,218.4
Hambantota,2020,10,121.21000000000001
Hambantota,2020,11,308.09999999999997
Hambantota,2020,12,265.36
Hambantota,2021,1,234.35999999999999
Hambantota,2021,2,72.8
Hambantota,2021,3,182.28
Hambantota,2021,4,131.4
Hambantota,2021,5,269.39
Hambantota,2021,6,165.9
Hambantota,2021,7,146.63000000000002
Hambantota,2021,8,177.94
Hambantota,2021,9,240.29999999999998
Hambantota,2021,10,299.77
Hambantota,2021,11,472.5
Hambantota,2021,12,167.71
Hambantota,2022,1,133.29999999999998
Hambantota,2022,2,147.28
Hambantota,2022,3,89.28
Hambantota,2022,4,342.9
Hambantota,2022,5,233.11999999999998
Hambantota,2022,6,113.7
Hambantota,2022,7,142.6
Hambantota,2022,8,199.02
Hambantota,2022,9,74.4
Hambantota,2022,10,350.92
Hambantota,2022,11,339.0
Hambantota,2022,12,273.73
Hambantota,2023,1,114.08
Hambantota,2023,2,171.36
Hambantota,2023,3,110.67
Hambantota,2023,4,160.5
Hambantota,2023,5,229.09
Hambantota,2023,6,145.8
Hambantota,2023,7,86.49
Hambantota,2023,8,101.99
Hambantota,2023,9,498.6
Hambantota,2023,10,775.0
Hambantota,2023,11,409.20000000000005
Hambantota,2023,12,501.89000000000004
Hambantota,2024,1,349.98999999999995
Hambantota,2024,2,26.68
Hambantota,2024,3,31.0
Hambantota,2024,4,99.9
Hambantota,2024,5,177.63000000000002
Hambantota,2024,6,84.3
Hambantota,2024,7,82.46000000000001
Hambantota,2024,8,131.75
Hambantota,2024,9,86.7
Hambantota,2024,10,188.17000000000002
Hambantota,2024,11,377.1
Hambantota,2024,12,186.61999999999998
Hambantota,2025,1,256.06
Hambantota,2025,2,107.24000000000001
Hambantota,2025,3,255.75
Hambantota,2025,4,306.6
Hambantota,2025,5,230.95000000000002
Hambantota,2025,6,82.5
Hambantota,2025,7,51.769999999999996
Hambantota,2025,8,70.37
Hambantota,2025,9,179.1
Hambantota,2025,10,348.13
Hambantota,2025,11,729.0
Hambantota,2025,12,208.32
Jaffna,1984,1,192.51
Jaffna,1984,2,315.22999999999996
Jaffna,1984,3,112.22
Jaffna,1984,4,181.2
Jaffna,1984,5,14.879999999999999
Jaffna,1984,6,11.700000000000001
Jaffna,1984,7,150.35
Jaffna,1984,8,23.25
Jaffna,1984,9,233.1
Jaffna,1984,10,101.67999999999999
Jaffna,1984,11,225.9
Jaffna,1984,12,94.24
Jaffna,1985,1,93.62
Jaffna,1985,2,69.72
Jaffna,1985,3,41.85
Jaffna,1985,4,47.1
Jaffna,1985,5,52.699999999999996
Jaffna,1985,6,26.4
Jaffna,1985,7,55.49
Jaffna,1985,8,64.48
Jaffna,1985,9,133.20000000000002
Jaffna,1985,10,79.67
Jaffna,1985,11,294.9
Jaffna,1985,12,179.79999999999998
Jaffna,1986,1,106.33
Jaffna,1986,2,22.959999999999997
Jaffna,1986,3,96.10000000000001
Jaffna,1986,4,58.199999999999996
Jaffna,1986,5,46.5
Jaffna,1986,6,9.0
Jaffna,1986,7,16.740000000000002
Jaffna,1986,8,31.0
Jaffna,1986,9,74.10000000000001
Jaffna,1986,10,160.27
Jaffna,1986,11,108.3
Jaffna,1986,12,90.52
Jaffna,1987,1,30.07
Jaffna,1987,2,3.08
Jaffna,1987,3,30.38
Jaffna,1987,4,88.8
Jaffna,1987,5,15.81
Jaffna,1987,6,14.7
Jaffna,1987,7,16.12
Jaffna,1987,8,26.66
Jaffna,1987,9,97.5
Jaffna,1987,10,227.85
Jaffna,1987,11,168.9
Jaffna,1987,12,141.67000000000002
Jaffna,1988,1,3.1
Jaffna,1988,2,55.68
Jaffna,1988,3,16.740000000000002
Jaffna,1988,4,188.4
Jaffna,1988,5,29.45
Jaffna,1988,6,38.1
Jaffna,1988,7,59.519999999999996
Jaffna,1988,8,109.42999999999999
Jaffna,1988,9,121.5
Jaffna,1988,10,66.34
Jaffna,1988,11,131.4
Jaffna,1988,12,48.36
Jaffna,1989,1,25.73
Jaffna,1989,2,3.64
Jaffna,1989,3,18.599999999999998
Jaffna,1989,4,29.099999999999998
Jaffna,1989,5,42.779999999999994
Jaffna,1989,6,51.3
Jaffna,1989,7,130.51
Jaffna,1989,8,9.61
Jaffna,1989,9,129.9
Jaffna,1989,10,212.66
Jaffna,1989,11,219.0
Jaffna,1989,12,62.309999999999995
Jaffna,1990,1,156.54999999999998
Jaffna,1990,2,1.9600000000000002
Jaffna,1990,3,40.300000000000004
Jaffna,1990,4,31.8
Jaffna,1990,5,102.61
Jaffna,1990,6,4.2
Jaffna,1990,7,16.12
Jaffna,1990,8,80.60000000000001
Jaffna,1990,9,90.6
Jaffna,1990,10,216.69
Jaffna,1990,11,82.2
Jaffna,1990,12,46.5
Jaffna,1991,1,27.28
Jaffna,1991,2,2.8000000000000003
Jaffna,1991,3,37.82
Jaffna,1991,4,66.3
Jaffna,1991,5,69.44000000000001
Jaffna,1991,6,93.0
Jaffna,1991,7,20.46
Jaffna,1991,8,31.62
Jaffna,1991,9,93.89999999999999
Jaffna,1991,10,248.31
Jaffna,1991,11,310.5
Jaffna,1991,12,100.44000000000001
Jaffna,1992,1,8.370000000000001
Jaffna,1992,2,0.0
Jaffna,1992,3,0.31
Jaffna,1992,4,76.2
Jaffna,1992,5,75.64
Jaffna,1992,6,42.9
Jaffna,1992,7,44.019999999999996
Jaffna,1992,8,26.97
Jaffna,1992,9,138.3
Jaffna,1992,10,149.73
Jaffna,1992,11,288.29999999999995
Jaffna,1992,12,169.26
Jaffna,1993,1,4.03
Jaffna,1993,2,3.08
Jaffna,1993,3,34.720000000000006
Jaffna,1993,4,86.10000000000001
Jaffna,1993,5,68.2
Jaffna,1993,6,41.1
Jaffna,1993,7,48.980000000000004
Jaffna,1993,8,19.84
Jaffna,1993,9,26.7
Jaffna,1993,10,334.8
Jaffna,1993,11,430.5
Jaffna,1993,12,378.2
Jaffna,1994,1,40.61
Jaffna,1994,2,140.0
Jaffna,1994,3,19.22
Jaffna,1994,4,131.7
Jaffna,1994,5,112.84
Jaffna,1994,6,5.3999999999999995
Jaffna,1994,7,31.93
Jaffna,1994,8,7.4399999999999995
Jaffna,1994,9,63.0
Jaffna,1994,10,282.40999999999997
Jaffna,1994,11,116.39999999999999
Jaffna,1994,12,23.56
Jaffna,1995,1,29.139999999999997
Jaffna,1995,2,4.760000000000001
Jaffna,1995,3,3.7199999999999998
Jaffna,1995,4,26.1
Jaffna,1995,5,65.72
Jaffna,1995,6,26.1
Jaffna,1995,7,21.389999999999997
Jaffna,1995,8,22.32
Jaffna,1995,9,25.2
Jaffna,1995,10,81.84
Jaffna,1995,11,63.6
Jaffna,1995,12,11.47
Jaffna,1996,1,4.340000000000001
Jaffna,1996,2,9.860000000000001
Jaffna,1996,3,1.24
Jaffna,1996,4,85.5
Jaffna,1996,5,13.02
Jaffna,1996,6,71.10000000000001
Jaffna,1996,7,14.569999999999999
Jaffna,1996,8,55.800000000000004
Jaffna,1996,9,51.6
Jaffna,1996,10,61.69
Jaffna,1996,11,75.89999999999999
Jaffna,1996,12,133.92000000000002
Jaffna,1997,1,13.950000000000001
Jaffna,1997,2,0.28
Jaffna,1997,3,4.340000000000001
Jaffna,1997,4,51.0
Jaffna,1997,5,64.48
Jaffna,1997,6,33.6
Jaffna,1997,7,37.82
Jaffna,1997,8,13.02
Jaffna,1997,9,48.0
Jaffna,1997,10,161.51
Jaffna,1997,11,273.90000000000003
Jaffna,1997,12,131.13000000000002
Jaffna,1998,1,14.569999999999999
Jaffna,1998,2,1.12
Jaffna,1998,3,1.8599999999999999
Jaffna,1998,4,13.2
Jaffna,1998,5,123.07000000000001
Jaffna,1998,6,6.9
Jaffna,1998,7,29.45
Jaffna,1998,8,75.95
Jaffna,1998,9,48.300000000000004
Jaffna,1998,10,80.60000000000001
Jaffna,1998,11,181.5
Jaffna,1998,12,413.84999999999997
Jaffna,1999,1,83.08
Jaffna,1999,2,33.32
Jaffna,1999,3,7.13
Jaffna,1999,4,125.39999999999999
Jaffna,1999,5,31.31
Jaffna,1999,6,16.8
Jaffna,1999,7,13.33
Jaffna,1999,8,29.759999999999998
Jaffna,1999,9,45.6
Jaffna,1999,10,158.41
Jaffna,1999,11,162.3
Jaffna,1999,12,70.99
Jaffna,2000,1,30.07
Jaffna,2000,2,54.519999999999996
Jaffna,2000,3,3.1
Jaffna,2000,4,34.8
Jaffna,2000,5,59.21
Jaffna,2000,6,15.3
Jaffna,2000,7,122.14
Jaffna,2000,8,27.28
Jaffna,2000,9,118.8
Jaffna,2000,10,103.23
Jaffna,2000,11,227.4
Jaffna,2000,12,81.53
Jaffna,2001,1,49.910000000000004
Jaffna,2001,2,64.68
Jaffna,2001,3,0.31
Jaffna,2001,4,159.60000000000002
Jaffna,2001,5,32.550000000000004
Jaffna,2001,6,63.9
Jaffna,2001,7,47.12
Jaffna,2001,8,15.5
Jaffna,2001,9,44.4
Jaffna,2001,10,150.35
Jaffna,2001,11,261.6
Jaffna,2001,12,218.54999999999998
Jaffna,2002,1,23.87
Jaffna,2002,2,78.12
Jaffna,2002,3,6.51
Jaffna,2002,4,115.19999999999999
Jaffna,2002,5,60.449999999999996
Jaffna,2002,6,34.5
Jaffna,2002,7,4.6499999999999995
Jaffna,2002,8,11.47
Jaffna,2002,9,14.7
Jaffna,2002,10,300.39
Jaffna,2002,11,109.5
Jaffna,2002,12,113.46000000000001
Jaffna,2003,1,53.32
Jaffna,2003,2,42.28
Jaffna,2003,3,18.29
Jaffna,2003,4,79.2
Jaffna,2003,5,124.93
Jaffna,2003,6,13.8
Jaffna,2003,7,29.759999999999998
Jaffna,2003,8,50.529999999999994
Jaffna,2003,9,45.6
Jaffna,2003,10,144.77
Jaffna,2003,11,333.0
Jaffna,2003,12,25.73
Jaffna,2004,1,4.03
Jaffna,2004,2,6.67
Jaffna,2004,3,14.879999999999999
Jaffna,2004,4,46.5
Jaffna,2004,5,172.67000000000002
Jaffna,2004,6,11.700000000000001
Jaffna,2004,7,31.62
Jaffna,2004,8,23.87
Jaffna,2004,9,129.0
Jaffna,2004,10,267.21999999999997
Jaffna,2004,11,288.29999999999995
Jaffna,2004,12,188.48
Jaffna,2005,1,76.88
Jaffna,2005,2,2.8000000000000003
Jaffna,2005,3,46.19
Jaffna,2005,4,192.6
Jaffna,2005,5,59.21
Jaffna,2005,6,9.3
Jaffna,2005,7,16.43
Jaffna,2005,8,31.93
Jaffna,2005,9,28.799999999999997
Jaffna,2005,10,191.27
Jaffna,2005,11,477.9
Jaffna,2005,12,108.80999999999999
Jaffna,2006,1,56.11
Jaffna,2006,2,7.5600000000000005
Jaffna,2006,3,85.25
Jaffna,2006,4,45.0
Jaffna,2006,5,35.65
Jaffna,2006,6,9.6
Jaffna,2006,7,7.13
Jaffna,2006,8,77.5
Jaffna,2006,9,75.0
Jaffna,2006,10,289.23
Jaffna,2006,11,257.4
Jaffna,2006,12,55.18
Jaffna,2007,1,24.18
Jaffna,2007,2,33.879999999999995
Jaffna,2007,3,3.7199999999999998
Jaffna,2007,4,59.1
Jaffna,2007,5,13.33
Jaffna,2007,6,43.8
Jaffna,2007,7,22.009999999999998
Jaffna,2007,8,53.32
Jaffna,2007,9,71.39999999999999
Jaffna,2007,10,288.92
Jaffna,2007,11,137.4
Jaffna,2007,12,233.11999999999998
Jaffna,2008,1,11.47
Jaffna,2008,2,50.75
Jaffna,2008,3,188.48
Jaffna,2008,4,86.7
Jaffna,2008,5,17.360000000000003
Jaffna,2008,6,12.6
Jaffna,2008,7,27.59
Jaffna,2008,8,53.63
Jaffna,2008,9,12.0
Jaffna,2008,10,164.29999999999998
Jaffna,2008,11,247.79999999999998
Jaffna,2008,12,137.32999999999998
Jaffna,2009,1,17.669999999999998
Jaffna,2009,2,0.0
Jaffna,2009,3,83.7
Jaffna,2009,4,64.80000000000001
Jaffna,2009,5,22.009999999999998
Jaffna,2009,6,7.199999999999999
Jaffna,2009,7,9.61
Jaffna,2009,8,58.279999999999994
Jaffna,2009,9,23.1
Jaffna,2009,10,93.0
Jaffna,2009,11,395.7
Jaffna,2009,12,296.36
Jaffna,2010,1,44.019999999999996
Jaffna,2010,2,1.68
Jaffna,2010,3,9.61
Jaffna,2010,4,63.3
Jaffna,2010,5,70.67999999999999
Jaffna,2010,6,30.0
Jaffna,2010,7,27.28
Jaffna,2010,8,105.09
Jaffna,2010,9,153.9
Jaffna,2010,10,149.42000000000002
Jaffna,2010,11,451.2
Jaffna,2010,12,352.15999999999997
Jaffna,2011,1,126.48
Jaffna,2011,2,67.2
Jaffna,2011,3,6.51
Jaffna,2011,4,183.6
Jaffna,2011,5,14.879999999999999
Jaffna,2011,6,6.9
Jaffna,2011,7,15.19
Jaffna,2011,8,47.12
Jaffna,2011,9,28.5
Jaffna,2011,10,251.40999999999997
Jaffna,2011,11,425.7
Jaffna,2011,12,215.14000000000001
Jaffna,2012,1,26.349999999999998
Jaffna,2012,2,8.99
Jaffna,2012,3,15.5
Jaffna,2012,4,63.0
Jaffna,2012,5,8.99
Jaffna,2012,6,9.6
Jaffna,2012,7,14.26
Jaffna,2012,8,17.360000000000003
Jaffna,2012,9,91.5
Jaffna,2012,10,407.65000000000003
Jaffna,2012,11,111.3
Jaffna,2012,12,299.15000000000003
Jaffna,2013,1,110.05
Jaffna,2013,2,128.79999999999998
Jaffna,2013,3,113.77
Jaffna,2013,4,38.7
Jaffna,2013,5,68.51
Jaffna,2013,6,12.9
Jaffna,2013,7,12.4
Jaffna,2013,8,54.87
Jaffna,2013,9,107.69999999999999
Jaffna,2013,10,94.24
Jaffna,2013,11,175.8
Jaffna,2013,12,147.86999999999998
Jaffna,2014,1,96.41
Jaffna,2014,2,15.959999999999999
Jaffna,2014,3,2.1700000000000004
Jaffna,2014,4,31.200000000000003
Jaffna,2014,5,130.51
Jaffna,2014,6,9.6
Jaffna,2014,7,7.75
Jaffna,2014,8,81.53
Jaffna,2014,9,80.7
Jaffna,2014,10,256.98999999999995
Jaffna,2014,11,394.8
Jaffna,2014,12,290.46999999999997
Jaffna,2015,1,2.79
Jaffna,2015,2,51.52
Jaffna,2015,3,41.230000000000004
Jaffna,2015,4,135.6
Jaffna,2015,5,198.4
Jaffna,2015,6,26.7
Jaffna,2015,7,11.47
Jaffna,2015,8,53.01
Jaffna,2015,9,98.7
Jaffna,2015,10,231.88000000000002
Jaffna,2015,11,533.4000000000001
Jaffna,2015,12,273.73
Jaffna,2016,1,30.07
Jaffna,2016,2,8.120000000000001
Jaffna,2016,3,9.299999999999999
Jaffna,2016,4,12.299999999999999
Jaffna,2016,5,278.69
Jaffna,2016,6,21.0
Jaffna,2016,7,23.87
Jaffna,2016,8,37.51
Jaffna,2016,9,14.7
Jaffna,2016,10,66.64999999999999
Jaffna,2016,11,190.5
Jaffna,2016,12,110.05
Jaffna,2017,1,102.92
Jaffna,2017,2,18.76
Jaffna,2017,3,83.39
Jaffna,2017,4,13.2
Jaffna,2017,5,50.529999999999994
Jaffna,2017,6,22.2
Jaffna,2017,7,20.77
Jaffna,2017,8,86.8
Jaffna,2017,9,78.60000000000001
Jaffna,2017,10,122.76
Jaffna,2017,11,286.5
Jaffna,2017,12,89.28
Jaffna,2018,1,23.87
Jaffna,2018,2,15.120000000000001
Jaffna,2018,3,39.68
Jaffna,2018,4,40.800000000000004
Jaffna,2018,5,130.82
Jaffna,2018,6,23.700000000000003
Jaffna,2018,7,16.12
Jaffna,2018,8,21.389999999999997
Jaffna,2018,9,41.4
Jaffna,2018,10,214.82999999999998
Jaffna,2018,11,268.8
Jaffna,2018,12,88.35000000000001
Jaffna,2019,1,1.24
Jaffna,2019,2,34.16
Jaffna,2019,3,2.1700000000000004
Jaffna,2019,4,29.099999999999998
Jaffna,2019,5,5.58
Jaffna,2019,6,15.3
Jaffna,2019,7,42.160000000000004
Jaffna,2019,8,78.42999999999999
Jaffna,2019,9,160.5
Jaffna,2019,10,434.0
Jaffna,2019,11,243.29999999999998
Jaffna,2019,12,238.70000000000002
Jaffna,2020,1,18.29
Jaffna,2020,2,13.05
Jaffna,2020,3,3.7199999999999998
Jaffna,2020,4,43.199999999999996
Jaffna,2020,5,73.47
Jaffna,2020,6,30.6
Jaffna,2020,7,97.03
Jaffna,2020,8,43.71
Jaffna,2020,9,156.9
Jaffna,2020,10,87.42
Jaffna,2020,11,278.4
Jaffna,2020,12,557.38
Jaffna,2021,1,302.56
Jaffna,2021,2,20.72
Jaffna,2021,3,17.669999999999998
Jaffna,2021,4,70.19999999999999
Jaffna,2021,5,82.14999999999999
Jaffna,2021,6,44.7
Jaffna,2021,7,55.18
Jaffna,2021,8,57.35
Jaffna,2021,9,94.5
Jaffna,2021,10,333.25
Jaffna,2021,11,627.0
Jaffna,2021,12,124.61999999999999
Jaffna,2022,1,100.44000000000001
Jaffna,2022,2,65.8
Jaffna,2022,3,20.150000000000002
Jaffna,2022,4,182.4
Jaffna,2022,5,30.07
Jaffna,2022,6,38.4
Jaffna,2022,7,205.53
Jaffna,2022,8,93.30999999999999
Jaffna,2022,9,38.4
Jaffna,2022,10,290.46999999999997
Jaffna,2022,11,262.5
Jaffna,2022,12,256.06
Jaffna,2023,1,44.33
Jaffna,2023,2,128.24
Jaffna,2023,3,35.65
Jaffna,2023,4,48.0
Jaffna,2023,5,178.56
Jaffna,2023,6,21.599999999999998
Jaffna,2023,7,22.63
Jaffna,2023,8,32.24
Jaffna,2023,9,74.4
Jaffna,2023,10,176.39000000000001
Jaffna,2023,11,441.6
Jaffna,2023,12,372.31
Jaffna,2024,1,97.03
Jaffna,2024,2,2.9000000000000004
Jaffna,2024,3,16.740000000000002
Jaffna,2024,4,20.400000000000002
Jaffna,2024,5,122.45
Jaffna,2024,6,43.5
Jaffna,2024,7,17.05
Jaffna,2024,8,83.7
Jaffna,2024,9,27.3
Jaffna,2024,10,186.61999999999998
Jaffna,2024,11,381.90000000000003
Jaffna,2024,12,146.32
Jaffna,2025,1,106.64
Jaffna,2025,2,54.32
Jaffna,2025,3,55.18
Jaffna,2025,4,74.7
Jaffna,2025,5,113.46000000000001
Jaffna,2025,6,28.2
Jaffna,2025,7,11.16
Jaffna,2025,8,42.160000000000004
Jaffna,2025,9,75.6
Jaffna,2025,10,345.96
Jaffna,2025,11,556.1999999999999
Jaffna,2025,12,141.98
Kalutara,1984,1,185.38000000000002
Kalutara,1984,2,214.60000000000002
Kalutara,1984,3,150.97
Kalutara,1984,4,310.5
Kalutara,1984,5,188.48
Kalutara,1984,6,153.6
Kalutara,1984,7,171.43
Kalutara,1984,8,50.839999999999996
Kalutara,1984,9,230.1
Kalutara,1984,10,159.96
Kalutara,1984,11,257.7
Kalutara,1984,12,36.269999999999996
Kalutara,1985,1,37.51
Kalutara,1985,2,122.08000000000001
Kalutara,1985,3,94.86
Kalutara,1985,4,106.5
Kalutara,1985,5,167.71
Kalutara,1985,6,198.6
Kalutara,1985,7,48.36
Kalutara,1985,8,68.2
Kalutara,1985,9,141.6
Kalutara,1985,10,224.13000000000002
Kalutara,1985,11,201.6
Kalutara,1985,12,107.57000000000001
Kalutara,1986,1,172.67000000000002
Kalutara,1986,2,58.800000000000004
Kalutara,1986,3,195.60999999999999
Kalutara,1986,4,147.3
Kalutara,1986,5,148.18
Kalutara,1986,6,75.0
Kalutara,1986,7,41.85
Kalutara,1986,8,113.14999999999999
Kalutara,1986,9,116.7
Kalutara,1986,10,184.14000000000001
Kalutara,1986,11,84.3
Kalutara,1986,12,114.08
Kalutara,1987,1,56.730000000000004
Kalutara,1987,2,7.5600000000000005
Kalutara,1987,3,38.75
Kalutara,1987,4,134.70000000000002
Kalutara,1987,5,157.17000000000002
Kalutara,1987,6,120.9
Kalutara,1987,7,6.2
Kalutara,1987,8,231.26
Kalutara,1987,9,124.50000000000001
Kalutara,1987,10,360.84000000000003
Kalutara,1987,11,222.3
Kalutara,1987,12,96.41
Kalutara,1988,1,28.52
Kalutara,1988,2,35.67
Kalutara,1988,3,139.19
Kalutara,1988,4,234.0
Kalutara,1988,5,103.85000000000001
Kalutara,1988,6,133.8
Kalutara,1988,7,101.67999999999999
Kalutara,1988,8,108.80999999999999
Kalutara,1988,9,208.5
Kalutara,1988,10,23.87
Kalutara,1988,11,180.29999999999998
Kalutara,1988,12,75.95
Kalutara,1989,1,91.14
Kalutara,1989,2,17.08
Kalutara,1989,3,50.839999999999996
Kalutara,1989,4,170.70000000000002
Kalutara,1989,5,228.47
Kalutara,1989,6,160.5
Kalutara,1989,7,186.61999999999998
Kalutara,1989,8,84.94000000000001
Kalutara,1989,9,219.0
Kalutara,1989,10,195.92000000000002
Kalutara,1989,11,221.7
Kalutara,1989,12,72.53999999999999
Kalutara,1990,1,81.53
Kalutara,1990,2,26.88
Kalutara,1990,3,70.99
Kalutara,1990,4,112.5
Kalutara,1990,5,219.48
Kalutara,1990,6,126.9
Kalutara,1990,7,110.36
Kalutara,1990,8,37.51
Kalutara,1990,9,37.2
Kalutara,1990,10,205.53
Kalutara,1990,11,150.6
Kalutara,1990,12,126.78999999999999
Kalutara,1991,1,84.63
Kalutara,1991,2,6.44
Kalutara,1991,3,27.900000000000002
Kalutara,1991,4,111.0
Kalutara,1991,5,89.28
Kalutara,1991,6,173.4
Kalutara,1991,7,99.2
Kalutara,1991,8,109.42999999999999
Kalutara,1991,9,66.9
Kalutara,1991,10,265.98
Kalutara,1991,11,173.1
Kalutara,1991,12,107.88
Kalutara,1992,1,21.7
Kalutara,1992,2,13.34
Kalutara,1992,3,6.82
Kalutara,1992,4,76.5
Kalutara,1992,5,212.66
Kalutara,1992,6,93.0
Kalutara,1992,7,128.34
Kalutara,1992,8,86.8
Kalutara,1992,9,140.1
Kalutara,1992,10,132.68
Kalutara,1992,11,245.99999999999997
Kalutara,1992,12,101.99
Kalutara,1993,1,33.480000000000004
Kalutara,1993,2,12.88
Kalutara,1993,3,53.94
Kalutara,1993,4,106.2
Kalutara,1993,5,260.09000000000003
Kalutara,1993,6,168.0
Kalutara,1993,7,110.36
Kalutara,1993,8,35.029999999999994
Kalutara,1993,9,156.6
Kalutara,1993,10,224.44
Kalutara,1993,11,221.1
Kalutara,1993,12,163.36999999999998
Kalutara,1994,1,73.16
Kalutara,1994,2,87.36
Kalutara,1994,3,73.47
Kalutara,1994,4,107.1
Kalutara,1994,5,162.75
Kalutara,1994,6,77.69999999999999
Kalutara,1994,7,89.28
Kalutara,1994,8,62.62
Kalutara,1994,9,110.1
Kalutara,1994,10,221.65
Kalutara,1994,11,144.60000000000002
Kalutara,1994,12,43.089999999999996
Kalutara,1995,1,41.85
Kalutara,1995,2,31.919999999999998
Kalutara,1995,3,15.19
Kalutara,1995,4,124.80000000000001
Kalutara,1995,5,123.38
Kalutara,1995,6,97.8
Kalutara,1995,7,42.470000000000006
Kalutara,1995,8,40.300000000000004
Kalutara,1995,9,33.9
Kalutara,1995,10,90.83
Kalutara,1995,11,97.8
Kalutara,1995,12,24.18
Kalutara,1996,1,48.980000000000004
Kalutara,1996,2,27.84
Kalutara,1996,3,27.59
Kalutara,1996,4,101.7
Kalutara,1996,5,35.96
Kalutara,1996,6,159.0
Kalutara,1996,7,48.050000000000004
Kalutara,1996,8,43.71
Kalutara,1996,9,81.9
Kalutara,1996,10,95.78999999999999
Kalutara,1996,11,107.1
Kalutara,1996,12,38.44
Kalutara,1997,1,1.55
Kalutara,1997,2,19.32
Kalutara,1997,3,17.669999999999998
Kalutara,1997,4,115.19999999999999
Kalutara,1997,5,150.04
Kalutara,1997,6,76.2
Kalutara,1997,7,96.41
Kalutara,1997,8,45.26
Kalutara,1997,9,232.5
Kalutara,1997,10,337.59000000000003
Kalutara,1997,11,312.0
Kalutara,1997,12,145.70000000000002
Kalutara,1998,1,30.38
Kalutara,1998,2,3.9200000000000004
Kalutara,1998,3,24.18
Kalutara,1998,4,67.5
Kalutara,1998,5,202.43
Kalutara,1998,6,159.9
Kalutara,1998,7,173.91
Kalutara,1998,8,123.38
Kalutara,1998,9,123.60000000000001
Kalutara,1998,10,165.54
Kalutara,1998,11,193.8
Kalutara,1998,12,295.12
Kalutara,1999,1,119.03999999999999
Kalutara,1999,2,99.39999999999999
Kalutara,1999,3,66.03
Kalutara,1999,4,252.3
Kalutara,1999,5,265.98
Kalutara,1999,6,109.2
Kalutara,1999,7,66.96000000000001
Kalutara,1999,8,85.87
Kalutara,1999,9,120.3
Kalutara,1999,10,201.19
Kalutara,1999,11,126.0
Kalutara,1999,12,79.98
Kalutara,2000,1,29.759999999999998
Kalutara,2000,2,84.97
Kalutara,2000,3,84.94000000000001
Kalutara,2000,4,111.60000000000001
Kalutara,2000,5,59.519999999999996
Kalutara,2000,6,119.10000000000001
Kalutara,2000,7,71.3
Kalutara,2000,8,187.54999999999998
Kalutara,2000,9,93.0
Kalutara,2000,10,84.32000000000001
Kalutara,2000,11,200.1
Kalutara,2000,12,74.09
Kalutara,2001,1,141.67000000000002
Kalutara,2001,2,48.16
Kalutara,2001,3,20.46
Kalutara,2001,4,187.5
Kalutara,2001,5,125.85999999999999
Kalutara,2001,6,102.9
Kalutara,2001,7,81.53
Kalutara,2001,8,22.32
Kalutara,2001,9,144.60000000000002
Kalutara,2001,10,90.21000000000001
Kalutara,2001,11,125.1
Kalutara,2001,12,90.52
Kalutara,2002,1,34.720000000000006
Kalutara,2002,2,67.75999999999999
Kalutara,2002,3,53.01
Kalutara,2002,4,164.4
Kalutara,2002,5,220.41
Kalutara,2002,6,71.39999999999999
Kalutara,2002,7,42.160000000000004
Kalutara,2002,8,75.02
Kalutara,2002,9,62.099999999999994
Kalutara,2002,10,339.76000000000005
Kalutara,2002,11,239.1
Kalutara,2002,12,172.04999999999998
Kalutara,2003,1,59.83
Kalutara,2003,2,68.60000000000001
Kalutara,2003,3,103.53999999999999
Kalutara,2003,4,131.7
Kalutara,2003,5,220.72
Kalutara,2003,6,121.5
Kalutara,2003,7,91.45
Kalutara,2003,8,63.24
Kalutara,2003,9,101.39999999999999
Kalutara,2003,10,131.75
Kalutara,2003,11,323.09999999999997
Kalutara,2003,12,22.32
Kalutara,2004,1,28.830000000000002
Kalutara,2004,2,30.16
Kalutara,2004,3,31.62
Kalutara,2004,4,132.89999999999998
Kalutara,2004,5,193.44
Kalutara,2004,6,93.60000000000001
Kalutara,2004,7,85.25
Kalutara,2004,8,72.23
Kalutara,2004,9,281.40000000000003
Kalutara,2004,10,276.21
Kalutara,2004,11,235.8
Kalutara,2004,12,156.24
Kalutara,2005,1,88.66
Kalutara,2005,2,35.0
Kalutara,2005,3,135.16
Kalutara,2005,4,132.89999999999998
Kalutara,2005,5,193.44
Kalutara,2005,6,135.29999999999998
Kalutara,2005,7,119.66
Kalutara,2005,8,32.86
Kalutara,2005,9,88.8
Kalutara,2005,10,293.57
Kalutara,2005,11,386.40000000000003
Kalutara,2005,12,126.78999999999999
Kalutara,2006,1,192.51
Kalutara,2006,2,63.279999999999994
Kalutara,2006,3,115.01
Kalutara,2006,4,65.7
Kalutara,2006,5,180.73
Kalutara,2006,6,114.6
Kalutara,2006,7,120.89999999999999
Kalutara,2006,8,189.41
Kalutara,2006,9,170.39999999999998
Kalutara,2006,10,438.65000000000003
Kalutara,2006,11,375.0
Kalutara,2006,12,213.59
Kalutara,2007,1,108.5
Kalutara,2007,2,18.2
Kalutara,2007,3,28.52
Kalutara,2007,4,318.90000000000003
Kalutara,2007,5,111.91
Kalutara,2007,6,181.2
Kalutara,2007,7,110.05
Kalutara,2007,8,188.48
Kalutara,2007,9,179.1
Kalutara,2007,10,378.82
Kalutara,2007,11,173.7
Kalutara,2007,12,181.04
Kalutara,2008,1,68.82000000000001
Kalutara,2008,2,104.69
Kalutara,2008,3,256.98999999999995
Kalutara,2008,4,392.7
Kalutara,2008,5,110.36
Kalutara,2008,6,201.9
Kalutara,2008,7,203.35999999999999
Kalutara,2008,8,115.32000000000001
Kalutara,2008,9,79.5
Kalutara,2008,10,255.44
Kalutara,2008,11,208.5
Kalutara,2008,12,119.03999999999999
Kalutara,2009,1,31.93
Kalutara,2009,2,6.72
Kalutara,2009,3,179.79999999999998
Kalutara,2009,4,210.6
Kalutara,2009,5,254.51000000000002
Kalutara,2009,6,223.8
Kalutara,2009,7,109.42999999999999
Kalutara,2009,8,172.98
Kalutara,2009,9,177.6
Kalutara,2009,10,171.43
Kalutara,2009,11,441.0
Kalutara,2009,12,175.15
Kalutara,2010,1,109.74
Kalutara,2010,2,66.92
Kalutara,2010,3,110.67
Kalutara,2010,4,324.6
Kalutara,2010,5,498.47999999999996
Kalutara,2010,6,241.8
Kalutara,2010,7,188.48
Kalutara,2010,8,163.68
Kalutara,2010,9,220.2
Kalutara,2010,10,229.71
Kalutara,2010,11,520.2
Kalutara,2010,12,385.33
Kalutara,2011,1,246.14000000000001
Kalutara,2011,2,180.88
Kalutara,2011,3,204.6
Kalutara,2011,4,378.90000000000003
Kalutara,2011,5,193.44
Kalutara,2011,6,126.6
Kalutara,2011,7,134.23
Kalutara,2011,8,165.54
Kalutara,2011,9,151.2
Kalutara,2011,10,256.37
Kalutara,2011,11,326.09999999999997
Kalutara,2011,12,157.17000000000002
Kalutara,2012,1,69.75
Kalutara,2012,2,131.07999999999998
Kalutara,2012,3,156.54999999999998
Kalutara,2012,4,398.7
Kalutara,2012,5,114.7
Kalutara,2012,6,146.7
Kalutara,2012,7,97.34
Kalutara,2012,8,227.23
Kalutara,2012,9,240.89999999999998
Kalutara,2012,10,493.21
Kalutara,2012,11,349.5
Kalutara,2012,12,283.03000000000003
Kalutara,2013,1,119.97
Kalutara,2013,2,154.56
Kalutara,2013,3,214.82999999999998
Kalutara,2013,4,214.8
Kalutara,2013,5,292.02
Kalutara,2013,6,313.2
Kalutara,2013,7,211.10999999999999
Kalutara,2013,8,76.57000000000001
Kalutara,2013,9,216.6
Kalutara,2013,10,247.07
Kalutara,2013,11,242.7
Kalutara,2013,12,103.85000000000001
Kalutara,2014,1,84.94000000000001
Kalutara,2014,2,31.919999999999998
Kalutara,2014,3,88.35000000000001
Kalutara,2014,4,228.3
Kalutara,2014,5,189.41
Kalutara,2014,6,207.3
Kalutara,2014,7,86.49
Kalutara,2014,8,283.34000000000003
Kalutara,2014,9,256.5
Kalutara,2014,10,484.21999999999997
Kalutara,2014,11,299.7
Kalutara,2014,12,352.78000000000003
Kalutara,2015,1,45.57
Kalutara,2015,2,153.44
Kalutara,2015,3,181.97
Kalutara,2015,4,379.20000000000005
Kalutara,2015,5,188.79
Kalutara,2015,6,162.89999999999998
Kalutara,2015,7,110.36
Kalutara,2015,8,142.29
Kalutara,2015,9,344.40000000000003
Kalutara,2015,10,501.58
Kalutara,2015,11,500.4
Kalutara,2015,12,264.12
Kalutara,2016,1,81.22
Kalutara,2016,2,104.98
Kalutara,2016,3,106.33
Kalutara,2016,4,172.5
Kalutara,2016,5,536.61
Kalutara,2016,6,117.30000000000001
Kalutara,2016,7,88.03999999999999
Kalutara,2016,8,51.15
Kalutara,2016,9,42.599999999999994
Kalutara,2016,10,146.94
Kalutara,2016,11,352.2
Kalutara,2016,12,100.75
Kalutara,2017,1,86.8
Kalutara,2017,2,90.72
Kalutara,2017,3,239.63000000000002
Kalutara,2017,4,114.9
Kalutara,2017,5,332.94
Kalutara,2017,6,104.4
Kalutara,2017,7,53.32
Kalutara,2017,8,124.93
Kalutara,2017,9,182.4
Kalutara,2017,10,250.17000000000002
Kalutara,2017,11,448.8
Kalutara,2017,12,242.73
Kalutara,2018,1,39.68
Kalutara,2018,2,134.96
Kalutara,2018,3,187.24
Kalutara,2018,4,342.0
Kalutara,2018,5,416.33
Kalutara,2018,6,179.1
Kalutara,2018,7,96.72
Kalutara,2018,8,110.67
Kalutara,2018,9,141.6
Kalutara,2018,10,340.07
Kalutara,2018,11,348.90000000000003
Kalutara,2018,12,178.25
Kalutara,2019,1,70.67999999999999
Kalutara,2019,2,172.20000000000002
Kalutara,2019,3,73.47
Kalutara,2019,4,270.9
Kalutara,2019,5,126.17000000000002
Kalutara,2019,6,124.19999999999999
Kalutara,2019,7,106.33
Kalutara,2019,8,279.0
Kalutara,2019,9,378.29999999999995
Kalutara,2019,10,586.21
Kalutara,2019,11,407.1
Kalutara,2019,12,301.01000000000005
Kalutara,2020,1,74.71000000000001
Kalutara,2020,2,39.150000000000006
Kalutara,2020,3,66.64999999999999
Kalutara,2020,4,208.20000000000002
Kalutara,2020,5,385.33
Kalutara,2020,6,141.3
Kalutara,2020,7,149.42000000000002
Kalutara,2020,8,149.73
Kalutara,2020,9,284.40000000000003
Kalutara,2020,10,125.55
Kalutara,2020,11,342.0
Kalutara,2020,12,230.32999999999998
Kalutara,2021,1,283.03000000000003
Kalutara,2021,2,56.56
Kalutara,2021,3,239.01
Kalutara,2021,4,186.9
Kalutara,2021,5,403.93
Kalutara,2021,6,194.1
Kalutara,2021,7,196.85
Kalutara,2021,8,194.99
Kalutara,2021,9,200.1
Kalutara,2021,10,404.23999999999995
Kalutara,2021,11,457.5
Kalutara,2021,12,164.92000000000002
Kalutara,2022,1,145.70000000000002
Kalutara,2022,2,180.6
Kalutara,2022,3,134.54
Kalutara,2022,4,390.0
Kalutara,2022,5,318.98999999999995
Kalutara,2022,6,148.8
Kalutara,2022,7,132.68
Kalutara,2022,8,189.41
Kalutara,2022,9,92.4
Kalutara,2022,10,290.78000000000003
Kalutara,2022,11,290.4
Kalutara,2022,12,225.06
Kalutara,2023,1,128.03
Kalutara,2023,2,155.96
Kalutara,2023,3,177.32
Kalutara,2023,4,225.9
Kalutara,2023,5,259.46999999999997
Kalutara,2023,6,164.70000000000002
Kalutara,2023,7,103.53999999999999
Kalutara,2023,8,98.27
Kalutara,2023,9,448.5
Kalutara,2023,10,638.29
Kalutara,2023,11,549.3
Kalutara,2023,12,428.42
Kalutara,2024,1,280.55
Kalutara,2024,2,59.74
Kalutara,2024,3,96.41
Kalutara,2024,4,194.70000000000002
Kalutara,2024,5,370.14
Kalutara,2024,6,157.5
Kalutara,2024,7,120.89999999999999
Kalutara,2024,8,170.81
Kalutara,2024,9,109.80000000000001
Kalutara,2024,10,210.79999999999998
Kalutara,2024,11,408.29999999999995
Kalutara,2024,12,133.29999999999998
Kalutara,2025,1,183.21
Kalutara,2025,2,100.52
Kalutara,2025,3,349.06
Kalutara,2025,4,317.4
Kalutara,2025,5,224.13000000000002
Kalutara,2025,6,112.8
Kalutara,2025,7,88.97
Kalutara,2025,8,85.55999999999999
Kalutara,2025,9,173.1
Kalutara,2025,10,465.31
Kalutara,2025,11,713.4000000000001
Kalutara,2025,12,208.63000000000002
Kandy,1984,1,283.03000000000003
Kandy,1984,2,263.32
Kandy,1984,3,150.66
Kandy,1984,4,293.09999999999997
Kandy,1984,5,87.11
Kandy,1984,6,64.5
Kandy,1984,7,205.84
Kandy,1984,8,60.14
Kandy,1984,9,244.20000000000002
Kandy,1984,10,167.71
Kandy,1984,11,279.6
Kandy,1984,12,57.35
Kandy,1985,1,68.2
Kandy,1985,2,101.08
Kandy,1985,3,85.87
Kandy,1985,4,51.6
Kandy,1985,5,78.12
Kandy,1985,6,110.1
Kandy,1985,7,42.779999999999994
Kandy,1985,8,67.27
Kandy,1985,9,109.80000000000001
Kandy,1985,10,180.73
Kandy,1985,11,234.60000000000002
Kandy,1985,12,87.42
Kandy,1986,1,292.64
Kandy,1986,2,98.56
Kandy,1986,3,144.77
Kandy,1986,4,113.7
Kandy,1986,5,88.97
Kandy,1986,6,62.099999999999994
Kandy,1986,7,50.220000000000006
Kandy,1986,8,119.97
Kandy,1986,9,87.0
Kandy,1986,10,245.82999999999998
Kandy,1986,11,98.39999999999999
Kandy,1986,12,126.48
Kandy,1987,1,101.37
Kandy,1987,2,47.879999999999995
Kandy,1987,3,52.39
Kandy,1987,4,102.9
Kandy,1987,5,90.83
Kandy,1987,6,68.1
Kandy,1987,7,3.1
Kandy,1987,8,119.66
Kandy,1987,9,118.8
Kandy,1987,10,261.33
Kandy,1987,11,222.6
Kandy,1987,12,77.19000000000001
Kandy,1988,1,17.05
Kandy,1988,2,45.82
Kandy,1988,3,120.89999999999999
Kandy,1988,4,211.5
Kandy,1988,5,41.54
Kandy,1988,6,66.0
Kandy,1988,7,88.35000000000001
Kandy,1988,8,92.69000000000001
Kandy,1988,9,127.5
Kandy,1988,10,60.76
Kandy,1988,11,174.0
Kandy,1988,12,78.12
Kandy,1989,1,110.98
Kandy,1989,2,11.76
Kandy,1989,3,51.15
Kandy,1989,4,76.8
Kandy,1989,5,121.52
Kandy,1989,6,111.3
Kandy,1989,7,232.5
Kandy,1989,8,48.050000000000004
Kandy,1989,9,186.6
Kandy,1989,10,166.16
Kandy,1989,11,230.1
Kandy,1989,12,87.42
Kandy,1990,1,143.84
Kandy,1990,2,14.84
Kandy,1990,3,60.14
Kandy,1990,4,54.300000000000004
Kandy,1990,5,172.04999999999998
Kandy,1990,6,72.6
Kandy,1990,7,45.57
Kandy,1990,8,88.97
Kandy,1990,9,41.699999999999996
Kandy,1990,10,202.43
Kandy,1990,11,121.79999999999998
Kandy,1990,12,144.77
Kandy,1991,1,78.12
Kandy,1991,2,7.28
Kandy,1991,3,21.7
Kandy,1991,4,57.0
Kandy,1991,5,61.69
Kandy,1991,6,161.4
Kandy,1991,7,65.72
Kandy,1991,8,52.699999999999996
Kandy,1991,9,61.800000000000004
Kandy,1991,10,220.72
Kandy,1991,11,203.4
Kandy,1991,12,120.28
Kandy,1992,1,19.22
Kandy,1992,2,2.0300000000000002
Kandy,1992,3,0.0
Kandy,1992,4,75.6
Kandy,1992,5,146.63000000000002
Kandy,1992,6,72.9
Kandy,1992,7,119.03999999999999
Kandy,1992,8,83.7
Kandy,1992,9,101.39999999999999
Kandy,1992,10,127.41000000000001
Kandy,1992,11,279.6
Kandy,1992,12,145.39000000000001
Kandy,1993,1,15.5
Kandy,1993,2,21.560000000000002
Kandy,1993,3,41.230000000000004
Kandy,1993,4,68.39999999999999
Kandy,1993,5,141.04999999999998
Kandy,1993,6,151.5
Kandy,1993,7,90.83
Kandy,1993,8,31.31
Kandy,1993,9,77.1
Kandy,1993,10,283.34000000000003
Kandy,1993,11,252.6
Kandy,1993,12,237.15
Kandy,1994,1,124.30999999999999
Kandy,1994,2,133.28
Kandy,1994,3,36.89
Kandy,1994,4,84.3
Kandy,1994,5,137.95000000000002
Kandy,1994,6,40.800000000000004
Kandy,1994,7,43.71
Kandy,1994,8,38.75
Kandy,1994,9,72.9
Kandy,1994,10,188.79
Kandy,1994,11,83.7
Kandy,1994,12,36.89
Kandy,1995,1,34.720000000000006
Kandy,1995,2,15.400000000000002
Kandy,1995,3,5.2700000000000005
Kandy,1995,4,51.6
Kandy,1995,5,55.18
Kandy,1995,6,33.0
Kandy,1995,7,13.64
Kandy,1995,8,17.98
Kandy,1995,9,15.3
Kandy,1995,10,57.970000000000006
Kandy,1995,11,70.5
Kandy,1995,12,19.22
Kandy,1996,1,27.59
Kandy,1996,2,24.07
Kandy,1996,3,2.1700000000000004
Kandy,1996,4,46.5
Kandy,1996,5,12.4
Kandy,1996,6,80.7
Kandy,1996,7,12.09
Kandy,1996,8,21.7
Kandy,1996,9,48.300000000000004
Kandy,1996,10,57.04
Kandy,1996,11,70.8
Kandy,1996,12,26.97
Kandy,1997,1,2.79
Kandy,1997,2,14.84
Kandy,1997,3,10.23
Kandy,1997,4,84.9
Kandy,1997,5,91.76
Kandy,1997,6,39.0
Kandy,1997,7,63.86
Kandy,1997,8,33.17
Kandy,1997,9,176.7
Kandy,1997,10,263.5
Kandy,1997,11,233.4
Kandy,1997,12,144.15
Kandy,1998,1,34.720000000000006
Kandy,1998,2,3.64
Kandy,1998,3,31.93
Kandy,1998,4,60.0
Kandy,1998,5,154.38000000000002
Kandy,1998,6,96.9
Kandy,1998,7,118.11
Kandy,1998,8,99.82000000000001
Kandy,1998,9,76.8
Kandy,1998,10,163.68
Kandy,1998,11,188.7
Kandy,1998,12,238.07999999999998
Kandy,1999,1,197.78
Kandy,1999,2,133.56
Kandy,1999,3,23.56
Kandy,1999,4,147.0
Kandy,1999,5,151.59
Kandy,1999,6,100.19999999999999
Kandy,1999,7,62.62
Kandy,1999,8,62.62
Kandy,1999,9,120.3
Kandy,1999,10,148.79999999999998
Kandy,1999,11,180.0
Kandy,1999,12,73.47
Kandy,2000,1,25.73
Kandy,2000,2,67.57000000000001
Kandy,2000,3,25.73
Kandy,2000,4,87.0
Kandy,2000,5,54.25
Kandy,2000,6,57.0
Kandy,2000,7,125.55
Kandy,2000,8,98.89
Kandy,2000,9,92.1
Kandy,2000,10,71.92
Kandy,2000,11,257.1
Kandy,2000,12,114.08
Kandy,2001,1,148.79999999999998
Kandy,2001,2,78.68
Kandy,2001,3,2.48
Kandy,2001,4,145.5
Kandy,2001,5,71.61
Kandy,2001,6,122.69999999999999
Kandy,2001,7,136.09
Kandy,2001,8,15.5
Kandy,2001,9,120.3
Kandy,2001,10,99.2
Kandy,2001,11,171.3
Kandy,2001,12,133.92000000000002
Kandy,2002,1,60.449999999999996
Kandy,2002,2,83.16000000000001
Kandy,2002,3,47.43
Kandy,2002,4,141.3
Kandy,2002,5,121.21000000000001
Kandy,2002,6,62.699999999999996
Kandy,2002,7,22.009999999999998
Kandy,2002,8,77.19000000000001
Kandy,2002,9,26.4
Kandy,2002,10,245.82999999999998
Kandy,2002,11,162.0
Kandy,2002,12,244.59
Kandy,2003,1,99.2
Kandy,2003,2,63.839999999999996
Kandy,2003,3,99.82000000000001
Kandy,2003,4,86.10000000000001
Kandy,2003,5,127.41000000000001
Kandy,2003,6,59.4
Kandy,2003,7,41.230000000000004
Kandy,2003,8,28.52
Kandy,2003,9,53.4
Kandy,2003,10,92.07000000000001
Kandy,2003,11,282.6
Kandy,2003,12,37.82
Kandy,2004,1,53.94
Kandy,2004,2,50.75
Kandy,2004,3,48.36
Kandy,2004,4,95.1
Kandy,2004,5,139.19
Kandy,2004,6,73.8
Kandy,2004,7,38.44
Kandy,2004,8,26.04
Kandy,2004,9,164.4
Kandy,2004,10,239.01
Kandy,2004,11,242.10000000000002
Kandy,2004,12,305.04
Kandy,2005,1,102.61
Kandy,2005,2,30.800000000000004
Kandy,2005,3,69.44000000000001
Kandy,2005,4,122.4
Kandy,2005,5,79.05
Kandy,2005,6,57.9
Kandy,2005,7,71.61
Kandy,2005,8,29.759999999999998
Kandy,2005,9,81.3
Kandy,2005,10,203.35999999999999
Kandy,2005,11,339.9
Kandy,2005,12,115.94000000000001
Kandy,2006,1,196.23
Kandy,2006,2,62.44
Kandy,2006,3,119.03999999999999
Kandy,2006,4,59.4
Kandy,2006,5,109.12
Kandy,2006,6,50.099999999999994
Kandy,2006,7,75.33
Kandy,2006,8,116.87
Kandy,2006,9,90.3
Kandy,2006,10,352.78000000000003
Kandy,2006,11,370.79999999999995
Kandy,2006,12,200.57
Kandy,2007,1,132.68
Kandy,2007,2,64.68
Kandy,2007,3,25.73
Kandy,2007,4,242.7
Kandy,2007,5,36.58
Kandy,2007,6,98.39999999999999
Kandy,2007,7,78.74
Kandy,2007,8,54.56
Kandy,2007,9,102.6
Kandy,2007,10,232.81
Kandy,2007,11,163.8
Kandy,2007,12,240.56
Kandy,2008,1,118.42
Kandy,2008,2,113.67999999999999
Kandy,2008,3,326.12
Kandy,2008,4,215.39999999999998
Kandy,2008,5,26.04
Kandy,2008,6,76.2
Kandy,2008,7,89.89999999999999
Kandy,2008,8,49.6
Kandy,2008,9,36.0
Kandy,2008,10,186.61999999999998
Kandy,2008,11,171.6
Kandy,2008,12,113.46000000000001
Kandy,2009,1,66.34
Kandy,2009,2,1.12
Kandy,2009,3,198.09
Kandy,2009,4,186.3
Kandy,2009,5,75.33
Kandy,2009,6,52.8
Kandy,2009,7,35.029999999999994
Kandy,2009,8,107.57000000000001
Kandy,2009,9,67.8
Kandy,2009,10,144.77
Kandy,2009,11,374.40000000000003
Kandy,2009,12,224.13000000000002
Kandy,2010,1,100.13
Kandy,2010,2,45.080000000000005
Kandy,2010,3,87.73
Kandy,2010,4,236.1
Kandy,2010,5,176.70000000000002
Kandy,2010,6,113.39999999999999
Kandy,2010,7,120.28
Kandy,2010,8,132.68
Kandy,2010,9,172.20000000000002
Kandy,2010,10,195.60999999999999
Kandy,2010,11,500.70000000000005
Kandy,2010,12,445.46999999999997
Kandy,2011,1,507.47
Kandy,2011,2,369.59999999999997
Kandy,2011,3,121.52
Kandy,2011,4,292.5
Kandy,2011,5,109.42999999999999
Kandy,2011,6,40.2
Kandy,2011,7,48.36
Kandy,2011,8,64.17
Kandy,2011,9,96.60000000000001
Kandy,2011,10,308.45
Kandy,2011,11,251.70000000000002
Kandy,2011,12,193.13000000000002
Kandy,2012,1,51.15
Kandy,2012,2,135.72
Kandy,2012,3,74.71000000000001
Kandy,2012,4,225.29999999999998
Kandy,2012,5,17.360000000000003
Kandy,2012,6,53.7
Kandy,2012,7,64.48
Kandy,2012,8,61.38
Kandy,2012,9,76.5
Kandy,2012,10,407.96
Kandy,2012,11,278.7
Kandy,2012,12,476.15999999999997
Kandy,2013,1,299.15000000000003
Kandy,2013,2,178.92
Kandy,2013,3,146.94
Kandy,2013,4,145.8
Kandy,2013,5,143.84
Kandy,2013,6,136.79999999999998
Kandy,2013,7,84.63
Kandy,2013,8,70.67999999999999
Kandy,2013,9,114.6
Kandy,2013,10,142.6
Kandy,2013,11,184.8
Kandy,2013,12,133.29999999999998
Kandy,2014,1,115.94000000000001
Kandy,2014,2,35.0
Kandy,2014,3,35.65
Kandy,2014,4,189.0
Kandy,2014,5,159.34
Kandy,2014,6,50.099999999999994
Kandy,2014,7,30.69
Kandy,2014,8,105.71000000000001
Kandy,2014,9,142.79999999999998
Kandy,2014,10,385.02
Kandy,2014,11,318.29999999999995
Kandy,2014,12,693.47
Kandy,2015,1,13.64
Kandy,2015,2,147.0
Kandy,2015,3,84.63
Kandy,2015,4,214.5
Kandy,2015,5,135.16
Kandy,2015,6,78.3
Kandy,2015,7,34.410000000000004
Kandy,2015,8,74.71000000000001
Kandy,2015,9,154.5
Kandy,2015,10,379.75
Kandy,2015,11,437.4
Kandy,2015,12,281.17
Kandy,2016,1,80.28999999999999
Kandy,2016,2,52.49
Kandy,2016,3,74.39999999999999
Kandy,2016,4,83.7
Kandy,2016,5,416.95
Kandy,2016,6,53.7
Kandy,2016,7,43.4
Kandy,2016,8,9.92
Kandy,2016,9,6.3
Kandy,2016,10,73.78
Kandy,2016,11,234.9
Kandy,2016,12,71.61
Kandy,2017,1,45.57
Kandy,2017,2,61.60000000000001
Kandy,2017,3,220.72
Kandy,2017,4,54.300000000000004
Kandy,2017,5,130.20000000000002
Kandy,2017,6,46.5
Kandy,2017,7,35.96
Kandy,2017,8,114.08
Kandy,2017,9,83.7
Kandy,2017,10,203.98
Kandy,2017,11,221.4
Kandy,2017,12,166.16
Kandy,2018,1,36.269999999999996
Kandy,2018,2,77.83999999999999
Kandy,2018,3,94.24
Kandy,2018,4,150.6
Kandy,2018,5,339.45
Kandy,2018,6,82.5
Kandy,2018,7,38.75
Kandy,2018,8,55.800000000000004
Kandy,2018,9,84.9
Kandy,2018,10,196.54
Kandy,2018,11,284.1
Kandy,2018,12,127.41000000000001
Kandy,2019,1,40.300000000000004
Kandy,2019,2,103.60000000000001
Kandy,2019,3,16.43
Kandy,2019,4,90.0
Kandy,2019,5,17.98
Kandy,2019,6,43.8
Kandy,2019,7,54.87
Kandy,2019,8,126.17000000000002
Kandy,2019,9,189.9
Kandy,2019,10,406.09999999999997
Kandy,2019,11,314.1
Kandy,2019,12,328.90999999999997
Kandy,2020,1,51.15
Kandy,2020,2,23.490000000000002
Kandy,2020,3,26.66
Kandy,2020,4,115.5
Kandy,2020,5,221.96
Kandy,2020,6,102.6
Kandy,2020,7,99.2
Kandy,2020,8,84.01
Kandy,2020,9,162.89999999999998
Kandy,2020,10,70.05999999999999
Kandy,2020,11,280.2
Kandy,2020,12,319.92
Kandy,2021,1,243.66
Kandy,2021,2,60.480000000000004
Kandy,2021,3,106.64
Kandy,2021,4,142.79999999999998
Kandy,2021,5,266.59999999999997
Kandy,2021,6,125.70000000000002
Kandy,2021,7,152.82999999999998
Kandy,2021,8,105.71000000000001
Kandy,2021,9,130.2
Kandy,2021,10,327.98
Kandy,2021,11,469.20000000000005
Kandy,2021,12,143.22
Kandy,2022,1,115.63
Kandy,2022,2,222.88
Kandy,2022,3,66.34
Kandy,2022,4,291.6
Kandy,2022,5,131.44
Kandy,2022,6,42.599999999999994
Kandy,2022,7,112.53
Kandy,2022,8,189.72
Kandy,2022,9,80.1
Kandy,2022,10,235.6
Kandy,2022,11,283.2
Kandy,2022,12,290.15999999999997
Kandy,2023,1,108.5
Kandy,2023,2,127.12
Kandy,2023,3,109.42999999999999
Kandy,2023,4,159.60000000000002
Kandy,2023,5,153.76
Kandy,2023,6,59.4
Kandy,2023,7,47.12
Kandy,2023,8,41.54
Kandy,2023,9,218.4
Kandy,2023,10,420.36
Kandy,2023,11,470.1
Kandy,2023,12,467.48
Kandy,2024,1,295.43
Kandy,2024,2,26.68
Kandy,2024,3,33.480000000000004
Kandy,2024,4,85.19999999999999
Kandy,2024,5,203.98
Kandy,2024,6,60.89999999999999
Kandy,2024,7,50.220000000000006
Kandy,2024,8,140.11999999999998
Kandy,2024,9,44.4
Kandy,2024,10,124.0
Kandy,2024,11,362.4
Kandy,2024,12,146.01
Kandy,2025,1,287.06
Kandy,2025,2,62.160000000000004
Kandy,2025,3,203.04999999999998
Kandy,2025,4,283.5
Kandy,2025,5,196.85
Kandy,2025,6,83.7
Kandy,2025,7,47.74
Kandy,2025,8,60.76
Kandy,2025,9,156.6
Kandy,2025,10,357.73999999999995
Kandy,2025,11,746.7
Kandy,2025,12,165.54
Kegalle,1984,1,212.35
Kegalle,1984,2,218.95
Kegalle,1984,3,146.94
Kegalle,1984,4,268.5
Kegalle,1984,5,110.67
Kegalle,1984,6,97.8
Kegalle,1984,7,212.35
Kegalle,1984,8,66.03
Kegalle,1984,9,219.0
Kegalle,1984,10,195.29999999999998
Kegalle,1984,11,231.3
Kegalle,1984,12,38.13
Kegalle,1985,1,38.13
Kegalle,1985,2,94.92
Kegalle,1985,3,96.41
Kegalle,1985,4,52.2
Kegalle,1985,5,82.46000000000001
Kegalle,1985,6,149.1
Kegalle,1985,7,40.300000000000004
Kegalle,1985,8,51.46
Kegalle,1985,9,113.1
Kegalle,1985,10,195.29999999999998
Kegalle,1985,11,210.6
Kegalle,1985,12,66.96000000000001
Kegalle,1986,1,282.09999999999997
Kegalle,1986,2,89.88
Kegalle,1986,3,134.54
Kegalle,1986,4,121.2
Kegalle,1986,5,89.89999999999999
Kegalle,1986,6,78.89999999999999
Kegalle,1986,7,56.11
Kegalle,1986,8,138.57
Kegalle,1986,9,91.8
Kegalle,1986,10,243.97
Kegalle,1986,11,80.7
Kegalle,1986,12,99.82000000000001
Kegalle,1987,1,82.46000000000001
Kegalle,1987,2,33.04
Kegalle,1987,3,50.529999999999994
Kegalle,1987,4,99.6
Kegalle,1987,5,123.38
Kegalle,1987,6,80.7
Kegalle,1987,7,3.1
Kegalle,1987,8,168.32999999999998
Kegalle,1987,9,115.19999999999999
Kegalle,1987,10,289.84999999999997
Kegalle,1987,11,228.0
Kegalle,1987,12,72.85000000000001
Kegalle,1988,1,17.360000000000003
Kegalle,1988,2,32.480000000000004
Kegalle,1988,3,116.25
Kegalle,1988,4,209.70000000000002
Kegalle,1988,5,56.730000000000004
Kegalle,1988,6,85.8
Kegalle,1988,7,103.23
Kegalle,1988,8,93.30999999999999
Kegalle,1988,9,151.2
Kegalle,1988,10,35.029999999999994
Kegalle,1988,11,161.1
Kegalle,1988,12,79.67
Kegalle,1989,1,121.21000000000001
Kegalle,1989,2,19.32
Kegalle,1989,3,54.25
Kegalle,1989,4,97.2
Kegalle,1989,5,162.44
Kegalle,1989,6,120.6
Kegalle,1989,7,255.13000000000002
Kegalle,1989,8,71.61
Kegalle,1989,9,207.6
Kegalle,1989,10,159.96
Kegalle,1989,11,219.9
Kegalle,1989,12,78.42999999999999
Kegalle,1990,1,109.74
Kegalle,1990,2,17.08
Kegalle,1990,3,61.38
Kegalle,1990,4,52.8
Kegalle,1990,5,181.04
Kegalle,1990,6,110.4
Kegalle,1990,7,63.86
Kegalle,1990,8,65.10000000000001
Kegalle,1990,9,35.4
Kegalle,1990,10,193.13000000000002
Kegalle,1990,11,128.4
Kegalle,1990,12,144.46
Kegalle,1991,1,97.96000000000001
Kegalle,1991,2,7.28
Kegalle,1991,3,12.09
Kegalle,1991,4,63.3
Kegalle,1991,5,54.25
Kegalle,1991,6,182.4
Kegalle,1991,7,81.22
Kegalle,1991,8,81.84
Kegalle,1991,9,66.60000000000001
Kegalle,1991,10,194.68
Kegalle,1991,11,178.8
Kegalle,1991,12,124.0
Kegalle,1992,1,21.7
Kegalle,1992,2,3.19
Kegalle,1992,3,0.0
Kegalle,1992,4,67.8
Kegalle,1992,5,143.84
Kegalle,1992,6,71.7
Kegalle,1992,7,136.4
Kegalle,1992,8,95.48
Kegalle,1992,9,99.3
Kegalle,1992,10,113.14999999999999
Kegalle,1992,11,262.5
Kegalle,1992,12,121.21000000000001
Kegalle,1993,1,21.080000000000002
Kegalle,1993,2,24.08
Kegalle,1993,3,39.68
Kegalle,1993,4,54.6
Kegalle,1993,5,183.21
Kegalle,1993,6,183.6
Kegalle,1993,7,114.39
Kegalle,1993,8,29.139999999999997
Kegalle,1993,9,97.5
Kegalle,1993,10,258.84999999999997
Kegalle,1993,11,212.7
Kegalle,1993,12,185.69
Kegalle,1994,1,107.88
Kegalle,1994,2,105.56
Kegalle,1994,3,33.17
Kegalle,1994,4,86.39999999999999
Kegalle,1994,5,137.32999999999998
Kegalle,1994,6,51.3
Kegalle,1994,7,54.25
Kegalle,1994,8,48.050000000000004
Kegalle,1994,9,80.7
Kegalle,1994,10,152.82999999999998
Kegalle,1994,11,74.10000000000001
Kegalle,1994,12,33.17
Kegalle,1995,1,36.89
Kegalle,1995,2,19.040000000000003
Kegalle,1995,3,4.03
Kegalle,1995,4,57.3
Kegalle,1995,5,53.32
Kegalle,1995,6,40.800000000000004
Kegalle,1995,7,15.19
Kegalle,1995,8,19.53
Kegalle,1995,9,18.0
Kegalle,1995,10,46.19
Kegalle,1995,11,57.3
Kegalle,1995,12,18.599999999999998
Kegalle,1996,1,26.97
Kegalle,1996,2,21.75
Kegalle,1996,3,2.79
Kegalle,1996,4,48.6
Kegalle,1996,5,18.91
Kegalle,1996,6,99.3
Kegalle,1996,7,13.950000000000001
Kegalle,1996,8,25.110000000000003
Kegalle,1996,9,46.800000000000004
Kegalle,1996,10,49.910000000000004
Kegalle,1996,11,68.39999999999999
Kegalle,1996,12,20.150000000000002
Kegalle,1997,1,1.55
Kegalle,1997,2,13.16
Kegalle,1997,3,8.99
Kegalle,1997,4,98.7
Kegalle,1997,5,89.59
Kegalle,1997,6,45.3
Kegalle,1997,7,65.72
Kegalle,1997,8,34.410000000000004
Kegalle,1997,9,217.5
Kegalle,1997,10,296.98
Kegalle,1997,11,281.09999999999997
Kegalle,1997,12,129.27
Kegalle,1998,1,28.52
Kegalle,1998,2,1.9600000000000002
Kegalle,1998,3,31.62
Kegalle,1998,4,50.099999999999994
Kegalle,1998,5,139.81
Kegalle,1998,6,128.4
Kegalle,1998,7,137.02
Kegalle,1998,8,115.94000000000001
Kegalle,1998,9,95.1
Kegalle,1998,10,149.10999999999999
Kegalle,1998,11,171.3
Kegalle,1998,12,248.92999999999998
Kegalle,1999,1,151.9
Kegalle,1999,2,119.55999999999999
Kegalle,1999,3,39.99
Kegalle,1999,4,141.3
Kegalle,1999,5,198.71
Kegalle,1999,6,129.9
Kegalle,1999,7,70.67999999999999
Kegalle,1999,8,75.95
Kegalle,1999,9,126.0
Kegalle,1999,10,146.01
Kegalle,1999,11,138.0
Kegalle,1999,12,73.16
Kegalle,2000,1,17.360000000000003
Kegalle,2000,2,61.769999999999996
Kegalle,2000,3,38.13
Kegalle,2000,4,97.5
Kegalle,2000,5,48.050000000000004
Kegalle,2000,6,71.7
Kegalle,2000,7,121.21000000000001
Kegalle,2000,8,139.19
Kegalle,2000,9,85.8
Kegalle,2000,10,73.47
Kegalle,2000,11,204.29999999999998
Kegalle,2000,12,83.7
Kegalle,2001,1,167.71
Kegalle,2001,2,63.56
Kegalle,2001,3,8.370000000000001
Kegalle,2001,4,133.20000000000002
Kegalle,2001,5,84.01
Kegalle,2001,6,91.8
Kegalle,2001,7,129.89000000000001
Kegalle,2001,8,18.29
Kegalle,2001,9,148.20000000000002
Kegalle,2001,10,79.98
Kegalle,2001,11,156.3
Kegalle,2001,12,97.96000000000001
Kegalle,2002,1,42.779999999999994
Kegalle,2002,2,65.52
Kegalle,2002,3,45.26
Kegalle,2002,4,135.0
Kegalle,2002,5,151.59
Kegalle,2002,6,66.9
Kegalle,2002,7,34.1
Kegalle,2002,8,84.32000000000001
Kegalle,2002,9,35.099999999999994
Kegalle,2002,10,244.59
Kegalle,2002,11,168.6
Kegalle,2002,12,197.78
Kegalle,2003,1,71.3
Kegalle,2003,2,55.16
Kegalle,2003,3,92.69000000000001
Kegalle,2003,4,118.8
Kegalle,2003,5,156.85999999999999
Kegalle,2003,6,80.7
Kegalle,2003,7,50.839999999999996
Kegalle,2003,8,38.44
Kegalle,2003,9,61.49999999999999
Kegalle,2003,10,93.62
Kegalle,2003,11,261.0
Kegalle,2003,12,27.28
Kegalle,2004,1,44.64
Kegalle,2004,2,54.809999999999995
Kegalle,2004,3,34.720000000000006
Kegalle,2004,4,110.1
Kegalle,2004,5,149.42000000000002
Kegalle,2004,6,88.2
Kegalle,2004,7,47.12
Kegalle,2004,8,39.68
Kegalle,2004,9,181.5
Kegalle,2004,10,220.72
Kegalle,2004,11,231.3
Kegalle,2004,12,240.86999999999998
Kegalle,2005,1,80.91
Kegalle,2005,2,29.400000000000002
Kegalle,2005,3,80.28999999999999
Kegalle,2005,4,106.2
Kegalle,2005,5,111.60000000000001
Kegalle,2005,6,81.3
Kegalle,2005,7,95.48
Kegalle,2005,8,30.69
Kegalle,2005,9,93.0
Kegalle,2005,10,207.07999999999998
Kegalle,2005,11,333.90000000000003
Kegalle,2005,12,115.32000000000001
Kegalle,2006,1,194.99
Kegalle,2006,2,57.39999999999999
Kegalle,2006,3,106.64
Kegalle,2006,4,60.6
Kegalle,2006,5,128.03
Kegalle,2006,6,69.0
Kegalle,2006,7,98.89
Kegalle,2006,8,141.98
Kegalle,2006,9,133.20000000000002
Kegalle,2006,10,347.82
Kegalle,2006,11,376.8
Kegalle,2006,12,219.79
Kegalle,2007,1,172.04999999999998
Kegalle,2007,2,43.120000000000005
Kegalle,2007,3,30.69
Kegalle,2007,4,256.8
Kegalle,2007,5,54.87
Kegalle,2007,6,124.19999999999999
Kegalle,2007,7,79.05
Kegalle,2007,8,96.72
Kegalle,2007,9,122.99999999999999
Kegalle,2007,10,261.95
Kegalle,2007,11,158.7
Kegalle,2007,12,201.19
Kegalle,2008,1,109.12
Kegalle,2008,2,98.89
Kegalle,2008,3,304.11
Kegalle,2008,4,279.0
Kegalle,2008,5,59.83
Kegalle,2008,6,121.5
Kegalle,2008,7,129.89000000000001
Kegalle,2008,8,72.53999999999999
Kegalle,2008,9,56.699999999999996
Kegalle,2008,10,174.84
Kegalle,2008,11,168.6
Kegalle,2008,12,101.05999999999999
Kegalle,2009,1,48.980000000000004
Kegalle,2009,2,3.36
Kegalle,2009,3,197.16
Kegalle,2009,4,191.1
Kegalle,2009,5,127.41000000000001
Kegalle,2009,6,111.60000000000001
Kegalle,2009,7,60.14
Kegalle,2009,8,131.13000000000002
Kegalle,2009,9,105.0
Kegalle,2009,10,159.34
Kegalle,2009,11,357.6
Kegalle,2009,12,184.14000000000001
Kegalle,2010,1,110.05
Kegalle,2010,2,49.0
Kegalle,2010,3,118.42
Kegalle,2010,4,277.8
Kegalle,2010,5,281.17
Kegalle,2010,6,168.3
Kegalle,2010,7,145.39000000000001
Kegalle,2010,8,129.27
Kegalle,2010,9,161.7
Kegalle,2010,10,205.22
Kegalle,2010,11,502.19999999999993
Kegalle,2010,12,391.84000000000003
Kegalle,2011,1,423.15000000000003
Kegalle,2011,2,327.32
Kegalle,2011,3,159.34
Kegalle,2011,4,307.5
Kegalle,2011,5,148.18
Kegalle,2011,6,67.5
Kegalle,2011,7,74.71000000000001
Kegalle,2011,8,96.72
Kegalle,2011,9,120.9
Kegalle,2011,10,275.90000000000003
Kegalle,2011,11,247.5
Kegalle,2011,12,162.75
Kegalle,2012,1,57.660000000000004
Kegalle,2012,2,131.95
Kegalle,2012,3,95.78999999999999
Kegalle,2012,4,278.7
Kegalle,2012,5,46.19
Kegalle,2012,6,75.89999999999999
Kegalle,2012,7,78.74
Kegalle,2012,8,116.25
Kegalle,2012,9,127.8
Kegalle,2012,10,377.27
Kegalle,2012,11,316.8
Kegalle,2012,12,374.17
Kegalle,2013,1,261.02
Kegalle,2013,2,184.79999999999998
Kegalle,2013,3,153.45000000000002
Kegalle,2013,4,195.6
Kegalle,2013,5,194.36999999999998
Kegalle,2013,6,203.4
Kegalle,2013,7,128.03
Kegalle,2013,8,73.78
Kegalle,2013,9,145.2
Kegalle,2013,10,175.46
Kegalle,2013,11,188.4
Kegalle,2013,12,121.21000000000001
Kegalle,2014,1,99.82000000000001
Kegalle,2014,2,34.44
Kegalle,2014,3,58.589999999999996
Kegalle,2014,4,202.20000000000002
Kegalle,2014,5,167.09
Kegalle,2014,6,109.5
Kegalle,2014,7,51.46
Kegalle,2014,8,161.51
Kegalle,2014,9,174.9
Kegalle,2014,10,440.2
Kegalle,2014,11,278.4
Kegalle,2014,12,573.1899999999999
Kegalle,2015,1,24.8
Kegalle,2015,2,157.08
Kegalle,2015,3,110.67
Kegalle,2015,4,261.90000000000003
Kegalle,2015,5,133.92000000000002
Kegalle,2015,6,129.60000000000002
Kegalle,2015,7,62.309999999999995
Kegalle,2015,8,99.51
Kegalle,2015,9,219.60000000000002
Kegalle,2015,10,381.3
Kegalle,2015,11,392.1
Kegalle,2015,12,262.57
Kegalle,2016,1,66.64999999999999
Kegalle,2016,2,75.98
Kegalle,2016,3,81.22
Kegalle,2016,4,102.9
Kegalle,2016,5,414.46999999999997
Kegalle,2016,6,67.5
Kegalle,2016,7,62.92999999999999
Kegalle,2016,8,18.29
Kegalle,2016,9,16.200000000000003
Kegalle,2016,10,94.55
Kegalle,2016,11,222.89999999999998
Kegalle,2016,12,83.7
Kegalle,2017,1,43.71
Kegalle,2017,2,71.39999999999999
Kegalle,2017,3,221.03
Kegalle,2017,4,73.8
Kegalle,2017,5,211.73
Kegalle,2017,6,67.8
Kegalle,2017,7,39.06
Kegalle,2017,8,110.36
Kegalle,2017,9,107.4
Kegalle,2017,10,232.81
Kegalle,2017,11,262.2
Kegalle,2017,12,215.45000000000002
Kegalle,2018,1,45.88
Kegalle,2018,2,72.52
Kegalle,2018,3,124.93
Kegalle,2018,4,188.1
Kegalle,2018,5,348.13
Kegalle,2018,6,117.6
Kegalle,2018,7,67.58
Kegalle,2018,8,74.71000000000001
Kegalle,2018,9,110.7
Kegalle,2018,10,196.23
Kegalle,2018,11,248.1
Kegalle,2018,12,119.97
Kegalle,2019,1,41.54
Kegalle,2019,2,122.08000000000001
Kegalle,2019,3,29.45
Kegalle,2019,4,100.8
Kegalle,2019,5,45.26
Kegalle,2019,6,63.6
Kegalle,2019,7,84.32000000000001
Kegalle,2019,8,177.63000000000002
Kegalle,2019,9,267.9
Kegalle,2019,10,408.58
Kegalle,2019,11,312.9
Kegalle,2019,12,305.34999999999997
Kegalle,2020,1,61.38
Kegalle,2020,2,26.970000000000002
Kegalle,2020,3,33.480000000000004
Kegalle,2020,4,120.9
Kegalle,2020,5,271.25
Kegalle,2020,6,116.7
Kegalle,2020,7,124.0
Kegalle,2020,8,122.14
Kegalle,2020,9,189.60000000000002
Kegalle,2020,10,98.89
Kegalle,2020,11,291.3
Kegalle,2020,12,238.39000000000001
Kegalle,2021,1,193.44
Kegalle,2021,2,57.68
Kegalle,2021,3,158.41
Kegalle,2021,4,153.0
Kegalle,2021,5,302.56
Kegalle,2021,6,167.7
Kegalle,2021,7,164.92000000000002
Kegalle,2021,8,166.78
Kegalle,2021,9,173.1
Kegalle,2021,10,339.14
Kegalle,2021,11,406.2
Kegalle,2021,12,149.73
Kegalle,2022,1,107.26
Kegalle,2022,2,168.84
Kegalle,2022,3,84.01
Kegalle,2022,4,398.7
Kegalle,2022,5,202.11999999999998
Kegalle,2022,6,78.60000000000001
Kegalle,2022,7,129.57999999999998
Kegalle,2022,8,215.76
Kegalle,2022,9,79.80000000000001
Kegalle,2022,10,288.61
Kegalle,2022,11,278.09999999999997
Kegalle,2022,12,245.52
Kegalle,2023,1,94.24
Kegalle,2023,2,125.72
Kegalle,2023,3,125.85999999999999
Kegalle,2023,4,174.0
Kegalle,2023,5,189.41
Kegalle,2023,6,119.7
Kegalle,2023,7,83.39
Kegalle,2023,8,80.28999999999999
Kegalle,2023,9,340.2
Kegalle,2023,10,523.59
Kegalle,2023,11,441.6
Kegalle,2023,12,428.11
Kegalle,2024,1,267.84000000000003
Kegalle,2024,2,27.259999999999998
Kegalle,2024,3,41.85
Kegalle,2024,4,105.3
Kegalle,2024,5,201.81
Kegalle,2024,6,95.4
Kegalle,2024,7,78.42999999999999
Kegalle,2024,8,134.54
Kegalle,2024,9,66.0
Kegalle,2024,10,134.85
Kegalle,2024,11,330.59999999999997
Kegalle,2024,12,144.77
Kegalle,2025,1,243.35
Kegalle,2025,2,81.75999999999999
Kegalle,2025,3,251.40999999999997
Kegalle,2025,4,312.6
Kegalle,2025,5,198.4
Kegalle,2025,6,93.0
Kegalle,2025,7,64.48
Kegalle,2025,8,75.64
Kegalle,2025,9,157.20000000000002
Kegalle,2025,10,352.46999999999997
Kegalle,2025,11,685.5
Kegalle,2025,12,174.22
Kilinochchi,1984,1,192.51
Kilinochchi,1984,2,315.22999999999996
Kilinochchi,1984,3,112.22
Kilinochchi,1984,4,181.2
Kilinochchi,1984,5,14.879999999999999
Kilinochchi,1984,6,11.700000000000001
Kilinochchi,1984,7,150.35
Kilinochchi,1984,8,23.25
Kilinochchi,1984,9,233.1
Kilinochchi,1984,10,101.67999999999999
Kilinochchi,1984,11,225.9
Kilinochchi,1984,12,94.24
Kilinochchi,1985,1,93.62
Kilinochchi,1985,2,69.72
Kilinochchi,1985,3,41.85
Kilinochchi,1985,4,47.1
Kilinochchi,1985,5,52.699999999999996
Kilinochchi,1985,6,26.4
Kilinochchi,1985,7,55.49
Kilinochchi,1985,8,64.48
Kilinochchi,1985,9,133.20000000000002
Kilinochchi,1985,10,79.67
Kilinochchi,1985,11,294.9
Kilinochchi,1985,12,179.79999999999998
Kilinochchi,1986,1,106.33
Kilinochchi,1986,2,22.959999999999997
Kilinochchi,1986,3,96.10000000000001
Kilinochchi,1986,4,58.199999999999996
Kilinochchi,1986,5,46.5
Kilinochchi,1986,6,9.0
Kilinochchi,1986,7,16.740000000000002
Kilinochchi,1986,8,31.0
Kilinochchi,1986,9,74.10000000000001
Kilinochchi,1986,10,160.27
Kilinochchi,1986,11,108.3
Kilinochchi,1986,12,90.52
Kilinochchi,1987,1,30.07
Kilinochchi,1987,2,3.08
Kilinochchi,1987,3,30.38
Kilinochchi,1987,4,88.8
Kilinochchi,1987,5,15.81
Kilinochchi,1987,6,14.7
Kilinochchi,1987,7,16.12
Kilinochchi,1987,8,26.66
Kilinochchi,1987,9,97.5
Kilinochchi,1987,10,227.85
Kilinochchi,1987,11,168.9
Kilinochchi,1987,12,141.67000000000002
Kilinochchi,1988,1,3.1
Kilinochchi,1988,2,55.68
Kilinochchi,1988,3,16.740000000000002
Kilinochchi,1988,4,188.4
Kilinochchi,1988,5,29.45
Kilinochchi,1988,6,38.1
Kilinochchi,1988,7,59.519999999999996
Kilinochchi,1988,8,109.42999999999999
Kilinochchi,1988,9,121.5
Kilinochchi,1988,10,66.34
Kilinochchi,1988,11,131.4
Kilinochchi,1988,12,48.36
Kilinochchi,1989,1,25.73
Kilinochchi,1989,2,3.64
Kilinochchi,1989,3,18.599999999999998
Kilinochchi,1989,4,29.099999999999998
Kilinochchi,1989,5,42.779999999999994
Kilinochchi,1989,6,51.3
Kilinochchi,1989,7,130.51
Kilinochchi,1989,8,9.61
Kilinochchi,1989,9,129.9
Kilinochchi,1989,10,212.66
Kilinochchi,1989,11,219.0
Kilinochchi,1989,12,62.309999999999995
Kilinochchi,1990,1,156.54999999999998
Kilinochchi,1990,2,1.9600000000000002
Kilinochchi,1990,3,40.300000000000004
Kilinochchi,1990,4,31.8
Kilinochchi,1990,5,102.61
Kilinochchi,1990,6,4.2
Kilinochchi,1990,7,16.12
Kilinochchi,1990,8,80.60000000000001
Kilinochchi,1990,9,90.6
Kilinochchi,1990,10,216.69
Kilinochchi,1990,11,82.2
Kilinochchi,1990,12,46.5
Kilinochchi,1991,1,27.28
Kilinochchi,1991,2,2.8000000000000003
Kilinochchi,1991,3,37.82
Kilinochchi,1991,4,66.3
Kilinochchi,1991,5,69.44000000000001
Kilinochchi,1991,6,93.0
Kilinochchi,1991,7,20.46
Kilinochchi,1991,8,31.62
Kilinochchi,1991,9,93.89999999999999
Kilinochchi,1991,10,248.31
Kilinochchi,1991,11,310.5
Kilinochchi,1991,12,100.44000000000001
Kilinochchi,1992,1,8.370000000000001
Kilinochchi,1992,2,0.0
Kilinochchi,1992,3,0.31
Kilinochchi,1992,4,76.2
Kilinochchi,1992,5,75.64
Kilinochchi,1992,6,42.9
Kilinochchi,1992,7,44.019999999999996
Kilinochchi,1992,8,26.97
Kilinochchi,1992,9,138.3
Kilinochchi,1992,10,149.73
Kilinochchi,1992,11,288.29999999999995
Kilinochchi,1992,12,169.26
Kilinochchi,1993,1,4.03
Kilinochchi,1993,2,3.08
Kilinochchi,1993,3,34.720000000000006
Kilinochchi,1993,4,86.10000000000001
Kilinochchi,1993,5,68.2
Kilinochchi,1993,6,41.1
Kilinochchi,1993,7,48.980000000000004
Kilinochchi,1993,8,19.84
Kilinochchi,1993,9,26.7
Kilinochchi,1993,10,334.8
Kilinochchi,1993,11,430.5
Kilinochchi,1993,12,378.2
Kilinochchi,1994,1,40.61
Kilinochchi,1994,2,140.0
Kilinochchi,1994,3,19.22
Kilinochchi,1994,4,131.7
Kilinochchi,1994,5,112.84
Kilinochchi,1994,6,5.3999999999999995
Kilinochchi,1994,7,31.93
Kilinochchi,1994,8,7.4399999999999995
Kilinochchi,1994,9,63.0
Kilinochchi,1994,10,282.40999999999997
Kilinochchi,1994,11,116.39999999999999
Kilinochchi,1994,12,23.56
Kilinochchi,1995,1,29.139999999999997
Kilinochchi,1995,2,4.760000000000001
Kilinochchi,1995,3,3.7199999999999998
Kilinochchi,1995,4,26.1
Kilinochchi,1995,5,65.72
Kilinochchi,1995,6,26.1
Kilinochchi,1995,7,21.389999999999997
Kilinochchi,1995,8,22.32
Kilinochchi,1995,9,25.2
Kilinochchi,1995,10,81.84
Kilinochchi,1995,11,63.6
Kilinochchi,1995,12,11.47
Kilinochchi,1996,1,4.340000000000001
Kilinochchi,1996,2,9.860000000000001
Kilinochchi,1996,3,1.24
Kilinochchi,1996,4,85.5
Kilinochchi,1996,5,13.02
Kilinochchi,1996,6,71.10000000000001
Kilinochchi,1996,7,14.569999999999999
Kilinochchi,1996,8,55.800000000000004
Kilinochchi,1996,9,51.6
Kilinochchi,1996,10,61.69
Kilinochchi,1996,11,75.89999999999999
Kilinochchi,1996,12,133.92000000000002
Kilinochchi,1997,1,13.950000000000001
Kilinochchi,1997,2,0.28
Kilinochchi,1997,3,4.340000000000001
Kilinochchi,1997,4,51.0
Kilinochchi,1997,5,64.48
Kilinochchi,1997,6,33.6
Kilinochchi,1997,7,37.82
Kilinochchi,1997,8,13.02
Kilinochchi,1997,9,48.0
Kilinochchi,1997,10,161.51
Kilinochchi,1997,11,273.90000000000003
Kilinochchi,1997,12,131.13000000000002
Kilinochchi,1998,1,14.569999999999999
Kilinochchi,1998,2,1.12
Kilinochchi,1998,3,1.8599999999999999
Kilinochchi,1998,4,13.2
Kilinochchi,1998,5,123.07000000000001
Kilinochchi,1998,6,6.9
Kilinochchi,1998,7,29.45
Kilinochchi,1998,8,75.95
Kilinochchi,1998,9,48.300000000000004
Kilinochchi,1998,10,80.60000000000001
Kilinochchi,1998,11,181.5
Kilinochchi,1998,12,413.84999999999997
Kilinochchi,1999,1,83.08
Kilinochchi,1999,2,33.32
Kilinochchi,1999,3,7.13
Kilinochchi,1999,4,125.39999999999999
Kilinochchi,1999,5,31.31
Kilinochchi,1999,6,16.8
Kilinochchi,1999,7,13.33
Kilinochchi,1999,8,29.759999999999998
Kilinochchi,1999,9,45.6
Kilinochchi,1999,10,158.41
Kilinochchi,1999,11,162.3
Kilinochchi,1999,12,70.99
Kilinochchi,2000,1,30.07
Kilinochchi,2000,2,54.519999999999996
Kilinochchi,2000,3,3.1
Kilinochchi,2000,4,34.8
Kilinochchi,2000,5,59.21
Kilinochchi,2000,6,15.3
Kilinochchi,2000,7,122.14
Kilinochchi,2000,8,27.28
Kilinochchi,2000,9,118.8
Kilinochchi,2000,10,103.23
Kilinochchi,2000,11,227.4
Kilinochchi,2000,12,81.53
Kilinochchi,2001,1,49.910000000000004
Kilinochchi,2001,2,64.68
Kilinochchi,2001,3,0.31
Kilinochchi,2001,4,159.60000000000002
Kilinochchi,2001,5,32.550000000000004
Kilinochchi,2001,6,63.9
Kilinochchi,2001,7,47.12
Kilinochchi,2001,8,15.5
Kilinochchi,2001,9,44.4
Kilinochchi,2001,10,150.35
Kilinochchi,2001,11,261.6
Kilinochchi,2001,12,218.54999999999998
Kilinochchi,2002,1,23.87
Kilinochchi,2002,2,78.12
Kilinochchi,2002,3,6.51
Kilinochchi,2002,4,115.19999999999999
Kilinochchi,2002,5,60.449999999999996
Kilinochchi,2002,6,34.5
Kilinochchi,2002,7,4.6499999999999995
Kilinochchi,2002,8,11.47
Kilinochchi,2002,9,14.7
Kilinochchi,2002,10,300.39
Kilinochchi,2002,11,109.5
Kilinochchi,2002,12,113.46000000000001
Kilinochchi,2003,1,53.32
Kilinochchi,2003,2,42.28
Kilinochchi,2003,3,18.29
Kilinochchi,2003,4,79.2
Kilinochchi,2003,5,124.93
Kilinochchi,2003,6,13.8
Kilinochchi,2003,7,29.759999999999998
Kilinochchi,2003,8,50.529999999999994
Kilinochchi,2003,9,45.6
Kilinochchi,2003,10,144.77
Kilinochchi,2003,11,333.0
Kilinochchi,2003,12,25.73
Kilinochchi,2004,1,4.03
Kilinochchi,2004,2,6.67
Kilinochchi,2004,3,14.879999999999999
Kilinochchi,2004,4,46.5
Kilinochchi,2004,5,172.67000000000002
Kilinochchi,2004,6,11.700000000000001
Kilinochchi,2004,7,31.62
Kilinochchi,2004,8,23.87
Kilinochchi,2004,9,129.0
Kilinochchi,2004,10,267.21999999999997
Kilinochchi,2004,11,288.29999999999995
Kilinochchi,2004,12,188.48
Kilinochchi,2005,1,76.88
Kilinochchi,2005,2,2.8000000000000003
Kilinochchi,2005,3,46.19
Kilinochchi,2005,4,192.6
Kilinochchi,2005,5,59.21
Kilinochchi,2005,6,9.3
Kilinochchi,2005,7,16.43
Kilinochchi,2005,8,31.93
Kilinochchi,2005,9,28.799999999999997
Kilinochchi,2005,10,191.27
Kilinochchi,2005,11,477.9
Kilinochchi,2005,12,108.80999999999999
Kilinochchi,2006,1,56.11
Kilinochchi,2006,2,7.5600000000000005
Kilinochchi,2006,3,85.25
Kilinochchi,2006,4,45.0
Kilinochchi,2006,5,35.65
Kilinochchi,2006,6,9.6
Kilinochchi,2006,7,7.13
Kilinochchi,2006,8,77.5
Kilinochchi,2006,9,75.0
Kilinochchi,2006,10,289.23
Kilinochchi,2006,11,257.4
Kilinochchi,2006,12,55.18
Kilinochchi,2007,1,24.18
Kilinochchi,2007,2,33.879999999999995
Kilinochchi,2007,3,3.7199999999999998
Kilinochchi,2007,4,59.1
Kilinochchi,2007,5,13.33
Kilinochchi,2007,6,43.8
Kilinochchi,2007,7,22.009999999999998
Kilinochchi,2007,8,53.32
Kilinochchi,2007,9,71.39999999999999
Kilinochchi,2007,10,288.92
Kilinochchi,2007,11,137.4
Kilinochchi,2007,12,233.11999999999998
Kilinochchi,2008,1,11.47
Kilinochchi,2008,2,50.75
Kilinochchi,2008,3,188.48
Kilinochchi,2008,4,86.7
Kilinochchi,2008,5,17.360000000000003
Kilinochchi,2008,6,12.6
Kilinochchi,2008,7,27.59
Kilinochchi,2008,8,53.63
Kilinochchi,2008,9,12.0
Kilinochchi,2008,10,164.29999999999998
Kilinochchi,2008,11,247.79999999999998
Kilinochchi,2008,12,137.32999999999998
Kilinochchi,2009,1,17.669999999999998
Kilinochchi,2009,2,0.0
Kilinochchi,2009,3,83.7
Kilinochchi,2009,4,64.80000000000001
Kilinochchi,2009,5,22.009999999999998
Kilinochchi,2009,6,7.199999999999999
Kilinochchi,2009,7,9.61
Kilinochchi,2009,8,58.279999999999994
Kilinochchi,2009,9,23.1
Kilinochchi,2009,10,93.0
Kilinochchi,2009,11,395.7
Kilinochchi,2009,12,296.36
Kilinochchi,2010,1,44.019999999999996
Kilinochchi,2010,2,1.68
Kilinochchi,2010,3,9.61
Kilinochchi,2010,4,63.3
Kilinochchi,2010,5,70.67999999999999
Kilinochchi,2010,6,30.0
Kilinochchi,2010,7,27.28
Kilinochchi,2010,8,105.09
Kilinochchi,2010,9,153.9
Kilinochchi,2010,10,149.42000000000002
Kilinochchi,2010,11,451.2
Kilinochchi,2010,12,352.15999999999997
Kilinochchi,2011,1,126.48
Kilinochchi,2011,2,67.2
Kilinochchi,2011,3,6.51
Kilinochchi,2011,4,183.6
Kilinochchi,2011,5,14.879999999999999
Kilinochchi,2011,6,6.9
Kilinochchi,2011,7,15.19
Kilinochchi,2011,8,47.12
Kilinochchi,2011,9,28.5
Kilinochchi,2011,10,251.40999999999997
Kilinochchi,2011,11,425.7
Kilinochchi,2011,12,215.14000000000001
Kilinochchi,2012,1,26.349999999999998
Kilinochchi,2012,2,8.99
Kilinochchi,2012,3,15.5
Kilinochchi,2012,4,63.0
Kilinochchi,2012,5,8.99
Kilinochchi,2012,6,9.6
Kilinochchi,2012,7,14.26
Kilinochchi,2012,8,17.360000000000003
Kilinochchi,2012,9,91.5
Kilinochchi,2012,10,407.65000000000003
Kilinochchi,2012,11,111.3
Kilinochchi,2012,12,299.15000000000003
Kilinochchi,2013,1,110.05
Kilinochchi,2013,2,128.79999999999998
Kilinochchi,2013,3,113.77
Kilinochchi,2013,4,38.7
Kilinochchi,2013,5,68.51
Kilinochchi,2013,6,12.9
Kilinochchi,2013,7,12.4
Kilinochchi,2013,8,54.87
Kilinochchi,2013,9,107.69999999999999
Kilinochchi,2013,10,94.24
Kilinochchi,2013,11,175.8
Kilinochchi,2013,12,147.86999999999998
Kilinochchi,2014,1,96.41
Kilinochchi,2014,2,15.959999999999999
Kilinochchi,2014,3,2.1700000000000004
Kilinochchi,2014,4,31.200000000000003
Kilinochchi,2014,5,130.51
Kilinochchi,2014,6,9.6
Kilinochchi,2014,7,7.75
Kilinochchi,2014,8,81.53
Kilinochchi,2014,9,80.7
Kilinochchi,2014,10,256.98999999999995
Kilinochchi,2014,11,394.8
Kilinochchi,2014,12,290.46999999999997
Kilinochchi,2015,1,2.79
Kilinochchi,2015,2,51.52
Kilinochchi,2015,3,41.230000000000004
Kilinochchi,2015,4,135.6
Kilinochchi,2015,5,198.4
Kilinochchi,2015,6,26.7
Kilinochchi,2015,7,11.47
Kilinochchi,2015,8,53.01
Kilinochchi,2015,9,98.7
Kilinochchi,2015,10,231.88000000000002
Kilinochchi,2015,11,533.4000000000001
Kilinochchi,2015,12,273.73
Kilinochchi,2016,1,30.07
Kilinochchi,2016,2,8.120000000000001
Kilinochchi,2016,3,9.299999999999999
Kilinochchi,2016,4,12.299999999999999
Kilinochchi,2016,5,278.69
Kilinochchi,2016,6,21.0
Kilinochchi,2016,7,23.87
Kilinochchi,2016,8,37.51
Kilinochchi,2016,9,14.7
Kilinochchi,2016,10,66.64999999999999
Kilinochchi,2016,11,190.5
Kilinochchi,2016,12,110.05
Kilinochchi,2017,1,102.92
Kilinochchi,2017,2,18.76
Kilinochchi,2017,3,83.39
Kilinochchi,2017,4,13.2
Kilinochchi,2017,5,50.529999999999994
Kilinochchi,2017,6,22.2
Kilinochchi,2017,7,20.77
Kilinochchi,2017,8,86.8
Kilinochchi,2017,9,78.60000000000001
Kilinochchi,2017,10,122.76
Kilinochchi,2017,11,286.5
Kilinochchi,2017,12,89.28
Kilinochchi,2018,1,23.87
Kilinochchi,2018,2,15.120000000000001
Kilinochchi,2018,3,39.68
Kilinochchi,2018,4,40.800000000000004
Kilinochchi,2018,5,130.82
Kilinochchi,2018,6,23.700000000000003
Kilinochchi,2018,7,16.12
Kilinochchi,2018,8,21.389999999999997
Kilinochchi,2018,9,41.4
Kilinochchi,2018,10,214.82999999999998
Kilinochchi,2018,11,268.8
Kilinochchi,2018,12,88.35000000000001
Kilinochchi,2019,1,1.24
Kilinochchi,2019,2,34.16
Kilinochchi,2019,3,2.1700000000000004
Kilinochchi,2019,4,29.099999999999998
Kilinochchi,2019,5,5.58
Kilinochchi,2019,6,15.3
Kilinochchi,2019,7,42.160000000000004
Kilinochchi,2019,8,78.42999999999999
Kilinochchi,2019,9,160.5
Kilinochchi,2019,10,434.0
Kilinochchi,2019,11,243.29999999999998
Kilinochchi,2019,12,238.70000000000002
Kilinochchi,2020,1,18.29
Kilinochchi,2020,2,13.05
Kilinochchi,2020,3,3.7199999999999998
Kilinochchi,2020,4,43.199999999999996
Kilinochchi,2020,5,73.47
Kilinochchi,2020,6,30.6
Kilinochchi,2020,7,97.03
Kilinochchi,2020,8,43.71
Kilinochchi,2020,9,156.9
Kilinochchi,2020,10,87.42
Kilinochchi,2020,11,278.4
Kilinochchi,2020,12,557.38
Kilinochchi,2021,1,302.56
Kilinochchi,2021,2,20.72
Kilinochchi,2021,3,17.669999999999998
Kilinochchi,2021,4,70.19999999999999
Kilinochchi,2021,5,82.14999999999999
Kilinochchi,2021,6,44.7
Kilinochchi,2021,7,55.18
Kilinochchi,2021,8,57.35
Kilinochchi,2021,9,94.5
Kilinochchi,2021,10,333.25
Kilinochchi,2021,11,627.0
Kilinochchi,2021,12,124.61999999999999
Kilinochchi,2022,1,100.44000000000001
Kilinochchi,2022,2,65.8
Kilinochchi,2022,3,20.150000000000002
Kilinochchi,2022,4,182.4
Kilinochchi,2022,5,30.07
Kilinochchi,2022,6,38.4
Kilinochchi,2022,7,205.53
Kilinochchi,2022,8,93.30999999999999
Kilinochchi,2022,9,38.4
Kilinochchi,2022,10,290.46999999999997
Kilinochchi,2022,11,262.5
Kilinochchi,2022,12,256.06
Kilinochchi,2023,1,44.33
Kilinochchi,2023,2,128.24
Kilinochchi,2023,3,35.65
Kilinochchi,2023,4,48.0
Kilinochchi,2023,5,178.56
Kilinochchi,2023,6,21.599999999999998
Kilinochchi,2023,7,22.63
Kilinochchi,2023,8,32.24
Kilinochchi,2023,9,74.4
Kilinochchi,2023,10,176.39000000000001
Kilinochchi,2023,11,441.6
Kilinochchi,2023,12,372.31
Kilinochchi,2024,1,97.03
Kilinochchi,2024,2,2.9000000000000004
Kilinochchi,2024,3,16.740000000000002
Kilinochchi,2024,4,20.400000000000002
Kilinochchi,2024,5,122.45
Kilinochchi,2024,6,43.5
Kilinochchi,2024,7,17.05
Kilinochchi,2024,8,83.7
Kilinochchi,2024,9,27.3
Kilinochchi,2024,10,186.61999999999998
Kilinochchi,2024,11,381.90000000000003
Kilinochchi,2024,12,146.32
Kilinochchi,2025,1,106.64
Kilinochchi,2025,2,54.32
Kilinochchi,2025,3,55.18
Kilinochchi,2025,4,74.7
Kilinochchi,2025,5,113.46000000000001
Kilinochchi,2025,6,28.2
Kilinochchi,2025,7,11.16
Kilinochchi,2025,8,42.160000000000004
Kilinochchi,2025,9,75.6
Kilinochchi,2025,10,345.96
Kilinochchi,2025,11,556.1999999999999
Kilinochchi,2025,12,141.98
Kurunegala,1984,1,254.2
Kurunegala,1984,2,258.1
Kurunegala,1984,3,174.84
Kurunegala,1984,4,342.9
Kurunegala,1984,5,148.79999999999998
Kurunegala,1984,6,102.9
Kurunegala,1984,7,142.6
Kurunegala,1984,8,39.06
Kurunegala,1984,9,223.20000000000002
Kurunegala,1984,10,165.85
Kurunegala,1984,11,303.90000000000003
Kurunegala,1984,12,44.33
Kurunegala,1985,1,72.23
Kurunegala,1985,2,124.03999999999999
Kurunegala,1985,3,61.38
Kurunegala,1985,4,91.5
Kurunegala,1985,5,143.22
Kurunegala,1985,6,136.5
Kurunegala,1985,7,50.529999999999994
Kurunegala,1985,8,77.80999999999999
Kurunegala,1985,9,119.4
Kurunegala,1985,10,188.79
Kurunegala,1985,11,263.09999999999997
Kurunegala,1985,12,109.12
Kurunegala,1986,1,164.60999999999999
Kurunegala,1986,2,90.44
Kurunegala,1986,3,149.42000000000002
Kurunegala,1986,4,143.7
Kurunegala,1986,5,140.11999999999998
Kurunegala,1986,6,58.199999999999996
Kurunegala,1986,7,42.470000000000006
Kurunegala,1986,8,98.89
Kurunegala,1986,9,99.9
Kurunegala,1986,10,206.46
Kurunegala,1986,11,105.89999999999999
Kurunegala,1986,12,120.89999999999999
Kurunegala,1987,1,44.949999999999996
Kurunegala,1987,2,4.760000000000001
Kurunegala,1987,3,39.06
Kurunegala,1987,4,138.3
Kurunegala,1987,5,116.87
Kurunegala,1987,6,93.3
Kurunegala,1987,7,6.82
Kurunegala,1987,8,168.64000000000001
Kurunegala,1987,9,122.99999999999999
Kurunegala,1987,10,308.45
Kurunegala,1987,11,214.8
Kurunegala,1987,12,120.28
Kurunegala,1988,1,11.16
Kurunegala,1988,2,35.67
Kurunegala,1988,3,102.61
Kurunegala,1988,4,231.6
Kurunegala,1988,5,64.17
Kurunegala,1988,6,107.1
Kurunegala,1988,7,89.89999999999999
Kurunegala,1988,8,90.83
Kurunegala,1988,9,184.8
Kurunegala,1988,10,65.10000000000001
Kurunegala,1988,11,195.9
Kurunegala,1988,12,62.92999999999999
Kurunegala,1989,1,51.46
Kurunegala,1989,2,5.04
Kurunegala,1989,3,54.87
Kurunegala,1989,4,124.50000000000001
Kurunegala,1989,5,141.04999999999998
Kurunegala,1989,6,135.29999999999998
Kurunegala,1989,7,169.88000000000002
Kurunegala,1989,8,56.11
Kurunegala,1989,9,184.2
Kurunegala,1989,10,201.81
Kurunegala,1989,11,213.0
Kurunegala,1989,12,68.51
Kurunegala,1990,1,129.57999999999998
Kurunegala,1990,2,21.560000000000002
Kurunegala,1990,3,60.449999999999996
Kurunegala,1990,4,91.5
Kurunegala,1990,5,186.31
Kurunegala,1990,6,66.9
Kurunegala,1990,7,73.78
Kurunegala,1990,8,49.6
Kurunegala,1990,9,40.2
Kurunegala,1990,10,233.43
Kurunegala,1990,11,156.0
Kurunegala,1990,12,123.69000000000001
Kurunegala,1991,1,64.48
Kurunegala,1991,2,6.44
Kurunegala,1991,3,30.07
Kurunegala,1991,4,82.5
Kurunegala,1991,5,90.83
Kurunegala,1991,6,192.0
Kurunegala,1991,7,82.77
Kurunegala,1991,8,75.64
Kurunegala,1991,9,46.2
Kurunegala,1991,10,260.09000000000003
Kurunegala,1991,11,179.1
Kurunegala,1991,12,93.62
Kurunegala,1992,1,11.47
Kurunegala,1992,2,4.0600000000000005
Kurunegala,1992,3,1.8599999999999999
Kurunegala,1992,4,89.10000000000001
Kurunegala,1992,5,211.73
Kurunegala,1992,6,99.9
Kurunegala,1992,7,106.95
Kurunegala,1992,8,78.12
Kurunegala,1992,9,132.3
Kurunegala,1992,10,191.27
Kurunegala,1992,11,251.09999999999997
Kurunegala,1992,12,98.89
Kurunegala,1993,1,13.950000000000001
Kurunegala,1993,2,12.32
Kurunegala,1993,3,57.660000000000004
Kurunegala,1993,4,114.6
Kurunegala,1993,5,185.69
Kurunegala,1993,6,130.8
Kurunegala,1993,7,84.63
Kurunegala,1993,8,34.720000000000006
Kurunegala,1993,9,108.0
Kurunegala,1993,10,264.73999999999995
Kurunegala,1993,11,278.4
Kurunegala,1993,12,221.65
Kurunegala,1994,1,78.74
Kurunegala,1994,2,97.72
Kurunegala,1994,3,64.17
Kurunegala,1994,4,115.8
Kurunegala,1994,5,148.79999999999998
Kurunegala,1994,6,67.2
Kurunegala,1994,7,66.96000000000001
Kurunegala,1994,8,46.19
Kurunegala,1994,9,81.3
Kurunegala,1994,10,230.95000000000002
Kurunegala,1994,11,123.30000000000001
Kurunegala,1994,12,28.21
Kurunegala,1995,1,27.900000000000002
Kurunegala,1995,2,18.48
Kurunegala,1995,3,11.78
Kurunegala,1995,4,110.4
Kurunegala,1995,5,120.89999999999999
Kurunegala,1995,6,76.2
Kurunegala,1995,7,34.1
Kurunegala,1995,8,30.38
Kurunegala,1995,9,30.6
Kurunegala,1995,10,93.0
Kurunegala,1995,11,111.0
Kurunegala,1995,12,8.99
Kurunegala,1996,1,42.470000000000006
Kurunegala,1996,2,29.29
Kurunegala,1996,3,11.78
Kurunegala,1996,4,87.0
Kurunegala,1996,5,16.43
Kurunegala,1996,6,107.4
Kurunegala,1996,7,35.339999999999996
Kurunegala,1996,8,38.13
Kurunegala,1996,9,75.3
Kurunegala,1996,10,125.55
Kurunegala,1996,11,101.39999999999999
Kurunegala,1996,12,50.220000000000006
Kurunegala,1997,1,2.1700000000000004
Kurunegala,1997,2,26.88
Kurunegala,1997,3,14.26
Kurunegala,1997,4,108.60000000000001
Kurunegala,1997,5,121.52
Kurunegala,1997,6,63.6
Kurunegala,1997,7,87.73
Kurunegala,1997,8,40.300000000000004
Kurunegala,1997,9,178.5
Kurunegala,1997,10,291.09000000000003
Kurunegala,1997,11,283.5
Kurunegala,1997,12,129.89000000000001
Kurunegala,1998,1,21.080000000000002
Kurunegala,1998,2,1.9600000000000002
Kurunegala,1998,3,21.7
Kurunegala,1998,4,88.2
Kurunegala,1998,5,195.92000000000002
Kurunegala,1998,6,113.39999999999999
Kurunegala,1998,7,145.39000000000001
Kurunegala,1998,8,103.85000000000001
Kurunegala,1998,9,119.7
Kurunegala,1998,10,202.43
Kurunegala,1998,11,211.5
Kurunegala,1998,12,270.63
Kurunegala,1999,1,119.35000000000001
Kurunegala,1999,2,105.56
Kurunegala,1999,3,24.490000000000002
Kurunegala,1999,4,215.70000000000002
Kurunegala,1999,5,213.28
Kurunegala,1999,6,89.7
Kurunegala,1999,7,57.970000000000006
Kurunegala,1999,8,59.21
Kurunegala,1999,9,96.3
Kurunegala,1999,10,219.17000000000002
Kurunegala,1999,11,146.1
Kurunegala,1999,12,54.56
Kurunegala,2000,1,22.94
Kurunegala,2000,2,78.59
Kurunegala,2000,3,36.269999999999996
Kurunegala,2000,4,95.1
Kurunegala,2000,5,61.38
Kurunegala,2000,6,84.3
Kurunegala,2000,7,81.84
Kurunegala,2000,8,124.30999999999999
Kurunegala,2000,9,94.80000000000001
Kurunegala,2000,10,87.11
Kurunegala,2000,11,198.3
Kurunegala,2000,12,99.82000000000001
Kurunegala,2001,1,91.45
Kurunegala,2001,2,68.88
Kurunegala,2001,3,5.58
Kurunegala,2001,4,207.89999999999998
Kurunegala,2001,5,109.12
Kurunegala,2001,6,138.3
Kurunegala,2001,7,88.97
Kurunegala,2001,8,17.98
Kurunegala,2001,9,123.89999999999999
Kurunegala,2001,10,113.77
Kurunegala,2001,11,132.89999999999998
Kurunegala,2001,12,77.19000000000001
Kurunegala,2002,1,28.21
Kurunegala,2002,2,55.16
Kurunegala,2002,3,47.74
Kurunegala,2002,4,202.20000000000002
Kurunegala,2002,5,169.26
Kurunegala,2002,6,66.60000000000001
Kurunegala,2002,7,22.32
Kurunegala,2002,8,64.48
Kurunegala,2002,9,31.200000000000003
Kurunegala,2002,10,378.82
Kurunegala,2002,11,177.0
Kurunegala,2002,12,154.69
Kurunegala,2003,1,56.11
Kurunegala,2003,2,61.040000000000006
Kurunegala,2003,3,121.21000000000001
Kurunegala,2003,4,125.1
Kurunegala,2003,5,136.09
Kurunegala,2003,6,91.8
Kurunegala,2003,7,67.27
Kurunegala,2003,8,45.88
Kurunegala,2003,9,67.2
Kurunegala,2003,10,135.47
Kurunegala,2003,11,231.0
Kurunegala,2003,12,27.900000000000002
Kurunegala,2004,1,18.29
Kurunegala,2004,2,20.59
Kurunegala,2004,3,35.339999999999996
Kurunegala,2004,4,107.1
Kurunegala,2004,5,181.35
Kurunegala,2004,6,91.2
Kurunegala,2004,7,55.49
Kurunegala,2004,8,36.269999999999996
Kurunegala,2004,9,171.0
Kurunegala,2004,10,238.07999999999998
Kurunegala,2004,11,220.8
Kurunegala,2004,12,132.68
Kurunegala,2005,1,80.60000000000001
Kurunegala,2005,2,32.76
Kurunegala,2005,3,90.52
Kurunegala,2005,4,156.6
Kurunegala,2005,5,123.07000000000001
Kurunegala,2005,6,87.6
Kurunegala,2005,7,83.08
Kurunegala,2005,8,29.139999999999997
Kurunegala,2005,9,71.7
Kurunegala,2005,10,286.13
Kurunegala,2005,11,414.6
Kurunegala,2005,12,119.66
Kurunegala,2006,1,146.01
Kurunegala,2006,2,38.64
Kurunegala,2006,3,145.70000000000002
Kurunegala,2006,4,62.400000000000006
Kurunegala,2006,5,144.77
Kurunegala,2006,6,72.9
Kurunegala,2006,7,73.47
Kurunegala,2006,8,141.35999999999999
Kurunegala,2006,9,129.9
Kurunegala,2006,10,482.98
Kurunegala,2006,11,388.8
Kurunegala,2006,12,123.69000000000001
Kurunegala,2007,1,71.61
Kurunegala,2007,2,19.599999999999998
Kurunegala,2007,3,23.87
Kurunegala,2007,4,233.7
Kurunegala,2007,5,69.13
Kurunegala,2007,6,102.6
Kurunegala,2007,7,75.33
Kurunegala,2007,8,77.5
Kurunegala,2007,9,142.79999999999998
Kurunegala,2007,10,270.63
Kurunegala,2007,11,166.5
Kurunegala,2007,12,182.28
Kurunegala,2008,1,42.470000000000006
Kurunegala,2008,2,90.19
Kurunegala,2008,3,302.56
Kurunegala,2008,4,263.09999999999997
Kurunegala,2008,5,52.39
Kurunegala,2008,6,81.0
Kurunegala,2008,7,123.38
Kurunegala,2008,8,73.16
Kurunegala,2008,9,47.400000000000006
Kurunegala,2008,10,288.92
Kurunegala,2008,11,186.3
Kurunegala,2008,12,88.97
Kurunegala,2009,1,34.410000000000004
Kurunegala,2009,2,1.68
Kurunegala,2009,3,201.81
Kurunegala,2009,4,168.6
Kurunegala,2009,5,103.85000000000001
Kurunegala,2009,6,89.4
Kurunegala,2009,7,57.04
Kurunegala,2009,8,128.96
Kurunegala,2009,9,93.60000000000001
Kurunegala,2009,10,117.8
Kurunegala,2009,11,363.59999999999997
Kurunegala,2009,12,170.19
Kurunegala,2010,1,68.51
Kurunegala,2010,2,17.08
Kurunegala,2010,3,79.36
Kurunegala,2010,4,253.2
Kurunegala,2010,5,237.77
Kurunegala,2010,6,138.0
Kurunegala,2010,7,118.42
Kurunegala,2010,8,114.7
Kurunegala,2010,9,192.6
Kurunegala,2010,10,204.6
Kurunegala,2010,11,477.6
Kurunegala,2010,12,309.69
Kurunegala,2011,1,181.35
Kurunegala,2011,2,189.56
Kurunegala,2011,3,79.98
Kurunegala,2011,4,330.59999999999997
Kurunegala,2011,5,119.35000000000001
Kurunegala,2011,6,61.800000000000004
Kurunegala,2011,7,62.62
Kurunegala,2011,8,75.02
Kurunegala,2011,9,92.1
Kurunegala,2011,10,253.89
Kurunegala,2011,11,228.3
Kurunegala,2011,12,110.05
Kurunegala,2012,1,43.71
Kurunegala,2012,2,89.61
Kurunegala,2012,3,94.86
Kurunegala,2012,4,253.8
Kurunegala,2012,5,49.29
Kurunegala,2012,6,83.7
Kurunegala,2012,7,58.9
Kurunegala,2012,8,95.17
Kurunegala,2012,9,94.80000000000001
Kurunegala,2012,10,441.13
Kurunegala,2012,11,226.79999999999998
Kurunegala,2012,12,344.40999999999997
Kurunegala,2013,1,154.38000000000002
Kurunegala,2013,2,115.08000000000001
Kurunegala,2013,3,155.0
Kurunegala,2013,4,132.0
Kurunegala,2013,5,181.35
Kurunegala,2013,6,179.70000000000002
Kurunegala,2013,7,89.28
Kurunegala,2013,8,59.21
Kurunegala,2013,9,132.0
Kurunegala,2013,10,180.73
Kurunegala,2013,11,189.0
Kurunegala,2013,12,79.98
Kurunegala,2014,1,63.24
Kurunegala,2014,2,15.120000000000001
Kurunegala,2014,3,39.99
Kurunegala,2014,4,243.59999999999997
Kurunegala,2014,5,142.91
Kurunegala,2014,6,72.0
Kurunegala,2014,7,39.37
Kurunegala,2014,8,113.46000000000001
Kurunegala,2014,9,160.2
Kurunegala,2014,10,394.94
Kurunegala,2014,11,258.90000000000003
Kurunegala,2014,12,412.61
Kurunegala,2015,1,9.92
Kurunegala,2015,2,72.24000000000001
Kurunegala,2015,3,83.08
Kurunegala,2015,4,237.3
Kurunegala,2015,5,166.47
Kurunegala,2015,6,75.0
Kurunegala,2015,7,35.65
Kurunegala,2015,8,75.64
Kurunegala,2015,9,163.5
Kurunegala,2015,10,298.84000000000003
Kurunegala,2015,11,403.8
Kurunegala,2015,12,248.31
Kurunegala,2016,1,21.389999999999997
Kurunegala,2016,2,53.940000000000005
Kurunegala,2016,3,62.92999999999999
Kurunegala,2016,4,108.60000000000001
Kurunegala,2016,5,454.15000000000003
Kurunegala,2016,6,84.6
Kurunegala,2016,7,39.68
Kurunegala,2016,8,15.81
Kurunegala,2016,9,11.1
Kurunegala,2016,10,89.59
Kurunegala,2016,11,244.5
Kurunegala,2016,12,54.25
Kurunegala,2017,1,42.470000000000006
Kurunegala,2017,2,39.48
Kurunegala,2017,3,187.54999999999998
Kurunegala,2017,4,62.699999999999996
Kurunegala,2017,5,161.51
Kurunegala,2017,6,60.0
Kurunegala,2017,7,26.349999999999998
Kurunegala,2017,8,69.75
Kurunegala,2017,9,122.10000000000001
Kurunegala,2017,10,210.79999999999998
Kurunegala,2017,11,218.7
Kurunegala,2017,12,114.7
Kurunegala,2018,1,22.32
Kurunegala,2018,2,34.44
Kurunegala,2018,3,74.09
Kurunegala,2018,4,182.10000000000002
Kurunegala,2018,5,376.03000000000003
Kurunegala,2018,6,100.19999999999999
Kurunegala,2018,7,38.44
Kurunegala,2018,8,53.63
Kurunegala,2018,9,82.2
Kurunegala,2018,10,242.10999999999999
Kurunegala,2018,11,261.90000000000003
Kurunegala,2018,12,84.32000000000001
Kurunegala,2019,1,6.82
Kurunegala,2019,2,79.24000000000001
Kurunegala,2019,3,24.18
Kurunegala,2019,4,133.5
Kurunegala,2019,5,30.38
Kurunegala,2019,6,80.7
Kurunegala,2019,7,52.08
Kurunegala,2019,8,155.93
Kurunegala,2019,9,241.8
Kurunegala,2019,10,459.11
Kurunegala,2019,11,276.6
Kurunegala,2019,12,233.74
Kurunegala,2020,1,30.69
Kurunegala,2020,2,8.120000000000001
Kurunegala,2020,3,31.93
Kurunegala,2020,4,168.9
Kurunegala,2020,5,238.70000000000002
Kurunegala,2020,6,108.60000000000001
Kurunegala,2020,7,92.07000000000001
Kurunegala,2020,8,79.98
Kurunegala,2020,9,178.20000000000002
Kurunegala,2020,10,63.55
Kurunegala,2020,11,326.40000000000003
Kurunegala,2020,12,221.65
Kurunegala,2021,1,243.35
Kurunegala,2021,2,22.68
Kurunegala,2021,3,98.58
Kurunegala,2021,4,149.1
Kurunegala,2021,5,367.96999999999997
Kurunegala,2021,6,163.5
Kurunegala,2021,7,141.67000000000002
Kurunegala,2021,8,94.86
Kurunegala,2021,9,135.0
Kurunegala,2021,10,382.54
Kurunegala,2021,11,471.6
Kurunegala,2021,12,61.69
Kurunegala,2022,1,40.300000000000004
Kurunegala,2022,2,146.16
Kurunegala,2022,3,46.19
Kurunegala,2022,4,307.2
Kurunegala,2022,5,204.29
Kurunegala,2022,6,61.49999999999999
Kurunegala,2022,7,90.52
Kurunegala,2022,8,157.17000000000002
Kurunegala,2022,9,82.8
Kurunegala,2022,10,256.37
Kurunegala,2022,11,242.4
Kurunegala,2022,12,257.61
Kurunegala,2023,1,68.82000000000001
Kurunegala,2023,2,71.96
Kurunegala,2023,3,96.72
Kurunegala,2023,4,181.2
Kurunegala,2023,5,188.79
Kurunegala,2023,6,79.80000000000001
Kurunegala,2023,7,61.69
Kurunegala,2023,8,46.5
Kurunegala,2023,9,257.4
Kurunegala,2023,10,422.53000000000003
Kurunegala,2023,11,471.0
Kurunegala,2023,12,339.45
Kurunegala,2024,1,161.51
Kurunegala,2024,2,12.47
Kurunegala,2024,3,31.62
Kurunegala,2024,4,107.1
Kurunegala,2024,5,278.38
Kurunegala,2024,6,104.4
Kurunegala,2024,7,68.51
Kurunegala,2024,8,155.61999999999998
Kurunegala,2024,9,65.4
Kurunegala,2024,10,190.34
Kurunegala,2024,11,352.8
Kurunegala,2024,12,134.54
Kurunegala,2025,1,179.18
Kurunegala,2025,2,28.0
Kurunegala,2025,3,192.51
Kurunegala,2025,4,285.0
Kurunegala,2025,5,245.82999999999998
Kurunegala,2025,6,106.8
Kurunegala,2025,7,43.71
Kurunegala,2025,8,54.56
Kurunegala,2025,9,147.0
Kurunegala,2025,10,470.58
Kurunegala,2025,11,578.6999999999999
Kurunegala,2025,12,104.47
Mannar,1984,1,253.89
Mannar,1984,2,346.84000000000003
Mannar,1984,3,158.1
Mannar,1984,4,226.79999999999998
Mannar,1984,5,17.98
Mannar,1984,6,9.0
Mannar,1984,7,159.03
Mannar,1984,8,14.879999999999999
Mannar,1984,9,251.09999999999997
Mannar,1984,10,91.76
Mannar,1984,11,256.2
Mannar,1984,12,87.11
Mannar,1985,1,96.10000000000001
Mannar,1985,2,104.72
Mannar,1985,3,59.21
Mannar,1985,4,58.8
Mannar,1985,5,75.64
Mannar,1985,6,16.5
Mannar,1985,7,42.779999999999994
Mannar,1985,8,62.0
Mannar,1985,9,112.5
Mannar,1985,10,69.75
Mannar,1985,11,300.9
Mannar,1985,12,186.0
Mannar,1986,1,115.32000000000001
Mannar,1986,2,26.88
Mannar,1986,3,108.19000000000001
Mannar,1986,4,82.5
Mannar,1986,5,60.14
Mannar,1986,6,3.5999999999999996
Mannar,1986,7,9.92
Mannar,1986,8,17.98
Mannar,1986,9,44.4
Mannar,1986,10,160.57999999999998
Mannar,1986,11,85.8
Mannar,1986,12,82.14999999999999
Mannar,1987,1,38.13
Mannar,1987,2,1.68
Mannar,1987,3,24.8
Mannar,1987,4,113.1
Mannar,1987,5,25.419999999999998
Mannar,1987,6,6.6
Mannar,1987,7,8.99
Mannar,1987,8,13.950000000000001
Mannar,1987,9,99.6
Mannar,1987,10,241.18
Mannar,1987,11,186.9
Mannar,1987,12,93.30999999999999
Mannar,1988,1,5.2700000000000005
Mannar,1988,2,63.800000000000004
Mannar,1988,3,24.8
Mannar,1988,4,234.60000000000002
Mannar,1988,5,20.46
Mannar,1988,6,32.7
Mannar,1988,7,43.089999999999996
Mannar,1988,8,104.47
Mannar,1988,9,94.2
Mannar,1988,10,65.41
Mannar,1988,11,130.2
Mannar,1988,12,55.18
Mannar,1989,1,28.21
Mannar,1989,2,3.64
Mannar,1989,3,19.53
Mannar,1989,4,35.099999999999994
Mannar,1989,5,45.57
Mannar,1989,6,53.4
Mannar,1989,7,136.09
Mannar,1989,8,8.370000000000001
Mannar,1989,9,129.9
Mannar,1989,10,237.46
Mannar,1989,11,221.4
Mannar,1989,12,60.76
Mannar,1990,1,172.04999999999998
Mannar,1990,2,2.24
Mannar,1990,3,50.529999999999994
Mannar,1990,4,43.8
Mannar,1990,5,113.77
Mannar,1990,6,2.1
Mannar,1990,7,5.58
Mannar,1990,8,86.17999999999999
Mannar,1990,9,58.199999999999996
Mannar,1990,10,222.89000000000001
Mannar,1990,11,82.5
Mannar,1990,12,53.32
Mannar,1991,1,31.93
Mannar,1991,2,3.08
Mannar,1991,3,50.529999999999994
Mannar,1991,4,90.89999999999999
Mannar,1991,5,94.24
Mannar,1991,6,59.7
Mannar,1991,7,15.19
Mannar,1991,8,13.64
Mannar,1991,9,49.199999999999996
Mannar,1991,10,256.98999999999995
Mannar,1991,11,319.20000000000005
Mannar,1991,12,115.94000000000001
Mannar,1992,1,8.06
Mannar,1992,2,0.0
Mannar,1992,3,0.0
Mannar,1992,4,104.7
Mannar,1992,5,79.98
Mannar,1992,6,36.6
Mannar,1992,7,40.300000000000004
Mannar,1992,8,22.009999999999998
Mannar,1992,9,96.9
Mannar,1992,10,170.81
Mannar,1992,11,243.59999999999997
Mannar,1992,12,184.76
Mannar,1993,1,1.55
Mannar,1993,2,1.68
Mannar,1993,3,46.81
Mannar,1993,4,112.8
Mannar,1993,5,73.16
Mannar,1993,6,19.8
Mannar,1993,7,34.720000000000006
Mannar,1993,8,12.709999999999999
Mannar,1993,9,12.299999999999999
Mannar,1993,10,340.07
Mannar,1993,11,381.0
Mannar,1993,12,389.67
Mannar,1994,1,52.39
Mannar,1994,2,164.92
Mannar,1994,3,26.04
Mannar,1994,4,133.8
Mannar,1994,5,109.74
Mannar,1994,6,3.0
Mannar,1994,7,20.150000000000002
Mannar,1994,8,1.8599999999999999
Mannar,1994,9,52.2
Mannar,1994,10,275.28000000000003
Mannar,1994,11,83.1
Mannar,1994,12,14.26
Mannar,1995,1,22.63
Mannar,1995,2,6.16
Mannar,1995,3,4.340000000000001
Mannar,1995,4,24.9
Mannar,1995,5,36.58
Mannar,1995,6,8.100000000000001
Mannar,1995,7,6.82
Mannar,1995,8,7.13
Mannar,1995,9,11.4
Mannar,1995,10,64.48
Mannar,1995,11,40.5
Mannar,1995,12,10.540000000000001
Mannar,1996,1,4.96
Mannar,1996,2,11.889999999999999
Mannar,1996,3,0.62
Mannar,1996,4,51.9
Mannar,1996,5,7.13
Mannar,1996,6,47.400000000000006
Mannar,1996,7,5.2700000000000005
Mannar,1996,8,33.79
Mannar,1996,9,25.2
Mannar,1996,10,54.87
Mannar,1996,11,63.6
Mannar,1996,12,62.62
Mannar,1997,1,7.4399999999999995
Mannar,1997,2,0.28
Mannar,1997,3,2.48
Mannar,1997,4,38.4
Mannar,1997,5,61.07
Mannar,1997,6,14.1
Mannar,1997,7,31.62
Mannar,1997,8,6.82
Mannar,1997,9,35.099999999999994
Mannar,1997,10,159.03
Mannar,1997,11,258.0
Mannar,1997,12,124.93
Mannar,1998,1,22.009999999999998
Mannar,1998,2,1.4000000000000001
Mannar,1998,3,4.96
Mannar,1998,4,24.0
Mannar,1998,5,142.91
Mannar,1998,6,3.0
Mannar,1998,7,32.24
Mannar,1998,8,41.54
Mannar,1998,9,24.9
Mannar,1998,10,68.82000000000001
Mannar,1998,11,184.2
Mannar,1998,12,380.68
Mannar,1999,1,106.64
Mannar,1999,2,49.84
Mannar,1999,3,11.47
Mannar,1999,4,130.5
Mannar,1999,5,16.43
Mannar,1999,6,7.800000000000001
Mannar,1999,7,10.540000000000001
Mannar,1999,8,21.7
Mannar,1999,9,51.3
Mannar,1999,10,137.32999999999998
Mannar,1999,11,139.5
Mannar,1999,12,67.27
Mannar,2000,1,31.0
Mannar,2000,2,53.07
Mannar,2000,3,4.03
Mannar,2000,4,42.9
Mannar,2000,5,57.660000000000004
Mannar,2000,6,21.299999999999997
Mannar,2000,7,108.19000000000001
Mannar,2000,8,29.45
Mannar,2000,9,96.3
Mannar,2000,10,71.61
Mannar,2000,11,231.6
Mannar,2000,12,89.28
Mannar,2001,1,56.42
Mannar,2001,2,70.0
Mannar,2001,3,0.0
Mannar,2001,4,174.60000000000002
Mannar,2001,5,23.87
Mannar,2001,6,80.4
Mannar,2001,7,48.050000000000004
Mannar,2001,8,6.82
Mannar,2001,9,23.700000000000003
Mannar,2001,10,129.27
Mannar,2001,11,246.60000000000002
Mannar,2001,12,209.56
Mannar,2002,1,26.04
Mannar,2002,2,71.39999999999999
Mannar,2002,3,13.64
Mannar,2002,4,143.4
Mannar,2002,5,51.46
Mannar,2002,6,22.2
Mannar,2002,7,1.8599999999999999
Mannar,2002,8,9.92
Mannar,2002,9,7.800000000000001
Mannar,2002,10,293.88
Mannar,2002,11,120.3
Mannar,2002,12,128.65
Mannar,2003,1,73.16
Mannar,2003,2,46.76
Mannar,2003,3,26.66
Mannar,2003,4,86.39999999999999
Mannar,2003,5,119.35000000000001
Mannar,2003,6,16.5
Mannar,2003,7,19.22
Mannar,2003,8,35.029999999999994
Mannar,2003,9,32.400000000000006
Mannar,2003,10,122.14
Mannar,2003,11,308.09999999999997
Mannar,2003,12,29.45
Mannar,2004,1,4.6499999999999995
Mannar,2004,2,8.99
Mannar,2004,3,21.7
Mannar,2004,4,55.800000000000004
Mannar,2004,5,144.46
Mannar,2004,6,8.7
Mannar,2004,7,15.81
Mannar,2004,8,22.32
Mannar,2004,9,85.5
Mannar,2004,10,245.82999999999998
Mannar,2004,11,260.7
Mannar,2004,12,202.43
Mannar,2005,1,88.66
Mannar,2005,2,5.04
Mannar,2005,3,51.769999999999996
Mannar,2005,4,176.1
Mannar,2005,5,46.81
Mannar,2005,6,4.5
Mannar,2005,7,9.61
Mannar,2005,8,26.349999999999998
Mannar,2005,9,7.800000000000001
Mannar,2005,10,162.13000000000002
Mannar,2005,11,393.0
Mannar,2005,12,92.38
Mannar,2006,1,68.82000000000001
Mannar,2006,2,12.04
Mannar,2006,3,105.71000000000001
Mannar,2006,4,56.1
Mannar,2006,5,26.04
Mannar,2006,6,2.4
Mannar,2006,7,5.2700000000000005
Mannar,2006,8,61.38
Mannar,2006,9,66.9
Mannar,2006,10,295.12
Mannar,2006,11,254.10000000000002
Mannar,2006,12,58.9
Mannar,2007,1,30.07
Mannar,2007,2,38.080000000000005
Mannar,2007,3,4.340000000000001
Mannar,2007,4,71.10000000000001
Mannar,2007,5,7.13
Mannar,2007,6,36.3
Mannar,2007,7,11.78
Mannar,2007,8,30.69
Mannar,2007,9,57.9
Mannar,2007,10,283.96
Mannar,2007,11,130.5
Mannar,2007,12,191.27
Mannar,2008,1,12.709999999999999
Mannar,2008,2,68.44
Mannar,2008,3,190.96
Mannar,2008,4,110.7
Mannar,2008,5,7.4399999999999995
Mannar,2008,6,6.9
Mannar,2008,7,17.98
Mannar,2008,8,35.339999999999996
Mannar,2008,9,5.7
Mannar,2008,10,145.39000000000001
Mannar,2008,11,211.5
Mannar,2008,12,145.07999999999998
Mannar,2009,1,22.63
Mannar,2009,2,0.0
Mannar,2009,3,84.32000000000001
Mannar,2009,4,78.0
Mannar,2009,5,9.61
Mannar,2009,6,5.3999999999999995
Mannar,2009,7,8.06
Mannar,2009,8,60.76
Mannar,2009,9,12.0
Mannar,2009,10,101.67999999999999
Mannar,2009,11,346.8
Mannar,2009,12,279.62
Mannar,2010,1,46.19
Mannar,2010,2,1.68
Mannar,2010,3,13.950000000000001
Mannar,2010,4,74.4
Mannar,2010,5,55.800000000000004
Mannar,2010,6,8.7
Mannar,2010,7,18.29
Mannar,2010,8,72.23
Mannar,2010,9,150.9
Mannar,2010,10,134.85
Mannar,2010,11,404.1
Mannar,2010,12,336.65999999999997
Mannar,2011,1,163.06
Mannar,2011,2,112.28
Mannar,2011,3,10.23
Mannar,2011,4,200.1
Mannar,2011,5,5.89
Mannar,2011,6,2.1
Mannar,2011,7,10.23
Mannar,2011,8,52.699999999999996
Mannar,2011,9,10.5
Mannar,2011,10,233.43
Mannar,2011,11,410.4
Mannar,2011,12,191.57999999999998
Mannar,2012,1,34.1
Mannar,2012,2,13.92
Mannar,2012,3,22.94
Mannar,2012,4,76.5
Mannar,2012,5,2.48
Mannar,2012,6,1.7999999999999998
Mannar,2012,7,12.4
Mannar,2012,8,5.58
Mannar,2012,9,58.8
Mannar,2012,10,398.96999999999997
Mannar,2012,11,134.4
Mannar,2012,12,387.5
Mannar,2013,1,120.89999999999999
Mannar,2013,2,134.67999999999998
Mannar,2013,3,140.11999999999998
Mannar,2013,4,44.7
Mannar,2013,5,64.17
Mannar,2013,6,3.0
Mannar,2013,7,10.85
Mannar,2013,8,47.43
Mannar,2013,9,83.7
Mannar,2013,10,92.07000000000001
Mannar,2013,11,183.9
Mannar,2013,12,138.88000000000002
Mannar,2014,1,114.7
Mannar,2014,2,17.64
Mannar,2014,3,2.79
Mannar,2014,4,59.7
Mannar,2014,5,135.16
Mannar,2014,6,2.4
Mannar,2014,7,3.41
Mannar,2014,8,69.44000000000001
Mannar,2014,9,95.4
Mannar,2014,10,240.25
Mannar,2014,11,358.2
Mannar,2014,12,352.15999999999997
Mannar,2015,1,3.41
Mannar,2015,2,76.44
Mannar,2015,3,60.14
Mannar,2015,4,171.3
Mannar,2015,5,180.73
Mannar,2015,6,14.399999999999999
Mannar,2015,7,4.6499999999999995
Mannar,2015,8,41.54
Mannar,2015,9,110.4
Mannar,2015,10,220.41
Mannar,2015,11,498.9
Mannar,2015,12,244.59
Mannar,2016,1,42.160000000000004
Mannar,2016,2,14.790000000000001
Mannar,2016,3,12.09
Mannar,2016,4,19.5
Mannar,2016,5,312.79
Mannar,2016,6,10.799999999999999
Mannar,2016,7,19.84
Mannar,2016,8,17.669999999999998
Mannar,2016,9,5.1000000000000005
Mannar,2016,10,63.55
Mannar,2016,11,189.29999999999998
Mannar,2016,12,85.25
Mannar,2017,1,105.71000000000001
Mannar,2017,2,18.76
Mannar,2017,3,89.89999999999999
Mannar,2017,4,26.1
Mannar,2017,5,66.64999999999999
Mannar,2017,6,12.6
Mannar,2017,7,13.33
Mannar,2017,8,68.2
Mannar,2017,9,63.9
Mannar,2017,10,96.72
Mannar,2017,11,215.1
Mannar,2017,12,70.99
Mannar,2018,1,27.900000000000002
Mannar,2018,2,19.040000000000003
Mannar,2018,3,42.160000000000004
Mannar,2018,4,53.7
Mannar,2018,5,148.18
Mannar,2018,6,10.5
Mannar,2018,7,8.99
Mannar,2018,8,20.150000000000002
Mannar,2018,9,33.6
Mannar,2018,10,231.57
Mannar,2018,11,232.20000000000002
Mannar,2018,12,85.87
Mannar,2019,1,0.9299999999999999
Mannar,2019,2,51.52
Mannar,2019,3,2.1700000000000004
Mannar,2019,4,37.8
Mannar,2019,5,4.6499999999999995
Mannar,2019,6,7.5
Mannar,2019,7,16.43
Mannar,2019,8,62.92999999999999
Mannar,2019,9,132.89999999999998
Mannar,2019,10,412.92
Mannar,2019,11,205.5
Mannar,2019,12,252.03000000000003
Mannar,2020,1,17.98
Mannar,2020,2,13.629999999999999
Mannar,2020,3,4.340000000000001
Mannar,2020,4,51.9
Mannar,2020,5,93.62
Mannar,2020,6,31.200000000000003
Mannar,2020,7,79.67
Mannar,2020,8,28.52
Mannar,2020,9,112.8
Mannar,2020,10,78.74
Mannar,2020,11,272.7
Mannar,2020,12,433.38
Mannar,2021,1,294.81
Mannar,2021,2,21.560000000000002
Mannar,2021,3,26.97
Mannar,2021,4,84.0
Mannar,2021,5,85.25
Mannar,2021,6,34.5
Mannar,2021,7,37.82
Mannar,2021,8,40.61
Mannar,2021,9,92.4
Mannar,2021,10,308.45
Mannar,2021,11,557.1
Mannar,2021,12,104.78
Mannar,2022,1,78.74
Mannar,2022,2,60.480000000000004
Mannar,2022,3,25.419999999999998
Mannar,2022,4,212.10000000000002
Mannar,2022,5,22.94
Mannar,2022,6,28.2
Mannar,2022,7,124.61999999999999
Mannar,2022,8,75.33
Mannar,2022,9,29.7
Mannar,2022,10,240.86999999999998
Mannar,2022,11,210.6
Mannar,2022,12,250.79
Mannar,2023,1,57.04
Mannar,2023,2,131.6
Mannar,2023,3,35.96
Mannar,2023,4,59.7
Mannar,2023,5,158.72
Mannar,2023,6,12.6
Mannar,2023,7,9.61
Mannar,2023,8,24.18
Mannar,2023,9,54.0
Mannar,2023,10,210.49
Mannar,2023,11,428.4
Mannar,2023,12,418.81
Mannar,2024,1,93.0
Mannar,2024,2,5.22
Mannar,2024,3,20.77
Mannar,2024,4,27.3
Mannar,2024,5,124.61999999999999
Mannar,2024,6,24.9
Mannar,2024,7,6.82
Mannar,2024,8,81.84
Mannar,2024,9,21.0
Mannar,2024,10,187.54999999999998
Mannar,2024,11,366.0
Mannar,2024,12,113.77
Mannar,2025,1,136.09
Mannar,2025,2,50.68
Mannar,2025,3,57.04
Mannar,2025,4,84.3
Mannar,2025,5,99.51
Mannar,2025,6,13.8
Mannar,2025,7,5.2700000000000005
Mannar,2025,8,25.73
Mannar,2025,9,42.0
Mannar,2025,10,271.56
Mannar,2025,11,578.1
Mannar,2025,12,130.82
Matale,1984,1,283.03000000000003
Matale,1984,2,263.32
Matale,1984,3,150.66
Matale,1984,4,293.09999999999997
Matale,1984,5,87.11
Matale,1984,6,64.5
Matale,1984,7,205.84
Matale,1984,8,60.14
Matale,1984,9,244.20000000000002
Matale,1984,10,167.71
Matale,1984,11,279.6
Matale,1984,12,57.35
Matale,1985,1,68.2
Matale,1985,2,101.08
Matale,1985,3,85.87
Matale,1985,4,51.6
Matale,1985,5,78.12
Matale,1985,6,110.1
Matale,1985,7,42.779999999999994
Matale,1985,8,67.27
Matale,1985,9,109.80000000000001
Matale,1985,10,180.73
Matale,1985,11,234.60000000000002
Matale,1985,12,87.42
Matale,1986,1,292.64
Matale,1986,2,98.56
Matale,1986,3,144.77
Matale,1986,4,113.7
Matale,1986,5,88.97
Matale,1986,6,62.099999999999994
Matale,1986,7,50.220000000000006
Matale,1986,8,119.97
Matale,1986,9,87.0
Matale,1986,10,245.82999999999998
Matale,1986,11,98.39999999999999
Matale,1986,12,126.48
Matale,1987,1,101.37
Matale,1987,2,47.879999999999995
Matale,1987,3,52.39
Matale,1987,4,102.9
Matale,1987,5,90.83
Matale,1987,6,68.1
Matale,1987,7,3.1
Matale,1987,8,119.66
Matale,1987,9,118.8
Matale,1987,10,261.33
Matale,1987,11,222.6
Matale,1987,12,77.19000000000001
Matale,1988,1,17.05
Matale,1988,2,45.82
Matale,1988,3,120.89999999999999
Matale,1988,4,211.5
Matale,1988,5,41.54
Matale,1988,6,66.0
Matale,1988,7,88.35000000000001
Matale,1988,8,92.69000000000001
Matale,1988,9,127.5
Matale,1988,10,60.76
Matale,1988,11,174.0
Matale,1988,12,78.12
Matale,1989,1,110.98
Matale,1989,2,11.76
Matale,1989,3,51.15
Matale,1989,4,76.8
Matale,1989,5,121.52
Matale,1989,6,111.3
Matale,1989,7,232.5
Matale,1989,8,48.050000000000004
Matale,1989,9,186.6
Matale,1989,10,166.16
Matale,1989,11,230.1
Matale,1989,12,87.42
Matale,1990,1,143.84
Matale,1990,2,14.84
Matale,1990,3,60.14
Matale,1990,4,54.300000000000004
Matale,1990,5,172.04999999999998
Matale,1990,6,72.6
Matale,1990,7,45.57
Matale,1990,8,88.97
Matale,1990,9,41.699999999999996
Matale,1990,10,202.43
Matale,1990,11,121.79999999999998
Matale,1990,12,144.77
Matale,1991,1,78.12
Matale,1991,2,7.28
Matale,1991,3,21.7
Matale,1991,4,57.0
Matale,1991,5,61.69
Matale,1991,6,161.4
Matale,1991,7,65.72
Matale,1991,8,52.699999999999996
Matale,1991,9,61.800000000000004
Matale,1991,10,220.72
Matale,1991,11,203.4
Matale,1991,12,120.28
Matale,1992,1,19.22
Matale,1992,2,2.0300000000000002
Matale,1992,3,0.0
Matale,1992,4,75.6
Matale,1992,5,146.63000000000002
Matale,1992,6,72.9
Matale,1992,7,119.03999999999999
Matale,1992,8,83.7
Matale,1992,9,101.39999999999999
Matale,1992,10,127.41000000000001
Matale,1992,11,279.6
Matale,1992,12,145.39000000000001
Matale,1993,1,15.5
Matale,1993,2,21.560000000000002
Matale,1993,3,41.230000000000004
Matale,1993,4,68.39999999999999
Matale,1993,5,141.04999999999998
Matale,1993,6,151.5
Matale,1993,7,90.83
Matale,1993,8,31.31
Matale,1993,9,77.1
Matale,1993,10,283.34000000000003
Matale,1993,11,252.6
Matale,1993,12,237.15
Matale,1994,1,124.30999999999999
Matale,1994,2,133.28
Matale,1994,3,36.89
Matale,1994,4,84.3
Matale,1994,5,137.95000000000002
Matale,1994,6,40.800000000000004
Matale,1994,7,43.71
Matale,1994,8,38.75
Matale,1994,9,72.9
Matale,1994,10,188.79
Matale,1994,11,83.7
Matale,1994,12,36.89
Matale,1995,1,34.720000000000006
Matale,1995,2,15.400000000000002
Matale,1995,3,5.2700000000000005
Matale,1995,4,51.6
Matale,1995,5,55.18
Matale,1995,6,33.0
Matale,1995,7,13.64
Matale,1995,8,17.98
Matale,1995,9,15.3
Matale,1995,10,57.970000000000006
Matale,1995,11,70.5
Matale,1995,12,19.22
Matale,1996,1,27.59
Matale,1996,2,24.07
Matale,1996,3,2.1700000000000004
Matale,1996,4,46.5
Matale,1996,5,12.4
Matale,1996,6,80.7
Matale,1996,7,12.09
Matale,1996,8,21.7
Matale,1996,9,48.300000000000004
Matale,1996,10,57.04
Matale,1996,11,70.8
Matale,1996,12,26.97
Matale,1997,1,2.79
Matale,1997,2,14.84
Matale,1997,3,10.23
Matale,1997,4,84.9
Matale,1997,5,91.76
Matale,1997,6,39.0
Matale,1997,7,63.86
Matale,1997,8,33.17
Matale,1997,9,176.7
Matale,1997,10,263.5
Matale,1997,11,233.4
Matale,1997,12,144.15
Matale,1998,1,34.720000000000006
Matale,1998,2,3.64
Matale,1998,3,31.93
Matale,1998,4,60.0
Matale,1998,5,154.38000000000002
Matale,1998,6,96.9
Matale,1998,7,118.11
Matale,1998,8,99.82000000000001
Matale,1998,9,76.8
Matale,1998,10,163.68
Matale,1998,11,188.7
Matale,1998,12,238.07999999999998
Matale,1999,1,197.78
Matale,1999,2,133.56
Matale,1999,3,23.56
Matale,1999,4,147.0
Matale,1999,5,151.59
Matale,1999,6,100.19999999999999
Matale,1999,7,62.62
Matale,1999,8,62.62
Matale,1999,9,120.3
Matale,1999,10,148.79999999999998
Matale,1999,11,180.0
Matale,1999,12,73.47
Matale,2000,1,25.73
Matale,2000,2,67.57000000000001
Matale,2000,3,25.73
Matale,2000,4,87.0
Matale,2000,5,54.25
Matale,2000,6,57.0
Matale,2000,7,125.55
Matale,2000,8,98.89
Matale,2000,9,92.1
Matale,2000,10,71.92
Matale,2000,11,257.1
Matale,2000,12,114.08
Matale,2001,1,148.79999999999998
Matale,2001,2,78.68
Matale,2001,3,2.48
Matale,2001,4,145.5
Matale,2001,5,71.61
Matale,2001,6,122.69999999999999
Matale,2001,7,136.09
Matale,2001,8,15.5
Matale,2001,9,120.3
Matale,2001,10,99.2
Matale,2001,11,171.3
Matale,2001,12,133.92000000000002
Matale,2002,1,60.449999999999996
Matale,2002,2,83.16000000000001
Matale,2002,3,47.43
Matale,2002,4,141.3
Matale,2002,5,121.21000000000001
Matale,2002,6,62.699999999999996
Matale,2002,7,22.009999999999998
Matale,2002,8,77.19000000000001
Matale,2002,9,26.4
Matale,2002,10,245.82999999999998
Matale,2002,11,162.0
Matale,2002,12,244.59
Matale,2003,1,99.2
Matale,2003,2,63.839999999999996
Matale,2003,3,99.82000000000001
Matale,2003,4,86.10000000000001
Matale,2003,5,127.41000000000001
Matale,2003,6,59.4
Matale,2003,7,41.230000000000004
Matale,2003,8,28.52
Matale,2003,9,53.4
Matale,2003,10,92.07000000000001
Matale,2003,11,282.6
Matale,2003,12,37.82
Matale,2004,1,53.94
Matale,2004,2,50.75
Matale,2004,3,48.36
Matale,2004,4,95.1
Matale,2004,5,139.19
Matale,2004,6,73.8
Matale,2004,7,38.44
Matale,2004,8,26.04
Matale,2004,9,164.4
Matale,2004,10,239.01
Matale,2004,11,242.10000000000002
Matale,2004,12,305.04
Matale,2005,1,102.61
Matale,2005,2,30.800000000000004
Matale,2005,3,69.44000000000001
Matale,2005,4,122.4
Matale,2005,5,79.05
Matale,2005,6,57.9
Matale,2005,7,71.61
Matale,2005,8,29.759999999999998
Matale,2005,9,81.3
Matale,2005,10,203.35999999999999
Matale,2005,11,339.9
Matale,2005,12,115.94000000000001
Matale,2006,1,196.23
Matale,2006,2,62.44
Matale,2006,3,119.03999999999999
Matale,2006,4,59.4
Matale,2006,5,109.12
Matale,2006,6,50.099999999999994
Matale,2006,7,75.33
Matale,2006,8,116.87
Matale,2006,9,90.3
Matale,2006,10,352.78000000000003
Matale,2006,11,370.79999999999995
Matale,2006,12,200.57
Matale,2007,1,132.68
Matale,2007,2,64.68
Matale,2007,3,25.73
Matale,2007,4,242.7
Matale,2007,5,36.58
Matale,2007,6,98.39999999999999
Matale,2007,7,78.74
Matale,2007,8,54.56
Matale,2007,9,102.6
Matale,2007,10,232.81
Matale,2007,11,163.8
Matale,2007,12,240.56
Matale,2008,1,118.42
Matale,2008,2,113.67999999999999
Matale,2008,3,326.12
Matale,2008,4,215.39999999999998
Matale,2008,5,26.04
Matale,2008,6,76.2
Matale,2008,7,89.89999999999999
Matale,2008,8,49.6
Matale,2008,9,36.0
Matale,2008,10,186.61999999999998
Matale,2008,11,171.6
Matale,2008,12,113.46000000000001
Matale,2009,1,66.34
Matale,2009,2,1.12
Matale,2009,3,198.09
Matale,2009,4,186.3
Matale,2009,5,75.33
Matale,2009,6,52.8
Matale,2009,7,35.029999999999994
Matale,2009,8,107.57000000000001
Matale,2009,9,67.8
Matale,2009,10,144.77
Matale,2009,11,374.40000000000003
Matale,2009,12,224.13000000000002
Matale,2010,1,100.13
Matale,2010,2,45.080000000000005
Matale,2010,3,87.73
Matale,2010,4,236.1
Matale,2010,5,176.70000000000002
Matale,2010,6,113.39999999999999
Matale,2010,7,120.28
Matale,2010,8,132.68
Matale,2010,9,172.20000000000002
Matale,2010,10,195.60999999999999
Matale,2010,11,500.70000000000005
Matale,2010,12,445.46999999999997
Matale,2011,1,507.47
Matale,2011,2,369.59999999999997
Matale,2011,3,121.52
Matale,2011,4,292.5
Matale,2011,5,109.42999999999999
Matale,2011,6,40.2
Matale,2011,7,48.36
Matale,2011,8,64.17
Matale,2011,9,96.60000000000001
Matale,2011,10,308.45
Matale,2011,11,251.70000000000002
Matale,2011,12,193.13000000000002
Matale,2012,1,51.15
Matale,2012,2,135.72
Matale,2012,3,74.71000000000001
Matale,2012,4,225.29999999999998
Matale,2012,5,17.360000000000003
Matale,2012,6,53.7
Matale,2012,7,64.48
Matale,2012,8,61.38
Matale,2012,9,76.5
Matale,2012,10,407.96
Matale,2012,11,278.7
Matale,2012,12,476.15999999999997
Matale,2013,1,299.15000000000003
Matale,2013,2,178.92
Matale,2013,3,146.94
Matale,2013,4,145.8
Matale,2013,5,143.84
Matale,2013,6,136.79999999999998
Matale,2013,7,84.63
Matale,2013,8,70.67999999999999
Matale,2013,9,114.6
Matale,2013,10,142.6
Matale,2013,11,184.8
Matale,2013,12,133.29999999999998
Matale,2014,1,115.94000000000001
Matale,2014,2,35.0
Matale,2014,3,35.65
Matale,2014,4,189.0
Matale,2014,5,159.34
Matale,2014,6,50.099999999999994
Matale,2014,7,30.69
Matale,2014,8,105.71000000000001
Matale,2014,9,142.79999999999998
Matale,2014,10,385.02
Matale,2014,11,318.29999999999995
Matale,2014,12,693.47
Matale,2015,1,13.64
Matale,2015,2,147.0
Matale,2015,3,84.63
Matale,2015,4,214.5
Matale,2015,5,135.16
Matale,2015,6,78.3
Matale,2015,7,34.410000000000004
Matale,2015,8,74.71000000000001
Matale,2015,9,154.5
Matale,2015,10,379.75
Matale,2015,11,437.4
Matale,2015,12,281.17
Matale,2016,1,80.28999999999999
Matale,2016,2,52.49
Matale,2016,3,74.39999999999999
Matale,2016,4,83.7
Matale,2016,5,416.95
Matale,2016,6,53.7
Matale,2016,7,43.4
Matale,2016,8,9.92
Matale,2016,9,6.3
Matale,2016,10,73.78
Matale,2016,11,234.9
Matale,2016,12,71.61
Matale,2017,1,45.57
Matale,2017,2,61.60000000000001
Matale,2017,3,220.72
Matale,2017,4,54.300000000000004
Matale,2017,5,130.20000000000002
Matale,2017,6,46.5
Matale,2017,7,35.96
Matale,2017,8,114.08
Matale,2017,9,83.7
Matale,2017,10,203.98
Matale,2017,11,221.4
Matale,2017,12,166.16
Matale,2018,1,36.269999999999996
Matale,2018,2,77.83999999999999
Matale,2018,3,94.24
Matale,2018,4,150.6
Matale,2018,5,339.45
Matale,2018,6,82.5
Matale,2018,7,38.75
Matale,2018,8,55.800000000000004
Matale,2018,9,84.9
Matale,2018,10,196.54
Matale,2018,11,284.1
Matale,2018,12,127.41000000000001
Matale,2019,1,40.300000000000004
Matale,2019,2,103.60000000000001
Matale,2019,3,16.43
Matale,2019,4,90.0
Matale,2019,5,17.98
Matale,2019,6,43.8
Matale,2019,7,54.87
Matale,2019,8,126.17000000000002
Matale,2019,9,189.9
Matale,2019,10,406.09999999999997
Matale,2019,11,314.1
Matale,2019,12,328.90999999999997
Matale,2020,1,51.15
Matale,2020,2,23.490000000000002
Matale,2020,3,26.66
Matale,2020,4,115.5
Matale,2020,5,221.96
Matale,2020,6,102.6
Matale,2020,7,99.2
Matale,2020,8,84.01
Matale,2020,9,162.89999999999998
Matale,2020,10,70.05999999999999
Matale,2020,11,280.2
Matale,2020,12,319.92
Matale,2021,1,243.66
Matale,2021,2,60.480000000000004
Matale,2021,3,106.64
Matale,2021,4,142.79999999999998
Matale,2021,5,266.59999999999997
Matale,2021,6,125.70000000000002
Matale,2021,7,152.82999999999998
Matale,2021,8,105.71000000000001
Matale,2021,9,130.2
Matale,2021,10,327.98
Matale,2021,11,469.20000000000005
Matale,2021,12,143.22
Matale,2022,1,115.63
Matale,2022,2,222.88
Matale,2022,3,66.34
Matale,2022,4,291.6
Matale,2022,5,131.44
Matale,2022,6,42.599999999999994
Matale,2022,7,112.53
Matale,2022,8,189.72
Matale,2022,9,80.1
Matale,2022,10,235.6
Matale,2022,11,283.2
Matale,2022,12,290.15999999999997
Matale,2023,1,108.5
Matale,2023,2,127.12
Matale,2023,3,109.42999999999999
Matale,2023,4,159.60000000000002
Matale,2023,5,153.76
Matale,2023,6,59.4
Matale,2023,7,47.12
Matale,2023,8,41.54
Matale,2023,9,218.4
Matale,2023,10,420.36
Matale,2023,11,470.1
Matale,2023,12,467.48
Matale,2024,1,295.43
Matale,2024,2,26.68
Matale,2024,3,33.480000000000004
Matale,2024,4,85.19999999999999
Matale,2024,5,203.98
Matale,2024,6,60.89999999999999
Matale,2024,7,50.220000000000006
Matale,2024,8,140.11999999999998
Matale,2024,9,44.4
Matale,2024,10,124.0
Matale,2024,11,362.4
Matale,2024,12,146.01
Matale,2025,1,287.06
Matale,2025,2,62.160000000000004
Matale,2025,3,203.04999999999998
Matale,2025,4,283.5
Matale,2025,5,196.85
Matale,2025,6,83.7
Matale,2025,7,47.74
Matale,2025,8,60.76
Matale,2025,9,156.6
Matale,2025,10,357.73999999999995
Matale,2025,11,746.7
Matale,2025,12,165.54
Matara,1984,1,148.79999999999998
Matara,1984,2,207.35000000000002
Matara,1984,3,141.67000000000002
Matara,1984,4,244.20000000000002
Matara,1984,5,119.35000000000001
Matara,1984,6,115.19999999999999
Matara,1984,7,162.44
Matara,1984,8,28.52
Matara,1984,9,166.2
Matara,1984,10,192.82
Matara,1984,11,191.1
Matara,1984,12,21.389999999999997
Matara,1985,1,18.91
Matara,1985,2,124.32000000000001
Matara,1985,3,117.17999999999999
Matara,1985,4,57.599999999999994
Matara,1985,5,77.19000000000001
Matara,1985,6,153.3
Matara,1985,7,24.490000000000002
Matara,1985,8,29.45
Matara,1985,9,117.6
Matara,1985,10,169.26
Matara,1985,11,180.6
Matara,1985,12,52.699999999999996
Matara,1986,1,180.73
Matara,1986,2,33.04
Matara,1986,3,140.11999999999998
Matara,1986,4,93.89999999999999
Matara,1986,5,94.55
Matara,1986,6,41.699999999999996
Matara,1986,7,27.900000000000002
Matara,1986,8,101.05999999999999
Matara,1986,9,64.80000000000001
Matara,1986,10,228.78
Matara,1986,11,58.8
Matara,1986,12,78.12
Matara,1987,1,57.35
Matara,1987,2,25.48
Matara,1987,3,46.19
Matara,1987,4,83.39999999999999
Matara,1987,5,146.32
Matara,1987,6,44.7
Matara,1987,7,2.79
Matara,1987,8,178.56
Matara,1987,9,108.60000000000001
Matara,1987,10,321.15999999999997
Matara,1987,11,178.8
Matara,1987,12,67.58
Matara,1988,1,22.009999999999998
Matara,1988,2,18.56
Matara,1988,3,83.08
Matara,1988,4,183.3
Matara,1988,5,60.76
Matara,1988,6,87.30000000000001
Matara,1988,7,61.38
Matara,1988,8,80.60000000000001
Matara,1988,9,145.8
Matara,1988,10,10.23
Matara,1988,11,125.70000000000002
Matara,1988,12,70.99
Matara,1989,1,129.57999999999998
Matara,1989,2,33.04
Matara,1989,3,47.12
Matara,1989,4,96.3
Matara,1989,5,146.32
Matara,1989,6,74.4
Matara,1989,7,198.4
Matara,1989,8,93.0
Matara,1989,9,224.1
Matara,1989,10,123.07000000000001
Matara,1989,11,177.6
Matara,1989,12,48.980000000000004
Matara,1990,1,70.99
Matara,1990,2,12.88
Matara,1990,3,70.99
Matara,1990,4,45.3
Matara,1990,5,181.66
Matara,1990,6,114.9
Matara,1990,7,52.699999999999996
Matara,1990,8,21.7
Matara,1990,9,22.2
Matara,1990,10,179.49
Matara,1990,11,140.39999999999998
Matara,1990,12,118.42
Matara,1991,1,118.11
Matara,1991,2,4.2
Matara,1991,3,9.61
Matara,1991,4,97.2
Matara,1991,5,49.6
Matara,1991,6,114.0
Matara,1991,7,62.309999999999995
Matara,1991,8,99.2
Matara,1991,9,42.3
Matara,1991,10,152.52
Matara,1991,11,170.39999999999998
Matara,1991,12,124.93
Matara,1992,1,15.5
Matara,1992,2,4.0600000000000005
Matara,1992,3,0.62
Matara,1992,4,48.0
Matara,1992,5,110.67
Matara,1992,6,41.1
Matara,1992,7,84.32000000000001
Matara,1992,8,54.87
Matara,1992,9,75.6
Matara,1992,10,78.12
Matara,1992,11,215.70000000000002
Matara,1992,12,93.30999999999999
Matara,1993,1,27.28
Matara,1993,2,8.12
Matara,1993,3,36.89
Matara,1993,4,49.5
Matara,1993,5,197.78
Matara,1993,6,128.7
Matara,1993,7,100.75
Matara,1993,8,14.26
Matara,1993,9,81.3
Matara,1993,10,174.53
Matara,1993,11,193.5
Matara,1993,12,154.69
Matara,1994,1,75.95
Matara,1994,2,73.64
Matara,1994,3,34.1
Matara,1994,4,88.8
Matara,1994,5,76.57000000000001
Matara,1994,6,39.900000000000006
Matara,1994,7,61.07
Matara,1994,8,39.68
Matara,1994,9,87.0
Matara,1994,10,100.75
Matara,1994,11,84.3
Matara,1994,12,30.69
Matara,1995,1,32.550000000000004
Matara,1995,2,26.32
Matara,1995,3,2.79
Matara,1995,4,69.6
Matara,1995,5,49.910000000000004
Matara,1995,6,33.6
Matara,1995,7,16.740000000000002
Matara,1995,8,19.53
Matara,1995,9,17.7
Matara,1995,10,38.75
Matara,1995,11,38.4
Matara,1995,12,26.04
Matara,1996,1,21.389999999999997
Matara,1996,2,19.14
Matara,1996,3,5.2700000000000005
Matara,1996,4,42.0
Matara,1996,5,42.779999999999994
Matara,1996,6,108.0
Matara,1996,7,15.19
Matara,1996,8,40.61
Matara,1996,9,31.5
Matara,1996,10,29.759999999999998
Matara,1996,11,66.0
Matara,1996,12,21.389999999999997
Matara,1997,1,1.24
Matara,1997,2,13.719999999999999
Matara,1997,3,4.96
Matara,1997,4,77.4
Matara,1997,5,91.76
Matara,1997,6,50.699999999999996
Matara,1997,7,65.41
Matara,1997,8,31.0
Matara,1997,9,246.60000000000002
Matara,1997,10,256.37
Matara,1997,11,402.9
Matara,1997,12,102.61
Matara,1998,1,31.31
Matara,1998,2,1.4000000000000001
Matara,1998,3,12.709999999999999
Matara,1998,4,32.400000000000006
Matara,1998,5,109.42999999999999
Matara,1998,6,86.10000000000001
Matara,1998,7,127.41000000000001
Matara,1998,8,76.26
Matara,1998,9,68.1
Matara,1998,10,81.53
Matara,1998,11,192.3
Matara,1998,12,281.48
Matara,1999,1,87.42
Matara,1999,2,91.0
Matara,1999,3,70.37
Matara,1999,4,106.2
Matara,1999,5,206.77
Matara,1999,6,88.8
Matara,1999,7,39.37
Matara,1999,8,57.04
Matara,1999,9,110.1
Matara,1999,10,115.32000000000001
Matara,1999,11,95.4
Matara,1999,12,103.85000000000001
Matara,2000,1,9.92
Matara,2000,2,61.480000000000004
Matara,2000,3,63.86
Matara,2000,4,97.5
Matara,2000,5,27.900000000000002
Matara,2000,6,93.0
Matara,2000,7,76.26
Matara,2000,8,164.60999999999999
Matara,2000,9,79.80000000000001
Matara,2000,10,44.33
Matara,2000,11,163.20000000000002
Matara,2000,12,52.39
Matara,2001,1,193.75
Matara,2001,2,35.0
Matara,2001,3,18.29
Matara,2001,4,117.30000000000001
Matara,2001,5,64.48
Matara,2001,6,47.1
Matara,2001,7,53.94
Matara,2001,8,13.950000000000001
Matara,2001,9,99.9
Matara,2001,10,55.18
Matara,2001,11,140.70000000000002
Matara,2001,12,57.660000000000004
Matara,2002,1,26.66
Matara,2002,2,53.199999999999996
Matara,2002,3,22.94
Matara,2002,4,94.5
Matara,2002,5,178.25
Matara,2002,6,51.3
Matara,2002,7,43.4
Matara,2002,8,66.96000000000001
Matara,2002,9,40.800000000000004
Matara,2002,10,221.96
Matara,2002,11,211.5
Matara,2002,12,173.6
Matara,2003,1,41.85
Matara,2003,2,39.76
Matara,2003,3,72.23
Matara,2003,4,155.39999999999998
Matara,2003,5,212.35
Matara,2003,6,86.10000000000001
Matara,2003,7,51.46
Matara,2003,8,50.529999999999994
Matara,2003,9,68.39999999999999
Matara,2003,10,84.94000000000001
Matara,2003,11,265.5
Matara,2003,12,15.81
Matara,2004,1,30.07
Matara,2004,2,67.86
Matara,2004,3,23.87
Matara,2004,4,117.0
Matara,2004,5,152.52
Matara,2004,6,59.1
Matara,2004,7,55.18
Matara,2004,8,55.800000000000004
Matara,2004,9,208.5
Matara,2004,10,232.81
Matara,2004,11,196.79999999999998
Matara,2004,12,186.0
Matara,2005,1,69.13
Matara,2005,2,28.0
Matara,2005,3,119.97
Matara,2005,4,92.4
Matara,2005,5,112.22
Matara,2005,6,80.4
Matara,2005,7,106.64
Matara,2005,8,22.63
Matara,2005,9,67.2
Matara,2005,10,212.97
Matara,2005,11,247.5
Matara,2005,12,113.14999999999999
Matara,2006,1,168.32999999999998
Matara,2006,2,57.959999999999994
Matara,2006,3,79.36
Matara,2006,4,51.9
Matara,2006,5,115.94000000000001
Matara,2006,6,68.7
Matara,2006,7,99.2
Matara,2006,8,133.29999999999998
Matara,2006,9,185.1
Matara,2006,10,327.36
Matara,2006,11,269.40000000000003
Matara,2006,12,274.96999999999997
Matara,2007,1,193.44
Matara,2007,2,17.92
Matara,2007,3,16.43
Matara,2007,4,281.40000000000003
Matara,2007,5,52.39
Matara,2007,6,134.4
Matara,2007,7,64.78999999999999
Matara,2007,8,162.75
Matara,2007,9,146.7
Matara,2007,10,302.56
Matara,2007,11,148.5
Matara,2007,12,178.56
Matara,2008,1,74.39999999999999
Matara,2008,2,61.769999999999996
Matara,2008,3,219.79
Matara,2008,4,260.1
Matara,2008,5,54.56
Matara,2008,6,123.89999999999999
Matara,2008,7,137.02
Matara,2008,8,73.47
Matara,2008,9,51.6
Matara,2008,10,176.70000000000002
Matara,2008,11,204.9
Matara,2008,12,125.55
Matara,2009,1,23.25
Matara,2009,2,2.8000000000000003
Matara,2009,3,125.24
Matara,2009,4,129.9
Matara,2009,5,193.75
Matara,2009,6,158.1
Matara,2009,7,74.09
Matara,2009,8,146.01
Matara,2009,9,140.39999999999998
Matara,2009,10,135.78
Matara,2009,11,423.0
Matara,2009,12,150.66
Matara,2010,1,105.71000000000001
Matara,2010,2,57.68
Matara,2010,3,116.87
Matara,2010,4,262.5
Matara,2010,5,368.28000000000003
Matara,2010,6,156.6
Matara,2010,7,136.71
Matara,2010,8,127.41000000000001
Matara,2010,9,161.1
Matara,2010,10,158.41
Matara,2010,11,484.8
Matara,2010,12,372.31
Matara,2011,1,353.40000000000003
Matara,2011,2,213.64
Matara,2011,3,245.82999999999998
Matara,2011,4,287.7
Matara,2011,5,155.93
Matara,2011,6,76.5
Matara,2011,7,91.14
Matara,2011,8,162.75
Matara,2011,9,119.10000000000001
Matara,2011,10,214.82999999999998
Matara,2011,11,309.9
Matara,2011,12,143.22
Matara,2012,1,59.21
Matara,2012,2,130.21
Matara,2012,3,124.93
Matara,2012,4,315.59999999999997
Matara,2012,5,64.17
Matara,2012,6,94.80000000000001
Matara,2012,7,75.95
Matara,2012,8,205.53
Matara,2012,9,227.7
Matara,2012,10,383.78000000000003
Matara,2012,11,372.9
Matara,2012,12,286.75
Matara,2013,1,163.68
Matara,2013,2,177.24
Matara,2013,3,183.82999999999998
Matara,2013,4,198.3
Matara,2013,5,212.35
Matara,2013,6,199.2
Matara,2013,7,164.92000000000002
Matara,2013,8,50.529999999999994
Matara,2013,9,174.0
Matara,2013,10,168.32999999999998
Matara,2013,11,205.2
Matara,2013,12,100.75
Matara,2014,1,58.279999999999994
Matara,2014,2,25.2
Matara,2014,3,88.97
Matara,2014,4,137.7
Matara,2014,5,153.14000000000001
Matara,2014,6,128.1
Matara,2014,7,50.220000000000006
Matara,2014,8,219.17000000000002
Matara,2014,9,182.4
Matara,2014,10,417.57
Matara,2014,11,293.09999999999997
Matara,2014,12,407.03000000000003
Matara,2015,1,41.54
Matara,2015,2,142.79999999999998
Matara,2015,3,136.4
Matara,2015,4,307.5
Matara,2015,5,152.52
Matara,2015,6,143.7
Matara,2015,7,103.23
Matara,2015,8,165.54
Matara,2015,9,361.8
Matara,2015,10,350.3
Matara,2015,11,395.4
Matara,2015,12,257.61
Matara,2016,1,62.309999999999995
Matara,2016,2,123.82999999999998
Matara,2016,3,94.55
Matara,2016,4,132.0
Matara,2016,5,498.17
Matara,2016,6,82.5
Matara,2016,7,79.05
Matara,2016,8,37.199999999999996
Matara,2016,9,27.900000000000002
Matara,2016,10,172.35999999999999
Matara,2016,11,297.9
Matara,2016,12,113.14999999999999
Matara,2017,1,75.33
Matara,2017,2,91.0
Matara,2017,3,161.82
Matara,2017,4,163.20000000000002
Matara,2017,5,329.84000000000003
Matara,2017,6,76.5
Matara,2017,7,45.57
Matara,2017,8,126.78999999999999
Matara,2017,9,148.5
Matara,2017,10,220.41
Matara,2017,11,385.5
Matara,2017,12,270.32
Matara,2018,1,41.54
Matara,2018,2,85.12
Matara,2018,3,174.22
Matara,2018,4,237.3
Matara,2018,5,403.31
Matara,2018,6,142.79999999999998
Matara,2018,7,88.66
Matara,2018,8,89.59
Matara,2018,9,133.20000000000002
Matara,2018,10,234.04999999999998
Matara,2018,11,234.9
Matara,2018,12,113.77
Matara,2019,1,49.29
Matara,2019,2,134.96
Matara,2019,3,75.02
Matara,2019,4,135.29999999999998
Matara,2019,5,94.24
Matara,2019,6,82.8
Matara,2019,7,97.96000000000001
Matara,2019,8,260.40000000000003
Matara,2019,9,413.7
Matara,2019,10,434.93
Matara,2019,11,332.7
Matara,2019,12,311.55
Matara,2020,1,56.730000000000004
Matara,2020,2,34.51
Matara,2020,3,44.949999999999996
Matara,2020,4,154.5
Matara,2020,5,312.17
Matara,2020,6,120.3
Matara,2020,7,156.24
Matara,2020,8,134.85
Matara,2020,9,272.1
Matara,2020,10,122.45
Matara,2020,11,288.0
Matara,2020,12,214.52
Matara,2021,1,211.10999999999999
Matara,2021,2,51.24
Matara,2021,3,220.1
Matara,2021,4,147.3
Matara,2021,5,280.23999999999995
Matara,2021,6,162.6
Matara,2021,7,183.21
Matara,2021,8,194.36999999999998
Matara,2021,9,191.7
Matara,2021,10,324.57
Matara,2021,11,386.40000000000003
Matara,2021,12,181.97
Matara,2022,1,126.17000000000002
Matara,2022,2,138.88
Matara,2022,3,112.22
Matara,2022,4,288.59999999999997
Matara,2022,5,268.15000000000003
Matara,2022,6,125.39999999999999
Matara,2022,7,152.82999999999998
Matara,2022,8,174.84
Matara,2022,9,81.3
Matara,2022,10,325.81
Matara,2022,11,296.70000000000005
Matara,2022,12,191.27
Matara,2023,1,115.63
Matara,2023,2,208.88
Matara,2023,3,173.91
Matara,2023,4,197.10000000000002
Matara,2023,5,225.06
Matara,2023,6,146.7
Matara,2023,7,97.03
Matara,2023,8,110.36
Matara,2023,9,522.3
Matara,2023,10,703.08
Matara,2023,11,430.5
Matara,2023,12,441.75
Matara,2024,1,319.61
Matara,2024,2,35.089999999999996
Matara,2024,3,48.36
Matara,2024,4,128.1
Matara,2024,5,214.82999999999998
Matara,2024,6,106.5
Matara,2024,7,109.42999999999999
Matara,2024,8,150.97
Matara,2024,9,92.4
Matara,2024,10,162.75
Matara,2024,11,306.6
Matara,2024,12,152.21
Matara,2025,1,248.0
Matara,2025,2,137.76
Matara,2025,3,398.65999999999997
Matara,2025,4,324.6
Matara,2025,5,205.53
Matara,2025,6,102.6
Matara,2025,7,76.26
Matara,2025,8,66.34
Matara,2025,9,179.70000000000002
Matara,2025,10,310.31
Matara,2025,11,703.2
Matara,2025,12,251.40999999999997
Moneragala,1984,1,266.135
Moneragala,1984,2,280.28499999999997
Moneragala,1984,3,145.545
Moneragala,1984,4,276.45
Moneragala,1984,5,103.23
Moneragala,1984,6,68.55
Moneragala,1984,7,171.43
Moneragala,1984,8,35.96
Moneragala,1984,9,168.75
Moneragala,1984,10,212.66000000000003
Moneragala,1984,11,252.45
Moneragala,1984,12,48.824999999999996
Moneragala,1985,1,42.935
Moneragala,1985,2,104.44
Moneragala,1985,3,102.76500000000001
Moneragala,1985,4,40.2
Moneragala,1985,5,94.24000000000001
Moneragala,1985,6,102.45
Moneragala,1985,7,21.700000000000003
Moneragala,1985,8,26.195
Moneragala,1985,9,152.55
Moneragala,1985,10,147.09500000000003
Moneragala,1985,11,242.85
Moneragala,1985,12,81.685
Moneragala,1986,1,317.28499999999997
Moneragala,1986,2,65.38
Moneragala,1986,3,162.595
Moneragala,1986,4,91.35
Moneragala,1986,5,70.99
Moneragala,1986,6,51.3
Moneragala,1986,7,35.185
Moneragala,1986,8,87.11
Moneragala,1986,9,70.05
Moneragala,1986,10,338.21000000000004
Moneragala,1986,11,117.0
Moneragala,1986,12,107.725
Moneragala,1987,1,90.98500000000001
Moneragala,1987,2,33.74
Moneragala,1987,3,39.99
Moneragala,1987,4,82.8
Moneragala,1987,5,117.49
Moneragala,1987,6,39.15
Moneragala,1987,7,1.705
Moneragala,1987,8,115.63
Moneragala,1987,9,114.15
Moneragala,1987,10,301.01
Moneragala,1987,11,205.05
Moneragala,1987,12,84.01
Moneragala,1988,1,18.29
Moneragala,1988,2,39.295
Moneragala,1988,3,87.11
Moneragala,1988,4,197.7
Moneragala,1988,5,47.275
Moneragala,1988,6,67.65
Moneragala,1988,7,61.06999999999999
Moneragala,1988,8,87.72999999999999
Moneragala,1988,9,120.15
Moneragala,1988,10,36.114999999999995
Moneragala,1988,11,159.15
Moneragala,1988,12,97.805
Moneragala,1989,1,134.85
Moneragala,1989,2,18.339999999999996
Moneragala,1989,3,52.545
Moneragala,1989,4,71.85
Moneragala,1989,5,108.5
Moneragala,1989,6,74.55
Moneragala,1989,7,192.66500000000002
Moneragala,1989,8,52.08
Moneragala,1989,9,170.7
Moneragala,1989,10,146.32
Moneragala,1989,11,194.1
Moneragala,1989,12,71.455
Moneragala,1990,1,101.99000000000001
Moneragala,1990,2,9.240000000000002
Moneragala,1990,3,56.11
Moneragala,1990,4,33.900000000000006
Moneragala,1990,5,168.32999999999998
Moneragala,1990,6,83.85
Moneragala,1990,7,48.515
Moneragala,1990,8,33.945
Moneragala,1990,9,23.7
Moneragala,1990,10,212.97000000000003
Moneragala,1990,11,113.4
Moneragala,1990,12,160.735
Moneragala,1991,1,100.44
Moneragala,1991,2,6.16
Moneragala,1991,3,14.725000000000001
Moneragala,1991,4,62.7
Moneragala,1991,5,53.31999999999999
Moneragala,1991,6,116.39999999999999
Moneragala,1991,7,56.11
Moneragala,1991,8,74.09
Moneragala,1991,9,52.35
Moneragala,1991,10,161.975
Moneragala,1991,11,175.8
Moneragala,1991,12,128.03
Moneragala,1992,1,18.445
Moneragala,1992,2,1.16
Moneragala,1992,3,0.0
Moneragala,1992,4,53.85
Moneragala,1992,5,130.2
Moneragala,1992,6,33.45
Moneragala,1992,7,81.065
Moneragala,1992,8,59.83
Moneragala,1992,9,68.7
Moneragala,1992,10,99.51
Moneragala,1992,11,272.1
Moneragala,1992,12,121.82999999999998
Moneragala,1993,1,24.645
Moneragala,1993,2,10.080000000000002
Moneragala,1993,3,39.370000000000005
Moneragala,1993,4,39.9
Moneragala,1993,5,162.595
Moneragala,1993,6,105.3
Moneragala,1993,7,81.53
Moneragala,1993,8,13.95
Moneragala,1993,9,57.0
Moneragala,1993,10,222.27
Moneragala,1993,11,245.4
Moneragala,1993,12,207.855
Moneragala,1994,1,127.1
Moneragala,1994,2,127.82
Moneragala,1994,3,33.48
Moneragala,1994,4,81.6
Moneragala,1994,5,77.965
Moneragala,1994,6,38.1
Moneragala,1994,7,59.83
Moneragala,1994,8,34.1
Moneragala,1994,9,77.25
Moneragala,1994,10,137.01999999999998
Moneragala,1994,11,108.45
Moneragala,1994,12,25.73
Moneragala,1995,1,35.80500000000001
Moneragala,1995,2,23.8
Moneragala,1995,3,2.4800000000000004
Moneragala,1995,4,62.1
Moneragala,1995,5,43.71
Moneragala,1995,6,19.5
Moneragala,1995,7,10.850000000000001
Moneragala,1995,8,13.485
Moneragala,1995,9,11.100000000000001
Moneragala,1995,10,35.03
Moneragala,1995,11,46.8
Moneragala,1995,12,19.839999999999996
Moneragala,1996,1,23.405
Moneragala,1996,2,20.59
Moneragala,1996,3,1.705
Moneragala,1996,4,48.45
Moneragala,1996,5,26.97
Moneragala,1996,6,89.54999999999998
Moneragala,1996,7,7.440000000000001
Moneragala,1996,8,30.38
Moneragala,1996,9,30.15
Moneragala,1996,10,42.004999999999995
Moneragala,1996,11,92.1
Moneragala,1996,12,23.869999999999997
Moneragala,1997,1,2.9450000000000003
Moneragala,1997,2,13.58
Moneragala,1997,3,12.09
Moneragala,1997,4,115.2
Moneragala,1997,5,120.435
Moneragala,1997,6,53.099999999999994
Moneragala,1997,7,56.730000000000004
Moneragala,1997,8,35.495
Moneragala,1997,9,199.35
Moneragala,1997,10,263.96500000000003
Moneragala,1997,11,302.54999999999995
Moneragala,1997,12,130.975
Moneragala,1998,1,32.395
Moneragala,1998,2,2.1
Moneragala,1998,3,26.97
Moneragala,1998,4,38.849999999999994
Moneragala,1998,5,113.46000000000001
Moneragala,1998,6,68.25
Moneragala,1998,7,105.555
Moneragala,1998,8,85.25
Moneragala,1998,9,72.45
Moneragala,1998,10,115.00999999999999
Moneragala,1998,11,182.55
Moneragala,1998,12,299.15
Moneragala,1999,1,183.985
Moneragala,1999,2,134.95999999999998
Moneragala,1999,3,43.865
Moneragala,1999,4,135.45
Moneragala,1999,5,146.63
Moneragala,1999,6,75.3
Moneragala,1999,7,32.085
Moneragala,1999,8,46.965
Moneragala,1999,9,86.85
Moneragala,1999,10,168.64
Moneragala,1999,11,172.5
Moneragala,1999,12,99.50999999999999
Moneragala,2000,1,13.95
Moneragala,2000,2,77.285
Moneragala,2000,3,55.489999999999995
Moneragala,2000,4,57.900000000000006
Moneragala,2000,5,18.6
Moneragala,2000,6,45.9
Moneragala,2000,7,62.620000000000005
Moneragala,2000,8,78.895
Moneragala,2000,9,58.8
Moneragala,2000,10,57.19500000000001
Moneragala,2000,11,209.84999999999997
Moneragala,2000,12,115.63
Moneragala,2001,1,245.675
Moneragala,2001,2,75.04
Moneragala,2001,3,6.199999999999999
Moneragala,2001,4,130.05
Moneragala,2001,5,58.434999999999995
Moneragala,2001,6,50.55
Moneragala,2001,7,66.185
Moneragala,2001,8,11.934999999999999
Moneragala,2001,9,102.15
Moneragala,2001,10,74.245
Moneragala,2001,11,204.0
Moneragala,2001,12,129.735
Moneragala,2002,1,51.305
Moneragala,2002,2,77.0
Moneragala,2002,3,44.795
Moneragala,2002,4,145.65
Moneragala,2002,5,127.565
Moneragala,2002,6,48.45
Moneragala,2002,7,27.435000000000002
Moneragala,2002,8,62.0
Moneragala,2002,9,23.4
Moneragala,2002,10,210.48999999999998
Moneragala,2002,11,212.85000000000002
Moneragala,2002,12,253.26999999999998
Moneragala,2003,1,104.935
Moneragala,2003,2,65.66
Moneragala,2003,3,102.91999999999999
Moneragala,2003,4,171.75
Moneragala,2003,5,116.25
Moneragala,2003,6,45.0
Moneragala,2003,7,41.85
Moneragala,2003,8,41.385
Moneragala,2003,9,40.800000000000004
Moneragala,2003,10,102.45500000000001
Moneragala,2003,11,298.95
Moneragala,2003,12,33.17
Moneragala,2004,1,56.42
Moneragala,2004,2,73.08
Moneragala,2004,3,37.2
Moneragala,2004,4,110.10000000000001
Moneragala,2004,5,130.665
Moneragala,2004,6,57.14999999999999
Moneragala,2004,7,29.604999999999997
Moneragala,2004,8,29.604999999999997
Moneragala,2004,9,179.55
Moneragala,2004,10,231.415
Moneragala,2004,11,255.0
Moneragala,2004,12,320.85
Moneragala,2005,1,91.14000000000001
Moneragala,2005,2,18.759999999999998
Moneragala,2005,3,85.25
Moneragala,2005,4,123.44999999999999
Moneragala,2005,5,99.045
Moneragala,2005,6,50.25
Moneragala,2005,7,75.95
Moneragala,2005,8,25.11
Moneragala,2005,9,61.349999999999994
Moneragala,2005,10,181.815
Moneragala,2005,11,364.35
Moneragala,2005,12,145.85500000000002
Moneragala,2006,1,243.195
Moneragala,2006,2,76.02
Moneragala,2006,3,110.36
Moneragala,2006,4,70.5
Moneragala,2006,5,106.79499999999999
Moneragala,2006,6,43.5
Moneragala,2006,7,45.724999999999994
Moneragala,2006,8,87.42
Moneragala,2006,9,147.75
Moneragala,2006,10,334.79999999999995
Moneragala,2006,11,338.25
Moneragala,2006,12,247.53500000000003
Moneragala,2007,1,202.27499999999998
Moneragala,2007,2,43.68
Moneragala,2007,3,38.905
Moneragala,2007,4,245.55
Moneragala,2007,5,35.03
Moneragala,2007,6,87.30000000000001
Moneragala,2007,7,46.81
Moneragala,2007,8,102.14500000000001
Moneragala,2007,9,119.85
Moneragala,2007,10,236.995
Moneragala,2007,11,147.45
Moneragala,2007,12,228.78
Moneragala,2008,1,137.485
Moneragala,2008,2,121.79999999999998
Moneragala,2008,3,312.79
Moneragala,2008,4,247.8
Moneragala,2008,5,49.290000000000006
Moneragala,2008,6,86.25
Moneragala,2008,7,82.46000000000001
Moneragala,2008,8,62.155
Moneragala,2008,9,51.0
Moneragala,2008,10,169.72500000000002
Moneragala,2008,11,198.75
Moneragala,2008,12,123.38
Moneragala,2009,1,58.28
Moneragala,2009,2,4.340000000000001
Moneragala,2009,3,150.35
Moneragala,2009,4,195.45000000000002
Moneragala,2009,5,103.07499999999999
Moneragala,2009,6,76.95
Moneragala,2009,7,33.015
Moneragala,2009,8,107.41499999999999
Moneragala,2009,9,79.65
Moneragala,2009,10,165.385
Moneragala,2009,11,434.55
Moneragala,2009,12,267.22
Moneragala,2010,1,139.81
Moneragala,2010,2,52.36
Moneragala,2010,3,108.035
Moneragala,2010,4,288.6
Moneragala,2010,5,264.74
Moneragala,2010,6,132.75
Moneragala,2010,7,90.67499999999998
Moneragala,2010,8,113.305
Moneragala,2010,9,159.15
Moneragala,2010,10,169.57
Moneragala,2010,11,540.0
Moneragala,2010,12,488.25
Moneragala,2011,1,638.91
Moneragala,2011,2,426.29999999999995
Moneragala,2011,3,222.57999999999998
Moneragala,2011,4,274.05
Moneragala,2011,5,133.145
Moneragala,2011,6,48.60000000000001
Moneragala,2011,7,57.66
Moneragala,2011,8,105.09
Moneragala,2011,9,101.25
Moneragala,2011,10,267.685
Moneragala,2011,11,310.95
Moneragala,2011,12,200.725
Moneragala,2012,1,60.45
Moneragala,2012,2,177.91500000000002
Moneragala,2012,3,93.155
Moneragala,2012,4,300.0
Moneragala,2012,5,42.47
Moneragala,2012,6,60.3
Moneragala,2012,7,49.91
Moneragala,2012,8,101.83500000000001
Moneragala,2012,9,159.9
Moneragala,2012,10,332.16499999999996
Moneragala,2012,11,308.55
Moneragala,2012,12,457.87
Moneragala,2013,1,333.40500000000003
Moneragala,2013,2,214.2
Moneragala,2013,3,170.965
Moneragala,2013,4,210.75
Moneragala,2013,5,185.22500000000002
Moneragala,2013,6,124.04999999999998
Moneragala,2013,7,104.625
Moneragala,2013,8,42.78
Moneragala,2013,9,119.25
Moneragala,2013,10,164.29999999999998
Moneragala,2013,11,176.1
Moneragala,2013,12,157.48
Moneragala,2014,1,113.46000000000001
Moneragala,2014,2,34.58
Moneragala,2014,3,66.34
Moneragala,2014,4,142.8
Moneragala,2014,5,162.44
Moneragala,2014,6,61.8
Moneragala,2014,7,23.87
Moneragala,2014,8,114.39000000000001
Moneragala,2014,9,126.15
Moneragala,2014,10,445.625
Moneragala,2014,11,327.9
Moneragala,2014,12,643.405
Moneragala,2015,1,33.48
Moneragala,2015,2,184.51999999999998
Moneragala,2015,3,114.08
Moneragala,2015,4,250.2
Moneragala,2015,5,148.025
Moneragala,2015,6,153.75
Moneragala,2015,7,77.19
Moneragala,2015,8,112.995
Moneragala,2015,9,310.05
Moneragala,2015,10,417.88
Moneragala,2015,11,425.55
Moneragala,2015,12,285.66499999999996
Moneragala,2016,1,70.835
Moneragala,2016,2,96.135
Moneragala,2016,3,76.57
Moneragala,2016,4,85.65
Moneragala,2016,5,345.65
Moneragala,2016,6,55.35
Moneragala,2016,7,57.349999999999994
Moneragala,2016,8,19.685000000000002
Moneragala,2016,9,20.85
Moneragala,2016,10,159.03
Moneragala,2016,11,229.2
Moneragala,2016,12,109.58500000000001
Moneragala,2017,1,75.33
Moneragala,2017,2,115.78
Moneragala,2017,3,195.92
Moneragala,2017,4,67.35
Moneragala,2017,5,214.52
Moneragala,2017,6,68.1
Moneragala,2017,7,41.695
Moneragala,2017,8,114.235
Moneragala,2017,9,129.15
Moneragala,2017,10,338.52000000000004
Moneragala,2017,11,319.79999999999995
Moneragala,2017,12,231.26
Moneragala,2018,1,62.155
Moneragala,2018,2,84.14
Moneragala,2018,3,149.42
Moneragala,2018,4,177.60000000000002
Moneragala,2018,5,374.16999999999996
Moneragala,2018,6,106.65
Moneragala,2018,7,64.17
Moneragala,2018,8,61.379999999999995
Moneragala,2018,9,117.89999999999999
Moneragala,2018,10,188.325
Moneragala,2018,11,213.3
Moneragala,2018,12,115.01
Moneragala,2019,1,47.120000000000005
Moneragala,2019,2,130.48000000000002
Moneragala,2019,3,26.97
Moneragala,2019,4,71.1
Moneragala,2019,5,51.925
Moneragala,2019,6,62.55
Moneragala,2019,7,77.345
Moneragala,2019,8,166.315
Moneragala,2019,9,340.95000000000005
Moneragala,2019,10,416.795
Moneragala,2019,11,334.5
Moneragala,2019,12,344.56500000000005
Moneragala,2020,1,77.5
Moneragala,2020,2,35.815
Moneragala,2020,3,19.84
Moneragala,2020,4,114.0
Moneragala,2020,5,207.54500000000002
Moneragala,2020,6,114.9
Moneragala,2020,7,129.115
Moneragala,2020,8,99.82000000000001
Moneragala,2020,9,204.75
Moneragala,2020,10,104.315
Moneragala,2020,11,308.7
Moneragala,2020,12,307.21000000000004
Moneragala,2021,1,249.86
Moneragala,2021,2,82.32
Moneragala,2021,3,172.205
Moneragala,2021,4,128.85
Moneragala,2021,5,259.625
Moneragala,2021,6,160.2
Moneragala,2021,7,139.5
Moneragala,2021,8,172.825
Moneragala,2021,9,238.2
Moneragala,2021,10,298.065
Moneragala,2021,11,516.3
Moneragala,2021,12,171.585
Moneragala,2022,1,147.25
Moneragala,2022,2,162.12
Moneragala,2022,3,92.07
Moneragala,2022,4,376.5
Moneragala,2022,5,222.73499999999999
Moneragala,2022,6,100.80000000000001
Moneragala,2022,7,140.74
Moneragala,2022,8,219.635
Moneragala,2022,9,75.0
Moneragala,2022,10,336.35
Moneragala,2022,11,346.65
Moneragala,2022,12,314.805
Moneragala,2023,1,119.815
Moneragala,2023,2,174.3
Moneragala,2023,3,107.26
Moneragala,2023,4,152.7
Moneragala,2023,5,236.065
Moneragala,2023,6,132.45000000000002
Moneragala,2023,7,79.51499999999999
Moneragala,2023,8,96.41
Moneragala,2023,9,460.95
Moneragala,2023,10,756.71
Moneragala,2023,11,402.3
Moneragala,2023,12,528.5500000000001
Moneragala,2024,1,349.37
Moneragala,2024,2,29.29
Moneragala,2024,3,32.394999999999996
Moneragala,2024,4,93.0
Moneragala,2024,5,181.97000000000003
Moneragala,2024,6,79.5
Moneragala,2024,7,70.06
Moneragala,2024,8,128.495
Moneragala,2024,9,82.05000000000001
Moneragala,2024,10,203.36
Moneragala,2024,11,383.55
Moneragala,2024,12,206.92499999999998
Moneragala,2025,1,276.055
Moneragala,2025,2,112.98
Moneragala,2025,3,224.595
Moneragala,2025,4,312.90000000000003
Moneragala,2025,5,214.21
Moneragala,2025,6,73.35
Moneragala,2025,7,43.55499999999999
Moneragala,2025,8,69.13
Moneragala,2025,9,157.05
Moneragala,2025,10,363.32000000000005
Moneragala,2025,11,672.1500000000001
Moneragala,2025,12,205.685
Mullaitivu,1984,1,321.78000000000003
Mullaitivu,1984,2,358.44
Mullaitivu,1984,3,149.73
Mullaitivu,1984,4,225.6
Mullaitivu,1984,5,22.94
Mullaitivu,1984,6,11.700000000000001
Mullaitivu,1984,7,190.65
Mullaitivu,1984,8,31.93
Mullaitivu,1984,9,321.3
Mullaitivu,1984,10,100.44000000000001
Mullaitivu,1984,11,276.3
Mullaitivu,1984,12,97.96000000000001
Mullaitivu,1985,1,109.74
Mullaitivu,1985,2,85.12
Mullaitivu,1985,3,66.64999999999999
Mullaitivu,1985,4,47.1
Mullaitivu,1985,5,70.37
Mullaitivu,1985,6,20.7
Mullaitivu,1985,7,43.4
Mullaitivu,1985,8,70.99
Mullaitivu,1985,9,115.8
Mullaitivu,1985,10,83.08
Mullaitivu,1985,11,305.7
Mullaitivu,1985,12,177.32
Mullaitivu,1986,1,173.6
Mullaitivu,1986,2,32.199999999999996
Mullaitivu,1986,3,130.20000000000002
Mullaitivu,1986,4,97.5
Mullaitivu,1986,5,68.2
Mullaitivu,1986,6,6.6
Mullaitivu,1986,7,24.18
Mullaitivu,1986,8,27.59
Mullaitivu,1986,9,41.4
Mullaitivu,1986,10,180.10999999999999
Mullaitivu,1986,11,111.9
Mullaitivu,1986,12,108.5
Mullaitivu,1987,1,62.0
Mullaitivu,1987,2,8.96
Mullaitivu,1987,3,20.46
Mullaitivu,1987,4,100.5
Mullaitivu,1987,5,23.25
Mullaitivu,1987,6,13.2
Mullaitivu,1987,7,4.6499999999999995
Mullaitivu,1987,8,17.05
Mullaitivu,1987,9,108.60000000000001
Mullaitivu,1987,10,259.46999999999997
Mullaitivu,1987,11,218.7
Mullaitivu,1987,12,102.92
Mullaitivu,1988,1,8.680000000000001
Mullaitivu,1988,2,67.57000000000001
Mullaitivu,1988,3,24.490000000000002
Mullaitivu,1988,4,239.70000000000002
Mullaitivu,1988,5,24.490000000000002
Mullaitivu,1988,6,26.1
Mullaitivu,1988,7,37.51
Mullaitivu,1988,8,109.42999999999999
Mullaitivu,1988,9,77.4
Mullaitivu,1988,10,63.24
Mullaitivu,1988,11,138.3
Mullaitivu,1988,12,60.76
Mullaitivu,1989,1,34.1
Mullaitivu,1989,2,7.28
Mullaitivu,1989,3,16.12
Mullaitivu,1989,4,34.8
Mullaitivu,1989,5,56.42
Mullaitivu,1989,6,71.10000000000001
Mullaitivu,1989,7,188.48
Mullaitivu,1989,8,12.709999999999999
Mullaitivu,1989,9,139.2
Mullaitivu,1989,10,217.61999999999998
Mullaitivu,1989,11,262.5
Mullaitivu,1989,12,70.67999999999999
Mullaitivu,1990,1,171.74
Mullaitivu,1990,2,3.36
Mullaitivu,1990,3,67.89
Mullaitivu,1990,4,45.9
Mullaitivu,1990,5,151.28
Mullaitivu,1990,6,7.800000000000001
Mullaitivu,1990,7,8.370000000000001
Mullaitivu,1990,8,114.7
Mullaitivu,1990,9,51.3
Mullaitivu,1990,10,201.5
Mullaitivu,1990,11,74.4
Mullaitivu,1990,12,67.27
Mullaitivu,1991,1,36.269999999999996
Mullaitivu,1991,2,2.52
Mullaitivu,1991,3,48.050000000000004
Mullaitivu,1991,4,76.8
Mullaitivu,1991,5,82.77
Mullaitivu,1991,6,44.7
Mullaitivu,1991,7,22.63
Mullaitivu,1991,8,17.360000000000003
Mullaitivu,1991,9,37.8
Mullaitivu,1991,10,275.59000000000003
Mullaitivu,1991,11,324.0
Mullaitivu,1991,12,113.14999999999999
Mullaitivu,1992,1,14.879999999999999
Mullaitivu,1992,2,0.0
Mullaitivu,1992,3,0.0
Mullaitivu,1992,4,96.60000000000001
Mullaitivu,1992,5,90.21000000000001
Mullaitivu,1992,6,42.3
Mullaitivu,1992,7,38.75
Mullaitivu,1992,8,40.61
Mullaitivu,1992,9,135.6
Mullaitivu,1992,10,132.36999999999998
Mullaitivu,1992,11,286.5
Mullaitivu,1992,12,251.71999999999997
Mullaitivu,1993,1,3.1
Mullaitivu,1993,2,3.08
Mullaitivu,1993,3,36.58
Mullaitivu,1993,4,98.39999999999999
Mullaitivu,1993,5,91.45
Mullaitivu,1993,6,38.4
Mullaitivu,1993,7,42.470000000000006
Mullaitivu,1993,8,24.8
Mullaitivu,1993,9,15.3
Mullaitivu,1993,10,348.44
Mullaitivu,1993,11,412.8
Mullaitivu,1993,12,429.34999999999997
Mullaitivu,1994,1,65.72
Mullaitivu,1994,2,186.76
Mullaitivu,1994,3,20.46
Mullaitivu,1994,4,98.7
Mullaitivu,1994,5,116.55999999999999
Mullaitivu,1994,6,7.199999999999999
Mullaitivu,1994,7,22.63
Mullaitivu,1994,8,3.1
Mullaitivu,1994,9,48.9
Mullaitivu,1994,10,249.55
Mullaitivu,1994,11,115.8
Mullaitivu,1994,12,17.98
Mullaitivu,1995,1,37.82
Mullaitivu,1995,2,5.04
Mullaitivu,1995,3,2.1700000000000004
Mullaitivu,1995,4,23.400000000000002
Mullaitivu,1995,5,29.139999999999997
Mullaitivu,1995,6,5.7
Mullaitivu,1995,7,4.6499999999999995
Mullaitivu,1995,8,6.82
Mullaitivu,1995,9,6.9
Mullaitivu,1995,10,65.10000000000001
Mullaitivu,1995,11,30.0
Mullaitivu,1995,12,13.33
Mullaitivu,1996,1,5.58
Mullaitivu,1996,2,13.92
Mullaitivu,1996,3,0.62
Mullaitivu,1996,4,31.5
Mullaitivu,1996,5,14.26
Mullaitivu,1996,6,51.6
Mullaitivu,1996,7,2.79
Mullaitivu,1996,8,28.830000000000002
Mullaitivu,1996,9,27.3
Mullaitivu,1996,10,57.35
Mullaitivu,1996,11,77.69999999999999
Mullaitivu,1996,12,34.410000000000004
Mullaitivu,1997,1,6.2
Mullaitivu,1997,2,0.56
Mullaitivu,1997,3,8.06
Mullaitivu,1997,4,49.8
Mullaitivu,1997,5,83.39
Mullaitivu,1997,6,15.3
Mullaitivu,1997,7,54.56
Mullaitivu,1997,8,21.389999999999997
Mullaitivu,1997,9,54.900000000000006
Mullaitivu,1997,10,173.29
Mullaitivu,1997,11,250.5
Mullaitivu,1997,12,168.32999999999998
Mullaitivu,1998,1,35.96
Mullaitivu,1998,2,2.24
Mullaitivu,1998,3,5.89
Mullaitivu,1998,4,35.099999999999994
Mullaitivu,1998,5,178.25
Mullaitivu,1998,6,9.9
Mullaitivu,1998,7,41.54
Mullaitivu,1998,8,44.949999999999996
Mullaitivu,1998,9,39.300000000000004
Mullaitivu,1998,10,95.48
Mullaitivu,1998,11,208.5
Mullaitivu,1998,12,378.51000000000005
Mullaitivu,1999,1,166.47
Mullaitivu,1999,2,70.56
Mullaitivu,1999,3,14.569999999999999
Mullaitivu,1999,4,144.9
Mullaitivu,1999,5,23.87
Mullaitivu,1999,6,15.3
Mullaitivu,1999,7,15.81
Mullaitivu,1999,8,24.8
Mullaitivu,1999,9,63.6
Mullaitivu,1999,10,141.04999999999998
Mullaitivu,1999,11,188.4
Mullaitivu,1999,12,70.99
Mullaitivu,2000,1,32.550000000000004
Mullaitivu,2000,2,65.53999999999999
Mullaitivu,2000,3,5.2700000000000005
Mullaitivu,2000,4,43.8
Mullaitivu,2000,5,39.37
Mullaitivu,2000,6,24.0
Mullaitivu,2000,7,102.61
Mullaitivu,2000,8,21.389999999999997
Mullaitivu,2000,9,79.5
Mullaitivu,2000,10,75.02
Mullaitivu,2000,11,300.59999999999997
Mullaitivu,2000,12,122.76
Mullaitivu,2001,1,75.95
Mullaitivu,2001,2,51.800000000000004
Mullaitivu,2001,3,0.31
Mullaitivu,2001,4,172.20000000000002
Mullaitivu,2001,5,20.77
Mullaitivu,2001,6,117.6
Mullaitivu,2001,7,78.42999999999999
Mullaitivu,2001,8,13.33
Mullaitivu,2001,9,40.800000000000004
Mullaitivu,2001,10,141.67000000000002
Mullaitivu,2001,11,237.6
Mullaitivu,2001,12,238.07999999999998
Mullaitivu,2002,1,45.88
Mullaitivu,2002,2,66.92
Mullaitivu,2002,3,18.91
Mullaitivu,2002,4,125.70000000000002
Mullaitivu,2002,5,48.67
Mullaitivu,2002,6,32.7
Mullaitivu,2002,7,5.2700000000000005
Mullaitivu,2002,8,21.389999999999997
Mullaitivu,2002,9,18.3
Mullaitivu,2002,10,293.57
Mullaitivu,2002,11,185.39999999999998
Mullaitivu,2002,12,211.10999999999999
Mullaitivu,2003,1,83.39
Mullaitivu,2003,2,68.60000000000001
Mullaitivu,2003,3,40.61
Mullaitivu,2003,4,73.8
Mullaitivu,2003,5,103.53999999999999
Mullaitivu,2003,6,11.4
Mullaitivu,2003,7,25.73
Mullaitivu,2003,8,42.160000000000004
Mullaitivu,2003,9,42.0
Mullaitivu,2003,10,100.13
Mullaitivu,2003,11,339.6
Mullaitivu,2003,12,48.36
Mullaitivu,2004,1,15.5
Mullaitivu,2004,2,18.56
Mullaitivu,2004,3,30.69
Mullaitivu,2004,4,80.4
Mullaitivu,2004,5,133.92000000000002
Mullaitivu,2004,6,17.4
Mullaitivu,2004,7,31.31
Mullaitivu,2004,8,42.779999999999994
Mullaitivu,2004,9,101.7
Mullaitivu,2004,10,256.06
Mullaitivu,2004,11,268.2
Mullaitivu,2004,12,274.65999999999997
Mullaitivu,2005,1,128.34
Mullaitivu,2005,2,3.36
Mullaitivu,2005,3,44.019999999999996
Mullaitivu,2005,4,170.39999999999998
Mullaitivu,2005,5,46.81
Mullaitivu,2005,6,12.0
Mullaitivu,2005,7,23.56
Mullaitivu,2005,8,46.5
Mullaitivu,2005,9,13.8
Mullaitivu,2005,10,183.21
Mullaitivu,2005,11,405.9
Mullaitivu,2005,12,101.37
Mullaitivu,2006,1,106.95
Mullaitivu,2006,2,21.28
Mullaitivu,2006,3,101.05999999999999
Mullaitivu,2006,4,76.5
Mullaitivu,2006,5,44.949999999999996
Mullaitivu,2006,6,10.200000000000001
Mullaitivu,2006,7,12.709999999999999
Mullaitivu,2006,8,60.76
Mullaitivu,2006,9,80.1
Mullaitivu,2006,10,293.88
Mullaitivu,2006,11,284.1
Mullaitivu,2006,12,83.08
Mullaitivu,2007,1,41.54
Mullaitivu,2007,2,50.68
Mullaitivu,2007,3,6.2
Mullaitivu,2007,4,99.9
Mullaitivu,2007,5,12.4
Mullaitivu,2007,6,53.7
Mullaitivu,2007,7,19.22
Mullaitivu,2007,8,39.06
Mullaitivu,2007,9,72.0
Mullaitivu,2007,10,337.59000000000003
Mullaitivu,2007,11,139.2
Mullaitivu,2007,12,238.39000000000001
Mullaitivu,2008,1,27.28
Mullaitivu,2008,2,103.24
Mullaitivu,2008,3,238.39000000000001
Mullaitivu,2008,4,110.7
Mullaitivu,2008,5,5.58
Mullaitivu,2008,6,21.9
Mullaitivu,2008,7,34.410000000000004
Mullaitivu,2008,8,41.230000000000004
Mullaitivu,2008,9,6.6
Mullaitivu,2008,10,154.38000000000002
Mullaitivu,2008,11,255.89999999999998
Mullaitivu,2008,12,183.21
Mullaitivu,2009,1,43.089999999999996
Mullaitivu,2009,2,0.28
Mullaitivu,2009,3,107.88
Mullaitivu,2009,4,117.9
Mullaitivu,2009,5,16.740000000000002
Mullaitivu,2009,6,6.3
Mullaitivu,2009,7,15.5
Mullaitivu,2009,8,101.37
Mullaitivu,2009,9,23.700000000000003
Mullaitivu,2009,10,119.97
Mullaitivu,2009,11,378.59999999999997
Mullaitivu,2009,12,324.26000000000005
Mullaitivu,2010,1,70.67999999999999
Mullaitivu,2010,2,3.08
Mullaitivu,2010,3,30.38
Mullaitivu,2010,4,122.99999999999999
Mullaitivu,2010,5,73.47
Mullaitivu,2010,6,21.0
Mullaitivu,2010,7,37.82
Mullaitivu,2010,8,97.03
Mullaitivu,2010,9,197.10000000000002
Mullaitivu,2010,10,121.52
Mullaitivu,2010,11,412.2
Mullaitivu,2010,12,450.12
Mullaitivu,2011,1,314.65000000000003
Mullaitivu,2011,2,258.16
Mullaitivu,2011,3,21.389999999999997
Mullaitivu,2011,4,234.9
Mullaitivu,2011,5,17.669999999999998
Mullaitivu,2011,6,6.3
Mullaitivu,2011,7,22.94
Mullaitivu,2011,8,92.69000000000001
Mullaitivu,2011,9,22.8
Mullaitivu,2011,10,295.43
Mullaitivu,2011,11,428.7
Mullaitivu,2011,12,209.86999999999998
Mullaitivu,2012,1,32.24
Mullaitivu,2012,2,30.740000000000002
Mullaitivu,2012,3,30.69
Mullaitivu,2012,4,96.9
Mullaitivu,2012,5,2.79
Mullaitivu,2012,6,7.800000000000001
Mullaitivu,2012,7,29.139999999999997
Mullaitivu,2012,8,10.85
Mullaitivu,2012,9,72.0
Mullaitivu,2012,10,504.98999999999995
Mullaitivu,2012,11,188.1
Mullaitivu,2012,12,527.62
Mullaitivu,2013,1,173.6
Mullaitivu,2013,2,206.08
Mullaitivu,2013,3,168.02
Mullaitivu,2013,4,65.1
Mullaitivu,2013,5,107.88
Mullaitivu,2013,6,22.2
Mullaitivu,2013,7,29.45
Mullaitivu,2013,8,74.39999999999999
Mullaitivu,2013,9,81.9
Mullaitivu,2013,10,99.2
Mullaitivu,2013,11,199.2
Mullaitivu,2013,12,120.28
Mullaitivu,2014,1,165.23
Mullaitivu,2014,2,24.08
Mullaitivu,2014,3,3.7199999999999998
Mullaitivu,2014,4,87.30000000000001
Mullaitivu,2014,5,156.54999999999998
Mullaitivu,2014,6,5.1000000000000005
Mullaitivu,2014,7,10.23
Mullaitivu,2014,8,85.87
Mullaitivu,2014,9,114.3
Mullaitivu,2014,10,260.40000000000003
Mullaitivu,2014,11,412.2
Mullaitivu,2014,12,505.92
Mullaitivu,2015,1,8.370000000000001
Mullaitivu,2015,2,127.67999999999999
Mullaitivu,2015,3,66.96000000000001
Mullaitivu,2015,4,173.1
Mullaitivu,2015,5,193.75
Mullaitivu,2015,6,17.4
Mullaitivu,2015,7,4.340000000000001
Mullaitivu,2015,8,65.72
Mullaitivu,2015,9,153.0
Mullaitivu,2015,10,307.21
Mullaitivu,2015,11,538.8000000000001
Mullaitivu,2015,12,270.01000000000005
Mullaitivu,2016,1,81.22
Mullaitivu,2016,2,19.14
Mullaitivu,2016,3,20.46
Mullaitivu,2016,4,27.3
Mullaitivu,2016,5,424.08
Mullaitivu,2016,6,11.700000000000001
Mullaitivu,2016,7,27.28
Mullaitivu,2016,8,17.360000000000003
Mullaitivu,2016,9,3.0
Mullaitivu,2016,10,89.28
Mullaitivu,2016,11,221.4
Mullaitivu,2016,12,101.99
Mullaitivu,2017,1,124.30999999999999
Mullaitivu,2017,2,29.68
Mullaitivu,2017,3,126.17000000000002
Mullaitivu,2017,4,38.7
Mullaitivu,2017,5,105.09
Mullaitivu,2017,6,12.9
Mullaitivu,2017,7,20.150000000000002
Mullaitivu,2017,8,95.48
Mullaitivu,2017,9,53.1
Mullaitivu,2017,10,130.20000000000002
Mullaitivu,2017,11,229.8
Mullaitivu,2017,12,89.59
Mullaitivu,2018,1,29.45
Mullaitivu,2018,2,38.919999999999995
Mullaitivu,2018,3,53.94
Mullaitivu,2018,4,72.0
Mullaitivu,2018,5,216.07
Mullaitivu,2018,6,16.5
Mullaitivu,2018,7,16.43
Mullaitivu,2018,8,30.07
Mullaitivu,2018,9,41.699999999999996
Mullaitivu,2018,10,274.96999999999997
Mullaitivu,2018,11,237.3
Mullaitivu,2018,12,118.42
Mullaitivu,2019,1,5.89
Mullaitivu,2019,2,77.28
Mullaitivu,2019,3,2.1700000000000004
Mullaitivu,2019,4,55.800000000000004
Mullaitivu,2019,5,8.370000000000001
Mullaitivu,2019,6,7.800000000000001
Mullaitivu,2019,7,18.599999999999998
Mullaitivu,2019,8,95.17
Mullaitivu,2019,9,144.0
Mullaitivu,2019,10,407.03000000000003
Mullaitivu,2019,11,230.1
Mullaitivu,2019,12,327.67
Mullaitivu,2020,1,27.59
Mullaitivu,2020,2,16.240000000000002
Mullaitivu,2020,3,7.13
Mullaitivu,2020,4,65.4
Mullaitivu,2020,5,123.69000000000001
Mullaitivu,2020,6,44.1
Mullaitivu,2020,7,115.94000000000001
Mullaitivu,2020,8,25.110000000000003
Mullaitivu,2020,9,144.0
Mullaitivu,2020,10,74.71000000000001
Mullaitivu,2020,11,324.6
Mullaitivu,2020,12,478.02
Mullaitivu,2021,1,279.93
Mullaitivu,2021,2,31.639999999999997
Mullaitivu,2021,3,30.07
Mullaitivu,2021,4,86.10000000000001
Mullaitivu,2021,5,96.41
Mullaitivu,2021,6,43.199999999999996
Mullaitivu,2021,7,73.47
Mullaitivu,2021,8,69.75
Mullaitivu,2021,9,107.69999999999999
Mullaitivu,2021,10,331.08
Mullaitivu,2021,11,601.8
Mullaitivu,2021,12,124.61999999999999
Mullaitivu,2022,1,101.99
Mullaitivu,2022,2,112.84
Mullaitivu,2022,3,36.89
Mullaitivu,2022,4,229.5
Mullaitivu,2022,5,26.04
Mullaitivu,2022,6,39.900000000000006
Mullaitivu,2022,7,133.60999999999999
Mullaitivu,2022,8,85.25
Mullaitivu,2022,9,47.1
Mullaitivu,2022,10,267.21999999999997
Mullaitivu,2022,11,241.2
Mullaitivu,2022,12,277.45
Mullaitivu,2023,1,96.41
Mullaitivu,2023,2,167.44
Mullaitivu,2023,3,58.279999999999994
Mullaitivu,2023,4,69.0
Mullaitivu,2023,5,178.56
Mullaitivu,2023,6,21.9
Mullaitivu,2023,7,8.99
Mullaitivu,2023,8,32.86
Mullaitivu,2023,9,68.39999999999999
Mullaitivu,2023,10,272.8
Mullaitivu,2023,11,506.99999999999994
Mullaitivu,2023,12,478.95
Mullaitivu,2024,1,158.41
Mullaitivu,2024,2,7.25
Mullaitivu,2024,3,26.349999999999998
Mullaitivu,2024,4,30.3
Mullaitivu,2024,5,152.21
Mullaitivu,2024,6,26.7
Mullaitivu,2024,7,9.61
Mullaitivu,2024,8,115.63
Mullaitivu,2024,9,33.0
Mullaitivu,2024,10,181.97
Mullaitivu,2024,11,479.1
Mullaitivu,2024,12,128.96
Mullaitivu,2025,1,184.76
Mullaitivu,2025,2,74.75999999999999
Mullaitivu,2025,3,63.55
Mullaitivu,2025,4,116.7
Mullaitivu,2025,5,119.97
Mullaitivu,2025,6,19.8
Mullaitivu,2025,7,10.85
Mullaitivu,2025,8,47.12
Mullaitivu,2025,9,68.39999999999999
Mullaitivu,2025,10,240.25
Mullaitivu,2025,11,690.0
Mullaitivu,2025,12,174.84
Nuwara Eliya,1984,1,212.35
Nuwara Eliya,1984,2,218.95
Nuwara Eliya,1984,3,146.94
Nuwara Eliya,1984,4,268.5
Nuwara Eliya,1984,5,110.67
Nuwara Eliya,1984,6,97.8
Nuwara Eliya,1984,7,212.35
Nuwara Eliya,1984,8,66.03
Nuwara Eliya,1984,9,219.0
Nuwara Eliya,1984,10,195.29999999999998
Nuwara Eliya,1984,11,231.3
Nuwara Eliya,1984,12,38.13
Nuwara Eliya,1985,1,38.13
Nuwara Eliya,1985,2,94.92
Nuwara Eliya,1985,3,96.41
Nuwara Eliya,1985,4,52.2
Nuwara Eliya,1985,5,82.46000000000001
Nuwara Eliya,1985,6,149.1
Nuwara Eliya,1985,7,40.300000000000004
Nuwara Eliya,1985,8,51.46
Nuwara Eliya,1985,9,113.1
Nuwara Eliya,1985,10,195.29999999999998
Nuwara Eliya,1985,11,210.6
Nuwara Eliya,1985,12,66.96000000000001
Nuwara Eliya,1986,1,282.09999999999997
Nuwara Eliya,1986,2,89.88
Nuwara Eliya,1986,3,134.54
Nuwara Eliya,1986,4,121.2
Nuwara Eliya,1986,5,89.89999999999999
Nuwara Eliya,1986,6,78.89999999999999
Nuwara Eliya,1986,7,56.11
Nuwara Eliya,1986,8,138.57
Nuwara Eliya,1986,9,91.8
Nuwara Eliya,1986,10,243.97
Nuwara Eliya,1986,11,80.7
Nuwara Eliya,1986,12,99.82000000000001
Nuwara Eliya,1987,1,82.46000000000001
Nuwara Eliya,1987,2,33.04
Nuwara Eliya,1987,3,50.529999999999994
Nuwara Eliya,1987,4,99.6
Nuwara Eliya,1987,5,123.38
Nuwara Eliya,1987,6,80.7
Nuwara Eliya,1987,7,3.1
Nuwara Eliya,1987,8,168.32999999999998
Nuwara Eliya,1987,9,115.19999999999999
Nuwara Eliya,1987,10,289.84999999999997
Nuwara Eliya,1987,11,228.0
Nuwara Eliya,1987,12,72.85000000000001
Nuwara Eliya,1988,1,17.360000000000003
Nuwara Eliya,1988,2,32.480000000000004
Nuwara Eliya,1988,3,116.25
Nuwara Eliya,1988,4,209.70000000000002
Nuwara Eliya,1988,5,56.730000000000004
Nuwara Eliya,1988,6,85.8
Nuwara Eliya,1988,7,103.23
Nuwara Eliya,1988,8,93.30999999999999
Nuwara Eliya,1988,9,151.2
Nuwara Eliya,1988,10,35.029999999999994
Nuwara Eliya,1988,11,161.1
Nuwara Eliya,1988,12,79.67
Nuwara Eliya,1989,1,121.21000000000001
Nuwara Eliya,1989,2,19.32
Nuwara Eliya,1989,3,54.25
Nuwara Eliya,1989,4,97.2
Nuwara Eliya,1989,5,162.44
Nuwara Eliya,1989,6,120.6
Nuwara Eliya,1989,7,255.13000000000002
Nuwara Eliya,1989,8,71.61
Nuwara Eliya,1989,9,207.6
Nuwara Eliya,1989,10,159.96
Nuwara Eliya,1989,11,219.9
Nuwara Eliya,1989,12,78.42999999999999
Nuwara Eliya,1990,1,109.74
Nuwara Eliya,1990,2,17.08
Nuwara Eliya,1990,3,61.38
Nuwara Eliya,1990,4,52.8
Nuwara Eliya,1990,5,181.04
Nuwara Eliya,1990,6,110.4
Nuwara Eliya,1990,7,63.86
Nuwara Eliya,1990,8,65.10000000000001
Nuwara Eliya,1990,9,35.4
Nuwara Eliya,1990,10,193.13000000000002
Nuwara Eliya,1990,11,128.4
Nuwara Eliya,1990,12,144.46
Nuwara Eliya,1991,1,97.96000000000001
Nuwara Eliya,1991,2,7.28
Nuwara Eliya,1991,3,12.09
Nuwara Eliya,1991,4,63.3
Nuwara Eliya,1991,5,54.25
Nuwara Eliya,1991,6,182.4
Nuwara Eliya,1991,7,81.22
Nuwara Eliya,1991,8,81.84
Nuwara Eliya,1991,9,66.60000000000001
Nuwara Eliya,1991,10,194.68
Nuwara Eliya,1991,11,178.8
Nuwara Eliya,1991,12,124.0
Nuwara Eliya,1992,1,21.7
Nuwara Eliya,1992,2,3.19
Nuwara Eliya,1992,3,0.0
Nuwara Eliya,1992,4,67.8
Nuwara Eliya,1992,5,143.84
Nuwara Eliya,1992,6,71.7
Nuwara Eliya,1992,7,136.4
Nuwara Eliya,1992,8,95.48
Nuwara Eliya,1992,9,99.3
Nuwara Eliya,1992,10,113.14999999999999
Nuwara Eliya,1992,11,262.5
Nuwara Eliya,1992,12,121.21000000000001
Nuwara Eliya,1993,1,21.080000000000002
Nuwara Eliya,1993,2,24.08
Nuwara Eliya,1993,3,39.68
Nuwara Eliya,1993,4,54.6
Nuwara Eliya,1993,5,183.21
Nuwara Eliya,1993,6,183.6
Nuwara Eliya,1993,7,114.39
Nuwara Eliya,1993,8,29.139999999999997
Nuwara Eliya,1993,9,97.5
Nuwara Eliya,1993,10,258.84999999999997
Nuwara Eliya,1993,11,212.7
Nuwara Eliya,1993,12,185.69
Nuwara Eliya,1994,1,107.88
Nuwara Eliya,1994,2,105.56
Nuwara Eliya,1994,3,33.17
Nuwara Eliya,1994,4,86.39999999999999
Nuwara Eliya,1994,5,137.32999999999998
Nuwara Eliya,1994,6,51.3
Nuwara Eliya,1994,7,54.25
Nuwara Eliya,1994,8,48.050000000000004
Nuwara Eliya,1994,9,80.7
Nuwara Eliya,1994,10,152.82999999999998
Nuwara Eliya,1994,11,74.10000000000001
Nuwara Eliya,1994,12,33.17
Nuwara Eliya,1995,1,36.89
Nuwara Eliya,1995,2,19.040000000000003
Nuwara Eliya,1995,3,4.03
Nuwara Eliya,1995,4,57.3
Nuwara Eliya,1995,5,53.32
Nuwara Eliya,1995,6,40.800000000000004
Nuwara Eliya,1995,7,15.19
Nuwara Eliya,1995,8,19.53
Nuwara Eliya,1995,9,18.0
Nuwara Eliya,1995,10,46.19
Nuwara Eliya,1995,11,57.3
Nuwara Eliya,1995,12,18.599999999999998
Nuwara Eliya,1996,1,26.97
Nuwara Eliya,1996,2,21.75
Nuwara Eliya,1996,3,2.79
Nuwara Eliya,1996,4,48.6
Nuwara Eliya,1996,5,18.91
Nuwara Eliya,1996,6,99.3
Nuwara Eliya,1996,7,13.950000000000001
Nuwara Eliya,1996,8,25.110000000000003
Nuwara Eliya,1996,9,46.800000000000004
Nuwara Eliya,1996,10,49.910000000000004
Nuwara Eliya,1996,11,68.39999999999999
Nuwara Eliya,1996,12,20.150000000000002
Nuwara Eliya,1997,1,1.55
Nuwara Eliya,1997,2,13.16
Nuwara Eliya,1997,3,8.99
Nuwara Eliya,1997,4,98.7
Nuwara Eliya,1997,5,89.59
Nuwara Eliya,1997,6,45.3
Nuwara Eliya,1997,7,65.72
Nuwara Eliya,1997,8,34.410000000000004
Nuwara Eliya,1997,9,217.5
Nuwara Eliya,1997,10,296.98
Nuwara Eliya,1997,11,281.09999999999997
Nuwara Eliya,1997,12,129.27
Nuwara Eliya,1998,1,28.52
Nuwara Eliya,1998,2,1.9600000000000002
Nuwara Eliya,1998,3,31.62
Nuwara Eliya,1998,4,50.099999999999994
Nuwara Eliya,1998,5,139.81
Nuwara Eliya,1998,6,128.4
Nuwara Eliya,1998,7,137.02
Nuwara Eliya,1998,8,115.94000000000001
Nuwara Eliya,1998,9,95.1
Nuwara Eliya,1998,10,149.10999999999999
Nuwara Eliya,1998,11,171.3
Nuwara Eliya,1998,12,248.92999999999998
Nuwara Eliya,1999,1,151.9
Nuwara Eliya,1999,2,119.55999999999999
Nuwara Eliya,1999,3,39.99
Nuwara Eliya,1999,4,141.3
Nuwara Eliya,1999,5,198.71
Nuwara Eliya,1999,6,129.9
Nuwara Eliya,1999,7,70.67999999999999
Nuwara Eliya,1999,8,75.95
Nuwara Eliya,1999,9,126.0
Nuwara Eliya,1999,10,146.01
Nuwara Eliya,1999,11,138.0
Nuwara Eliya,1999,12,73.16
Nuwara Eliya,2000,1,17.360000000000003
Nuwara Eliya,2000,2,61.769999999999996
Nuwara Eliya,2000,3,38.13
Nuwara Eliya,2000,4,97.5
Nuwara Eliya,2000,5,48.050000000000004
Nuwara Eliya,2000,6,71.7
Nuwara Eliya,2000,7,121.21000000000001
Nuwara Eliya,2000,8,139.19
Nuwara Eliya,2000,9,85.8
Nuwara Eliya,2000,10,73.47
Nuwara Eliya,2000,11,204.29999999999998
Nuwara Eliya,2000,12,83.7
Nuwara Eliya,2001,1,167.71
Nuwara Eliya,2001,2,63.56
Nuwara Eliya,2001,3,8.370000000000001
Nuwara Eliya,2001,4,133.20000000000002
Nuwara Eliya,2001,5,84.01
Nuwara Eliya,2001,6,91.8
Nuwara Eliya,2001,7,129.89000000000001
Nuwara Eliya,2001,8,18.29
Nuwara Eliya,2001,9,148.20000000000002
Nuwara Eliya,2001,10,79.98
Nuwara Eliya,2001,11,156.3
Nuwara Eliya,2001,12,97.96000000000001
Nuwara Eliya,2002,1,42.779999999999994
Nuwara Eliya,2002,2,65.52
Nuwara Eliya,2002,3,45.26
Nuwara Eliya,2002,4,135.0
Nuwara Eliya,2002,5,151.59
Nuwara Eliya,2002,6,66.9
Nuwara Eliya,2002,7,34.1
Nuwara Eliya,2002,8,84.32000000000001
Nuwara Eliya,2002,9,35.099999999999994
Nuwara Eliya,2002,10,244.59
Nuwara Eliya,2002,11,168.6
Nuwara Eliya,2002,12,197.78
Nuwara Eliya,2003,1,71.3
Nuwara Eliya,2003,2,55.16
Nuwara Eliya,2003,3,92.69000000000001
Nuwara Eliya,2003,4,118.8
Nuwara Eliya,2003,5,156.85999999999999
Nuwara Eliya,2003,6,80.7
Nuwara Eliya,2003,7,50.839999999999996
Nuwara Eliya,2003,8,38.44
Nuwara Eliya,2003,9,61.49999999999999
Nuwara Eliya,2003,10,93.62
Nuwara Eliya,2003,11,261.0
Nuwara Eliya,2003,12,27.28
Nuwara Eliya,2004,1,44.64
Nuwara Eliya,2004,2,54.809999999999995
Nuwara Eliya,2004,3,34.720000000000006
Nuwara Eliya,2004,4,110.1
Nuwara Eliya,2004,5,149.42000000000002
Nuwara Eliya,2004,6,88.2
Nuwara Eliya,2004,7,47.12
Nuwara Eliya,2004,8,39.68
Nuwara Eliya,2004,9,181.5
Nuwara Eliya,2004,10,220.72
Nuwara Eliya,2004,11,231.3
Nuwara Eliya,2004,12,240.86999999999998
Nuwara Eliya,2005,1,80.91
Nuwara Eliya,2005,2,29.400000000000002
Nuwara Eliya,2005,3,80.28999999999999
Nuwara Eliya,2005,4,106.2
Nuwara Eliya,2005,5,111.60000000000001
Nuwara Eliya,2005,6,81.3
Nuwara Eliya,2005,7,95.48
Nuwara Eliya,2005,8,30.69
Nuwara Eliya,2005,9,93.0
Nuwara Eliya,2005,10,207.07999999999998
Nuwara Eliya,2005,11,333.90000000000003
Nuwara Eliya,2005,12,115.32000000000001
Nuwara Eliya,2006,1,194.99
Nuwara Eliya,2006,2,57.39999999999999
Nuwara Eliya,2006,3,106.64
Nuwara Eliya,2006,4,60.6
Nuwara Eliya,2006,5,128.03
Nuwara Eliya,2006,6,69.0
Nuwara Eliya,2006,7,98.89
Nuwara Eliya,2006,8,141.98
Nuwara Eliya,2006,9,133.20000000000002
Nuwara Eliya,2006,10,347.82
Nuwara Eliya,2006,11,376.8
Nuwara Eliya,2006,12,219.79
Nuwara Eliya,2007,1,172.04999999999998
Nuwara Eliya,2007,2,43.120000000000005
Nuwara Eliya,2007,3,30.69
Nuwara Eliya,2007,4,256.8
Nuwara Eliya,2007,5,54.87
Nuwara Eliya,2007,6,124.19999999999999
Nuwara Eliya,2007,7,79.05
Nuwara Eliya,2007,8,96.72
Nuwara Eliya,2007,9,122.99999999999999
Nuwara Eliya,2007,10,261.95
Nuwara Eliya,2007,11,158.7
Nuwara Eliya,2007,12,201.19
Nuwara Eliya,2008,1,109.12
Nuwara Eliya,2008,2,98.89
Nuwara Eliya,2008,3,304.11
Nuwara Eliya,2008,4,279.0
Nuwara Eliya,2008,5,59.83
Nuwara Eliya,2008,6,121.5
Nuwara Eliya,2008,7,129.89000000000001
Nuwara Eliya,2008,8,72.53999999999999
Nuwara Eliya,2008,9,56.699999999999996
Nuwara Eliya,2008,10,174.84
Nuwara Eliya,2008,11,168.6
Nuwara Eliya,2008,12,101.05999999999999
Nuwara Eliya,2009,1,48.980000000000004
Nuwara Eliya,2009,2,3.36
Nuwara Eliya,2009,3,197.16
Nuwara Eliya,2009,4,191.1
Nuwara Eliya,2009,5,127.41000000000001
Nuwara Eliya,2009,6,111.60000000000001
Nuwara Eliya,2009,7,60.14
Nuwara Eliya,2009,8,131.13000000000002
Nuwara Eliya,2009,9,105.0
Nuwara Eliya,2009,10,159.34
Nuwara Eliya,2009,11,357.6
Nuwara Eliya,2009,12,184.14000000000001
Nuwara Eliya,2010,1,110.05
Nuwara Eliya,2010,2,49.0
Nuwara Eliya,2010,3,118.42
Nuwara Eliya,2010,4,277.8
Nuwara Eliya,2010,5,281.17
Nuwara Eliya,2010,6,168.3
Nuwara Eliya,2010,7,145.39000000000001
Nuwara Eliya,2010,8,129.27
Nuwara Eliya,2010,9,161.7
Nuwara Eliya,2010,10,205.22
Nuwara Eliya,2010,11,502.19999999999993
Nuwara Eliya,2010,12,391.84000000000003
Nuwara Eliya,2011,1,423.15000000000003
Nuwara Eliya,2011,2,327.32
Nuwara Eliya,2011,3,159.34
Nuwara Eliya,2011,4,307.5
Nuwara Eliya,2011,5,148.18
Nuwara Eliya,2011,6,67.5
Nuwara Eliya,2011,7,74.71000000000001
Nuwara Eliya,2011,8,96.72
Nuwara Eliya,2011,9,120.9
Nuwara Eliya,2011,10,275.90000000000003
Nuwara Eliya,2011,11,247.5
Nuwara Eliya,2011,12,162.75
Nuwara Eliya,2012,1,57.660000000000004
Nuwara Eliya,2012,2,131.95
Nuwara Eliya,2012,3,95.78999999999999
Nuwara Eliya,2012,4,278.7
Nuwara Eliya,2012,5,46.19
Nuwara Eliya,2012,6,75.89999999999999
Nuwara Eliya,2012,7,78.74
Nuwara Eliya,2012,8,116.25
Nuwara Eliya,2012,9,127.8
Nuwara Eliya,2012,10,377.27
Nuwara Eliya,2012,11,316.8
Nuwara Eliya,2012,12,374.17
Nuwara Eliya,2013,1,261.02
Nuwara Eliya,2013,2,184.79999999999998
Nuwara Eliya,2013,3,153.45000000000002
Nuwara Eliya,2013,4,195.6
Nuwara Eliya,2013,5,194.36999999999998
Nuwara Eliya,2013,6,203.4
Nuwara Eliya,2013,7,128.03
Nuwara Eliya,2013,8,73.78
Nuwara Eliya,2013,9,145.2
Nuwara Eliya,2013,10,175.46
Nuwara Eliya,2013,11,188.4
Nuwara Eliya,2013,12,121.21000000000001
Nuwara Eliya,2014,1,99.82000000000001
Nuwara Eliya,2014,2,34.44
Nuwara Eliya,2014,3,58.589999999999996
Nuwara Eliya,2014,4,202.20000000000002
Nuwara Eliya,2014,5,167.09
Nuwara Eliya,2014,6,109.5
Nuwara Eliya,2014,7,51.46
Nuwara Eliya,2014,8,161.51
Nuwara Eliya,2014,9,174.9
Nuwara Eliya,2014,10,440.2
Nuwara Eliya,2014,11,278.4
Nuwara Eliya,2014,12,573.1899999999999
Nuwara Eliya,2015,1,24.8
Nuwara Eliya,2015,2,157.08
Nuwara Eliya,2015,3,110.67
Nuwara Eliya,2015,4,261.90000000000003
Nuwara Eliya,2015,5,133.92000000000002
Nuwara Eliya,2015,6,129.60000000000002
Nuwara Eliya,2015,7,62.309999999999995
Nuwara Eliya,2015,8,99.51
Nuwara Eliya,2015,9,219.60000000000002
Nuwara Eliya,2015,10,381.3
Nuwara Eliya,2015,11,392.1
Nuwara Eliya,2015,12,262.57
Nuwara Eliya,2016,1,66.64999999999999
Nuwara Eliya,2016,2,75.98
Nuwara Eliya,2016,3,81.22
Nuwara Eliya,2016,4,102.9
Nuwara Eliya,2016,5,414.46999999999997
Nuwara Eliya,2016,6,67.5
Nuwara Eliya,2016,7,62.92999999999999
Nuwara Eliya,2016,8,18.29
Nuwara Eliya,2016,9,16.200000000000003
Nuwara Eliya,2016,10,94.55
Nuwara Eliya,2016,11,222.89999999999998
Nuwara Eliya,2016,12,83.7
Nuwara Eliya,2017,1,43.71
Nuwara Eliya,2017,2,71.39999999999999
Nuwara Eliya,2017,3,221.03
Nuwara Eliya,2017,4,73.8
Nuwara Eliya,2017,5,211.73
Nuwara Eliya,2017,6,67.8
Nuwara Eliya,2017,7,39.06
Nuwara Eliya,2017,8,110.36
Nuwara Eliya,2017,9,107.4
Nuwara Eliya,2017,10,232.81
Nuwara Eliya,2017,11,262.2
Nuwara Eliya,2017,12,215.45000000000002
Nuwara Eliya,2018,1,45.88
Nuwara Eliya,2018,2,72.52
Nuwara Eliya,2018,3,124.93
Nuwara Eliya,2018,4,188.1
Nuwara Eliya,2018,5,348.13
Nuwara Eliya,2018,6,117.6
Nuwara Eliya,2018,7,67.58
Nuwara Eliya,2018,8,74.71000000000001
Nuwara Eliya,2018,9,110.7
Nuwara Eliya,2018,10,196.23
Nuwara Eliya,2018,11,248.1
Nuwara Eliya,2018,12,119.97
Nuwara Eliya,2019,1,41.54
Nuwara Eliya,2019,2,122.08000000000001
Nuwara Eliya,2019,3,29.45
Nuwara Eliya,2019,4,100.8
Nuwara Eliya,2019,5,45.26
Nuwara Eliya,2019,6,63.6
Nuwara Eliya,2019,7,84.32000000000001
Nuwara Eliya,2019,8,177.63000000000002
Nuwara Eliya,2019,9,267.9
Nuwara Eliya,2019,10,408.58
Nuwara Eliya,2019,11,312.9
Nuwara Eliya,2019,12,305.34999999999997
Nuwara Eliya,2020,1,61.38
Nuwara Eliya,2020,2,26.970000000000002
Nuwara Eliya,2020,3,33.480000000000004
Nuwara Eliya,2020,4,120.9
Nuwara Eliya,2020,5,271.25
Nuwara Eliya,2020,6,116.7
Nuwara Eliya,2020,7,124.0
Nuwara Eliya,2020,8,122.14
Nuwara Eliya,2020,9,189.60000000000002
Nuwara Eliya,2020,10,98.89
Nuwara Eliya,2020,11,291.3
Nuwara Eliya,2020,12,238.39000000000001
Nuwara Eliya,2021,1,193.44
Nuwara Eliya,2021,2,57.68
Nuwara Eliya,2021,3,158.41
Nuwara Eliya,2021,4,153.0
Nuwara Eliya,2021,5,302.56
Nuwara Eliya,2021,6,167.7
Nuwara Eliya,2021,7,164.92000000000002
Nuwara Eliya,2021,8,166.78
Nuwara Eliya,2021,9,173.1
Nuwara Eliya,2021,10,339.14
Nuwara Eliya,2021,11,406.2
Nuwara Eliya,2021,12,149.73
Nuwara Eliya,2022,1,107.26
Nuwara Eliya,2022,2,168.84
Nuwara Eliya,2022,3,84.01
Nuwara Eliya,2022,4,398.7
Nuwara Eliya,2022,5,202.11999999999998
Nuwara Eliya,2022,6,78.60000000000001
Nuwara Eliya,2022,7,129.57999999999998
Nuwara Eliya,2022,8,215.76
Nuwara Eliya,2022,9,79.80000000000001
Nuwara Eliya,2022,10,288.61
Nuwara Eliya,2022,11,278.09999999999997
Nuwara Eliya,2022,12,245.52
Nuwara Eliya,2023,1,94.24
Nuwara Eliya,2023,2,125.72
Nuwara Eliya,2023,3,125.85999999999999
Nuwara Eliya,2023,4,174.0
Nuwara Eliya,2023,5,189.41
Nuwara Eliya,2023,6,119.7
Nuwara Eliya,2023,7,83.39
Nuwara Eliya,2023,8,80.28999999999999
Nuwara Eliya,2023,9,340.2
Nuwara Eliya,2023,10,523.59
Nuwara Eliya,2023,11,441.6
Nuwara Eliya,2023,12,428.11
Nuwara Eliya,2024,1,267.84000000000003
Nuwara Eliya,2024,2,27.259999999999998
Nuwara Eliya,2024,3,41.85
Nuwara Eliya,2024,4,105.3
Nuwara Eliya,2024,5,201.81
Nuwara Eliya,2024,6,95.4
Nuwara Eliya,2024,7,78.42999999999999
Nuwara Eliya,2024,8,134.54
Nuwara Eliya,2024,9,66.0
Nuwara Eliya,2024,10,134.85
Nuwara Eliya,2024,11,330.59999999999997
Nuwara Eliya,2024,12,144.77
Nuwara Eliya,2025,1,243.35
Nuwara Eliya,2025,2,81.75999999999999
Nuwara Eliya,2025,3,251.40999999999997
Nuwara Eliya,2025,4,312.6
Nuwara Eliya,2025,5,198.4
Nuwara Eliya,2025,6,93.0
Nuwara Eliya,2025,7,64.48
Nuwara Eliya,2025,8,75.64
Nuwara Eliya,2025,9,157.20000000000002
Nuwara Eliya,2025,10,352.46999999999997
Nuwara Eliya,2025,11,685.5
Nuwara Eliya,2025,12,174.22
Polonnaruwa,1984,1,365.48999999999995
Polonnaruwa,1984,2,326.25
Polonnaruwa,1984,3,135.16
Polonnaruwa,1984,4,250.5
Polonnaruwa,1984,5,39.06
Polonnaruwa,1984,6,18.0
Polonnaruwa,1984,7,211.42000000000002
Polonnaruwa,1984,8,54.56
Polonnaruwa,1984,9,301.8
Polonnaruwa,1984,10,113.46000000000001
Polonnaruwa,1984,11,303.90000000000003
Polonnaruwa,1984,12,95.17
Polonnaruwa,1985,1,117.49
Polonnaruwa,1985,2,98.56
Polonnaruwa,1985,3,88.97
Polonnaruwa,1985,4,39.300000000000004
Polonnaruwa,1985,5,43.4
Polonnaruwa,1985,6,53.7
Polonnaruwa,1985,7,37.82
Polonnaruwa,1985,8,67.58
Polonnaruwa,1985,9,105.3
Polonnaruwa,1985,10,145.39000000000001
Polonnaruwa,1985,11,221.1
Polonnaruwa,1985,12,120.28
Polonnaruwa,1986,1,286.13
Polonnaruwa,1986,2,71.96
Polonnaruwa,1986,3,170.19
Polonnaruwa,1986,4,81.60000000000001
Polonnaruwa,1986,5,52.08
Polonnaruwa,1986,6,22.8
Polonnaruwa,1986,7,35.029999999999994
Polonnaruwa,1986,8,72.85000000000001
Polonnaruwa,1986,9,56.4
Polonnaruwa,1986,10,212.04
Polonnaruwa,1986,11,114.3
Polonnaruwa,1986,12,137.32999999999998
Polonnaruwa,1987,1,133.29999999999998
Polonnaruwa,1987,2,83.16000000000001
Polonnaruwa,1987,3,53.32
Polonnaruwa,1987,4,84.3
Polonnaruwa,1987,5,41.85
Polonnaruwa,1987,6,29.4
Polonnaruwa,1987,7,2.48
Polonnaruwa,1987,8,40.61
Polonnaruwa,1987,9,94.5
Polonnaruwa,1987,10,235.91
Polonnaruwa,1987,11,205.8
Polonnaruwa,1987,12,104.47
Polonnaruwa,1988,1,19.84
Polonnaruwa,1988,2,66.99
Polonnaruwa,1988,3,119.03999999999999
Polonnaruwa,1988,4,180.9
Polonnaruwa,1988,5,17.360000000000003
Polonnaruwa,1988,6,30.900000000000002
Polonnaruwa,1988,7,41.54
Polonnaruwa,1988,8,91.14
Polonnaruwa,1988,9,69.3
Polonnaruwa,1988,10,70.05999999999999
Polonnaruwa,1988,11,169.5
Polonnaruwa,1988,12,78.12
Polonnaruwa,1989,1,107.57000000000001
Polonnaruwa,1989,2,12.04
Polonnaruwa,1989,3,31.62
Polonnaruwa,1989,4,37.5
Polonnaruwa,1989,5,53.94
Polonnaruwa,1989,6,71.39999999999999
Polonnaruwa,1989,7,202.11999999999998
Polonnaruwa,1989,8,18.599999999999998
Polonnaruwa,1989,9,153.0
Polonnaruwa,1989,10,130.51
Polonnaruwa,1989,11,247.5
Polonnaruwa,1989,12,94.24
Polonnaruwa,1990,1,147.86999999999998
Polonnaruwa,1990,2,5.32
Polonnaruwa,1990,3,67.89
Polonnaruwa,1990,4,33.9
Polonnaruwa,1990,5,152.52
Polonnaruwa,1990,6,30.3
Polonnaruwa,1990,7,12.09
Polonnaruwa,1990,8,126.17000000000002
Polonnaruwa,1990,9,45.6
Polonnaruwa,1990,10,166.16
Polonnaruwa,1990,11,69.0
Polonnaruwa,1990,12,106.64
Polonnaruwa,1991,1,45.26
Polonnaruwa,1991,2,4.2
Polonnaruwa,1991,3,26.04
Polonnaruwa,1991,4,39.6
Polonnaruwa,1991,5,51.769999999999996
Polonnaruwa,1991,6,74.10000000000001
Polonnaruwa,1991,7,29.45
Polonnaruwa,1991,8,24.490000000000002
Polonnaruwa,1991,9,53.1
Polonnaruwa,1991,10,245.21
Polonnaruwa,1991,11,217.20000000000002
Polonnaruwa,1991,12,108.19000000000001
Polonnaruwa,1992,1,20.46
Polonnaruwa,1992,2,0.29
Polonnaruwa,1992,3,0.0
Polonnaruwa,1992,4,53.4
Polonnaruwa,1992,5,97.03
Polonnaruwa,1992,6,52.8
Polonnaruwa,1992,7,64.48
Polonnaruwa,1992,8,56.730000000000004
Polonnaruwa,1992,9,119.7
Polonnaruwa,1992,10,98.58
Polonnaruwa,1992,11,321.6
Polonnaruwa,1992,12,223.51
Polonnaruwa,1993,1,8.06
Polonnaruwa,1993,2,11.479999999999999
Polonnaruwa,1993,3,24.18
Polonnaruwa,1993,4,51.0
Polonnaruwa,1993,5,75.64
Polonnaruwa,1993,6,91.8
Polonnaruwa,1993,7,48.050000000000004
Polonnaruwa,1993,8,37.199999999999996
Polonnaruwa,1993,9,32.400000000000006
Polonnaruwa,1993,10,255.75
Polonnaruwa,1993,11,323.4
Polonnaruwa,1993,12,333.87
Polonnaruwa,1994,1,155.0
Polonnaruwa,1994,2,175.28
Polonnaruwa,1994,3,29.139999999999997
Polonnaruwa,1994,4,62.400000000000006
Polonnaruwa,1994,5,108.19000000000001
Polonnaruwa,1994,6,11.700000000000001
Polonnaruwa,1994,7,28.52
Polonnaruwa,1994,8,17.98
Polonnaruwa,1994,9,65.4
Polonnaruwa,1994,10,186.61999999999998
Polonnaruwa,1994,11,120.6
Polonnaruwa,1994,12,44.949999999999996
Polonnaruwa,1995,1,43.4
Polonnaruwa,1995,2,11.479999999999999
Polonnaruwa,1995,3,1.8599999999999999
Polonnaruwa,1995,4,26.7
Polonnaruwa,1995,5,22.63
Polonnaruwa,1995,6,6.9
Polonnaruwa,1995,7,4.96
Polonnaruwa,1995,8,10.85
Polonnaruwa,1995,9,5.1000000000000005
Polonnaruwa,1995,10,57.970000000000006
Polonnaruwa,1995,11,72.6
Polonnaruwa,1995,12,26.66
Polonnaruwa,1996,1,16.43
Polonnaruwa,1996,2,22.330000000000002
Polonnaruwa,1996,3,0.9299999999999999
Polonnaruwa,1996,4,30.6
Polonnaruwa,1996,5,19.84
Polonnaruwa,1996,6,74.10000000000001
Polonnaruwa,1996,7,6.82
Polonnaruwa,1996,8,21.7
Polonnaruwa,1996,9,36.0
Polonnaruwa,1996,10,47.74
Polonnaruwa,1996,11,61.49999999999999
Polonnaruwa,1996,12,31.62
Polonnaruwa,1997,1,5.2700000000000005
Polonnaruwa,1997,2,3.64
Polonnaruwa,1997,3,10.23
Polonnaruwa,1997,4,49.199999999999996
Polonnaruwa,1997,5,95.78999999999999
Polonnaruwa,1997,6,30.6
Polonnaruwa,1997,7,67.58
Polonnaruwa,1997,8,31.62
Polonnaruwa,1997,9,115.5
Polonnaruwa,1997,10,182.59
Polonnaruwa,1997,11,187.5
Polonnaruwa,1997,12,173.6
Polonnaruwa,1998,1,45.57
Polonnaruwa,1998,2,5.88
Polonnaruwa,1998,3,20.150000000000002
Polonnaruwa,1998,4,33.0
Polonnaruwa,1998,5,130.20000000000002
Polonnaruwa,1998,6,30.0
Polonnaruwa,1998,7,66.64999999999999
Polonnaruwa,1998,8,58.279999999999994
Polonnaruwa,1998,9,47.7
Polonnaruwa,1998,10,128.96
Polonnaruwa,1998,11,206.7
Polonnaruwa,1998,12,284.27
Polonnaruwa,1999,1,287.06
Polonnaruwa,1999,2,144.48000000000002
Polonnaruwa,1999,3,15.81
Polonnaruwa,1999,4,119.7
Polonnaruwa,1999,5,55.49
Polonnaruwa,1999,6,35.699999999999996
Polonnaruwa,1999,7,35.65
Polonnaruwa,1999,8,35.96
Polonnaruwa,1999,9,111.60000000000001
Polonnaruwa,1999,10,132.99
Polonnaruwa,1999,11,258.90000000000003
Polonnaruwa,1999,12,98.89
Polonnaruwa,2000,1,39.06
Polonnaruwa,2000,2,93.67
Polonnaruwa,2000,3,18.29
Polonnaruwa,2000,4,63.3
Polonnaruwa,2000,5,43.4
Polonnaruwa,2000,6,36.9
Polonnaruwa,2000,7,114.7
Polonnaruwa,2000,8,42.779999999999994
Polonnaruwa,2000,9,90.3
Polonnaruwa,2000,10,62.0
Polonnaruwa,2000,11,338.09999999999997
Polonnaruwa,2000,12,150.35
Polonnaruwa,2001,1,160.57999999999998
Polonnaruwa,2001,2,79.24000000000001
Polonnaruwa,2001,3,0.31
Polonnaruwa,2001,4,123.89999999999999
Polonnaruwa,2001,5,29.139999999999997
Polonnaruwa,2001,6,114.9
Polonnaruwa,2001,7,120.28
Polonnaruwa,2001,8,12.709999999999999
Polonnaruwa,2001,9,66.9
Polonnaruwa,2001,10,116.25
Polonnaruwa,2001,11,200.39999999999998
Polonnaruwa,2001,12,236.84
Polonnaruwa,2002,1,92.38
Polonnaruwa,2002,2,112.0
Polonnaruwa,2002,3,31.31
Polonnaruwa,2002,4,84.3
Polonnaruwa,2002,5,74.09
Polonnaruwa,2002,6,49.199999999999996
Polonnaruwa,2002,7,8.99
Polonnaruwa,2002,8,46.19
Polonnaruwa,2002,9,27.900000000000002
Polonnaruwa,2002,10,195.60999999999999
Polonnaruwa,2002,11,220.2
Polonnaruwa,2002,12,389.05
Polonnaruwa,2003,1,159.65
Polonnaruwa,2003,2,89.60000000000001
Polonnaruwa,2003,3,81.53
Polonnaruwa,2003,4,43.199999999999996
Polonnaruwa,2003,5,84.63
Polonnaruwa,2003,6,19.8
Polonnaruwa,2003,7,28.21
Polonnaruwa,2003,8,21.080000000000002
Polonnaruwa,2003,9,55.5
Polonnaruwa,2003,10,78.42999999999999
Polonnaruwa,2003,11,416.40000000000003
Polonnaruwa,2003,12,58.589999999999996
Polonnaruwa,2004,1,75.64
Polonnaruwa,2004,2,64.96000000000001
Polonnaruwa,2004,3,55.49
Polonnaruwa,2004,4,62.099999999999994
Polonnaruwa,2004,5,114.7
Polonnaruwa,2004,6,29.099999999999998
Polonnaruwa,2004,7,42.160000000000004
Polonnaruwa,2004,8,25.110000000000003
Polonnaruwa,2004,9,184.2
Polonnaruwa,2004,10,279.0
Polonnaruwa,2004,11,276.3
Polonnaruwa,2004,12,480.19
Polonnaruwa,2005,1,173.91
Polonnaruwa,2005,2,19.599999999999998
Polonnaruwa,2005,3,51.46
Polonnaruwa,2005,4,138.0
Polonnaruwa,2005,5,44.64
Polonnaruwa,2005,6,17.7
Polonnaruwa,2005,7,32.24
Polonnaruwa,2005,8,28.21
Polonnaruwa,2005,9,51.9
Polonnaruwa,2005,10,165.54
Polonnaruwa,2005,11,370.5
Polonnaruwa,2005,12,124.30999999999999
Polonnaruwa,2006,1,203.35999999999999
Polonnaruwa,2006,2,70.83999999999999
Polonnaruwa,2006,3,79.98
Polonnaruwa,2006,4,44.4
Polonnaruwa,2006,5,63.24
Polonnaruwa,2006,6,15.9
Polonnaruwa,2006,7,30.38
Polonnaruwa,2006,8,65.41
Polonnaruwa,2006,9,52.2
Polonnaruwa,2006,10,265.05
Polonnaruwa,2006,11,309.0
Polonnaruwa,2006,12,221.96
Polonnaruwa,2007,1,117.49
Polonnaruwa,2007,2,89.04
Polonnaruwa,2007,3,15.19
Polonnaruwa,2007,4,211.2
Polonnaruwa,2007,5,19.22
Polonnaruwa,2007,6,54.0
Polonnaruwa,2007,7,65.72
Polonnaruwa,2007,8,41.85
Polonnaruwa,2007,9,60.3
Polonnaruwa,2007,10,202.11999999999998
Polonnaruwa,2007,11,142.20000000000002
Polonnaruwa,2007,12,298.21999999999997
Polonnaruwa,2008,1,131.75
Polonnaruwa,2008,2,127.30999999999999
Polonnaruwa,2008,3,319.3
Polonnaruwa,2008,4,119.10000000000001
Polonnaruwa,2008,5,3.7199999999999998
Polonnaruwa,2008,6,67.8
Polonnaruwa,2008,7,31.62
Polonnaruwa,2008,8,35.96
Polonnaruwa,2008,9,19.2
Polonnaruwa,2008,10,138.57
Polonnaruwa,2008,11,255.29999999999998
Polonnaruwa,2008,12,177.32
Polonnaruwa,2009,1,112.22
Polonnaruwa,2009,2,0.28
Polonnaruwa,2009,3,163.36999999999998
Polonnaruwa,2009,4,218.4
Polonnaruwa,2009,5,22.63
Polonnaruwa,2009,6,9.3
Polonnaruwa,2009,7,12.09
Polonnaruwa,2009,8,67.89
Polonnaruwa,2009,9,28.5
Polonnaruwa,2009,10,129.89000000000001
Polonnaruwa,2009,11,446.40000000000003
Polonnaruwa,2009,12,318.68
Polonnaruwa,2010,1,87.42
Polonnaruwa,2010,2,46.76
Polonnaruwa,2010,3,41.230000000000004
Polonnaruwa,2010,4,152.4
Polonnaruwa,2010,5,98.89
Polonnaruwa,2010,6,49.199999999999996
Polonnaruwa,2010,7,73.78
Polonnaruwa,2010,8,132.36999999999998
Polonnaruwa,2010,9,184.2
Polonnaruwa,2010,10,149.73
Polonnaruwa,2010,11,461.70000000000005
Polonnaruwa,2010,12,591.17
Polonnaruwa,2011,1,757.33
Polonnaruwa,2011,2,481.88
Polonnaruwa,2011,3,113.77
Polonnaruwa,2011,4,257.7
Polonnaruwa,2011,5,53.94
Polonnaruwa,2011,6,12.9
Polonnaruwa,2011,7,30.38
Polonnaruwa,2011,8,74.39999999999999
Polonnaruwa,2011,9,71.7
Polonnaruwa,2011,10,416.95
Polonnaruwa,2011,11,368.4
Polonnaruwa,2011,12,295.43
Polonnaruwa,2012,1,48.980000000000004
Polonnaruwa,2012,2,143.55
Polonnaruwa,2012,3,56.11
Polonnaruwa,2012,4,151.5
Polonnaruwa,2012,5,3.1
Polonnaruwa,2012,6,18.0
Polonnaruwa,2012,7,45.88
Polonnaruwa,2012,8,22.009999999999998
Polonnaruwa,2012,9,84.9
Polonnaruwa,2012,10,472.13
Polonnaruwa,2012,11,276.0
Polonnaruwa,2012,12,638.29
Polonnaruwa,2013,1,343.79
Polonnaruwa,2013,2,268.52
Polonnaruwa,2013,3,189.41
Polonnaruwa,2013,4,83.7
Polonnaruwa,2013,5,111.60000000000001
Polonnaruwa,2013,6,42.9
Polonnaruwa,2013,7,56.11
Polonnaruwa,2013,8,71.3
Polonnaruwa,2013,9,59.7
Polonnaruwa,2013,10,75.64
Polonnaruwa,2013,11,189.9
Polonnaruwa,2013,12,186.0
Polonnaruwa,2014,1,175.77
Polonnaruwa,2014,2,54.04
Polonnaruwa,2014,3,15.5
Polonnaruwa,2014,4,85.8
Polonnaruwa,2014,5,145.70000000000002
Polonnaruwa,2014,6,7.800000000000001
Polonnaruwa,2014,7,12.4
Polonnaruwa,2014,8,87.42
Polonnaruwa,2014,9,105.0
Polonnaruwa,2014,10,258.84999999999997
Polonnaruwa,2014,11,428.7
Polonnaruwa,2014,12,827.6999999999999
Polonnaruwa,2015,1,19.84
Polonnaruwa,2015,2,196.0
Polonnaruwa,2015,3,88.66
Polonnaruwa,2015,4,203.7
Polonnaruwa,2015,5,238.39000000000001
Polonnaruwa,2015,6,34.199999999999996
Polonnaruwa,2015,7,9.299999999999999
Polonnaruwa,2015,8,62.62
Polonnaruwa,2015,9,174.9
Polonnaruwa,2015,10,406.40999999999997
Polonnaruwa,2015,11,548.1
Polonnaruwa,2015,12,336.34999999999997
Polonnaruwa,2016,1,127.1
Polonnaruwa,2016,2,40.019999999999996
Polonnaruwa,2016,3,58.9
Polonnaruwa,2016,4,74.10000000000001
Polonnaruwa,2016,5,401.14
Polonnaruwa,2016,6,16.8
Polonnaruwa,2016,7,25.419999999999998
Polonnaruwa,2016,8,5.2700000000000005
Polonnaruwa,2016,9,1.5
Polonnaruwa,2016,10,104.16
Polonnaruwa,2016,11,315.0
Polonnaruwa,2016,12,83.08
Polonnaruwa,2017,1,96.72
Polonnaruwa,2017,2,92.12
Polonnaruwa,2017,3,227.23
Polonnaruwa,2017,4,55.800000000000004
Polonnaruwa,2017,5,113.77
Polonnaruwa,2017,6,13.8
Polonnaruwa,2017,7,14.26
Polonnaruwa,2017,8,85.55999999999999
Polonnaruwa,2017,9,84.0
Polonnaruwa,2017,10,250.79
Polonnaruwa,2017,11,360.0
Polonnaruwa,2017,12,147.86999999999998
Polonnaruwa,2018,1,51.46
Polonnaruwa,2018,2,131.32000000000002
Polonnaruwa,2018,3,96.72
Polonnaruwa,2018,4,133.8
Polonnaruwa,2018,5,297.29
Polonnaruwa,2018,6,29.099999999999998
Polonnaruwa,2018,7,11.16
Polonnaruwa,2018,8,18.599999999999998
Polonnaruwa,2018,9,52.2
Polonnaruwa,2018,10,300.08
Polonnaruwa,2018,11,306.6
Polonnaruwa,2018,12,119.66
Polonnaruwa,2019,1,38.44
Polonnaruwa,2019,2,125.16
Polonnaruwa,2019,3,10.85
Polonnaruwa,2019,4,79.5
Polonnaruwa,2019,5,9.61
Polonnaruwa,2019,6,12.6
Polonnaruwa,2019,7,15.81
Polonnaruwa,2019,8,72.53999999999999
Polonnaruwa,2019,9,126.0
Polonnaruwa,2019,10,394.32
Polonnaruwa,2019,11,347.1
Polonnaruwa,2019,12,611.3199999999999
Polonnaruwa,2020,1,59.83
Polonnaruwa,2020,2,29.87
Polonnaruwa,2020,3,19.22
Polonnaruwa,2020,4,86.10000000000001
Polonnaruwa,2020,5,185.38000000000002
Polonnaruwa,2020,6,94.5
Polonnaruwa,2020,7,80.60000000000001
Polonnaruwa,2020,8,24.490000000000002
Polonnaruwa,2020,9,113.1
Polonnaruwa,2020,10,39.06
Polonnaruwa,2020,11,385.5
Polonnaruwa,2020,12,483.90999999999997
Polonnaruwa,2021,1,381.92
Polonnaruwa,2021,2,54.32
Polonnaruwa,2021,3,63.55
Polonnaruwa,2021,4,129.60000000000002
Polonnaruwa,2021,5,127.1
Polonnaruwa,2021,6,59.1
Polonnaruwa,2021,7,89.28
Polonnaruwa,2021,8,40.61
Polonnaruwa,2021,9,94.5
Polonnaruwa,2021,10,422.84000000000003
Polonnaruwa,2021,11,509.69999999999993
Polonnaruwa,2021,12,179.79999999999998
Polonnaruwa,2022,1,200.26
Polonnaruwa,2022,2,198.24
Polonnaruwa,2022,3,52.39
Polonnaruwa,2022,4,263.4
Polonnaruwa,2022,5,61.07
Polonnaruwa,2022,6,29.7
Polonnaruwa,2022,7,93.0
Polonnaruwa,2022,8,117.49
Polonnaruwa,2022,9,60.0
Polonnaruwa,2022,10,367.65999999999997
Polonnaruwa,2022,11,265.2
Polonnaruwa,2022,12,334.8
Polonnaruwa,2023,1,174.22
Polonnaruwa,2023,2,353.92
Polonnaruwa,2023,3,101.37
Polonnaruwa,2023,4,129.29999999999998
Polonnaruwa,2023,5,122.76
Polonnaruwa,2023,6,19.8
Polonnaruwa,2023,7,10.23
Polonnaruwa,2023,8,24.8
Polonnaruwa,2023,9,122.99999999999999
Polonnaruwa,2023,10,532.89
Polonnaruwa,2023,11,723.6
Polonnaruwa,2023,12,734.6999999999999
Polonnaruwa,2024,1,360.84000000000003
Polonnaruwa,2024,2,23.490000000000002
Polonnaruwa,2024,3,42.779999999999994
Polonnaruwa,2024,4,51.0
Polonnaruwa,2024,5,225.99
Polonnaruwa,2024,6,31.200000000000003
Polonnaruwa,2024,7,13.02
Polonnaruwa,2024,8,136.4
Polonnaruwa,2024,9,27.6
Polonnaruwa,2024,10,198.71
Polonnaruwa,2024,11,599.0999999999999
Polonnaruwa,2024,12,195.60999999999999
Polonnaruwa,2025,1,378.2
Polonnaruwa,2025,2,90.16000000000001
Polonnaruwa,2025,3,148.79999999999998
Polonnaruwa,2025,4,234.29999999999998
Polonnaruwa,2025,5,109.42999999999999
Polonnaruwa,2025,6,19.8
Polonnaruwa,2025,7,9.92
Polonnaruwa,2025,8,33.79
Polonnaruwa,2025,9,65.1
Polonnaruwa,2025,10,274.34999999999997
Polonnaruwa,2025,11,848.4000000000001
Polonnaruwa,2025,12,248.61999999999998
Puttalam,1984,1,305.505
Puttalam,1984,2,267.815
Puttalam,1984,3,175.46
Puttalam,1984,4,309.29999999999995
Puttalam,1984,5,63.55
Puttalam,1984,6,37.35
Puttalam,1984,7,125.705
Puttalam,1984,8,12.865
Puttalam,1984,9,225.29999999999998
Puttalam,1984,10,130.20000000000002
Puttalam,1984,11,278.55
Puttalam,1984,12,59.519999999999996
Puttalam,1985,1,124.0
Puttalam,1985,2,126.56
Puttalam,1985,3,58.59
Puttalam,1985,4,71.4
Puttalam,1985,5,110.97999999999999
Puttalam,1985,6,50.699999999999996
Puttalam,1985,7,27.9
Puttalam,1985,8,54.715
Puttalam,1985,9,98.25
Puttalam,1985,10,101.835
Puttalam,1985,11,284.4
Puttalam,1985,12,117.64500000000001
Puttalam,1986,1,129.115
Puttalam,1986,2,47.32000000000001
Puttalam,1986,3,99.19999999999999
Puttalam,1986,4,113.1
Puttalam,1986,5,93.775
Puttalam,1986,6,16.5
Puttalam,1986,7,15.81
Puttalam,1986,8,37.974999999999994
Puttalam,1986,9,52.05
Puttalam,1986,10,172.36
Puttalam,1986,11,104.25
Puttalam,1986,12,94.39500000000001
Puttalam,1987,1,40.455
Puttalam,1987,2,2.9400000000000004
Puttalam,1987,3,26.505
Puttalam,1987,4,126.9
Puttalam,1987,5,68.045
Puttalam,1987,6,27.75
Puttalam,1987,7,6.51
Puttalam,1987,8,61.845
Puttalam,1987,9,102.75
Puttalam,1987,10,265.82500000000005
Puttalam,1987,11,191.25
Puttalam,1987,12,114.39000000000001
Puttalam,1988,1,10.54
Puttalam,1988,2,39.44
Puttalam,1988,3,52.08
Puttalam,1988,4,240.0
Puttalam,1988,5,27.435000000000002
Puttalam,1988,6,60.900000000000006
Puttalam,1988,7,47.585
Puttalam,1988,8,80.6
Puttalam,1988,9,122.7
Puttalam,1988,10,62.620000000000005
Puttalam,1988,11,150.3
Puttalam,1988,12,55.18
Puttalam,1989,1,29.605
Puttalam,1989,2,2.38
Puttalam,1989,3,37.044999999999995
Puttalam,1989,4,63.45
Puttalam,1989,5,63.239999999999995
Puttalam,1989,6,69.75
Puttalam,1989,7,128.64999999999998
Puttalam,1989,8,26.04
Puttalam,1989,9,147.75
Puttalam,1989,10,212.195
Puttalam,1989,11,203.7
Puttalam,1989,12,61.379999999999995
Puttalam,1990,1,165.075
Puttalam,1990,2,7.42
Puttalam,1990,3,53.785
Puttalam,1990,4,59.55
Puttalam,1990,5,160.735
Puttalam,1990,6,16.65
Puttalam,1990,7,25.11
Puttalam,1990,8,59.05499999999999
Puttalam,1990,9,37.65
Puttalam,1990,10,235.6
Puttalam,1990,11,118.05000000000001
Puttalam,1990,12,73.315
Puttalam,1991,1,37.665000000000006
Puttalam,1991,2,3.92
Puttalam,1991,3,42.47
Puttalam,1991,4,85.35000000000001
Puttalam,1991,5,94.08500000000001
Puttalam,1991,6,100.19999999999999
Puttalam,1991,7,35.96
Puttalam,1991,8,23.715
Puttalam,1991,9,28.35
Puttalam,1991,10,248.31
Puttalam,1991,11,253.64999999999998
Puttalam,1991,12,100.44
Puttalam,1992,1,6.51
Puttalam,1992,2,0.8700000000000001
Puttalam,1992,3,0.0
Puttalam,1992,4,100.80000000000001
Puttalam,1992,5,116.25
Puttalam,1992,6,55.5
Puttalam,1992,7,58.745
Puttalam,1992,8,32.86
Puttalam,1992,9,81.0
Puttalam,1992,10,200.41500000000002
Puttalam,1992,11,228.9
Puttalam,1992,12,128.65
Puttalam,1993,1,3.875
Puttalam,1993,2,3.9200000000000004
Puttalam,1993,3,51.46
Puttalam,1993,4,114.44999999999999
Puttalam,1993,5,93.77499999999999
Puttalam,1993,6,43.8
Puttalam,1993,7,37.975
Puttalam,1993,8,14.879999999999999
Puttalam,1993,9,38.25
Puttalam,1993,10,306.43499999999995
Puttalam,1993,11,315.0
Puttalam,1993,12,318.21500000000003
Puttalam,1994,1,65.565
Puttalam,1994,2,135.94
Puttalam,1994,3,35.805
Puttalam,1994,4,117.0
Puttalam,1994,5,105.86500000000001
Puttalam,1994,6,22.5
Puttalam,1994,7,37.045
Puttalam,1994,8,12.555
Puttalam,1994,9,52.8
Puttalam,1994,10,248.0
Puttalam,1994,11,78.15
Puttalam,1994,12,17.515
Puttalam,1995,1,17.825000000000003
Puttalam,1995,2,8.26
Puttalam,1995,3,7.595000000000001
Puttalam,1995,4,51.150000000000006
Puttalam,1995,5,52.39
Puttalam,1995,6,18.450000000000003
Puttalam,1995,7,10.85
Puttalam,1995,8,11.47
Puttalam,1995,9,15.3
Puttalam,1995,10,70.06
Puttalam,1995,11,72.9
Puttalam,1995,12,7.595000000000001
Puttalam,1996,1,17.515
Puttalam,1996,2,17.4
Puttalam,1996,3,0.9299999999999999
Puttalam,1996,4,50.4
Puttalam,1996,5,7.285
Puttalam,1996,6,58.35
Puttalam,1996,7,14.879999999999999
Puttalam,1996,8,27.59
Puttalam,1996,9,34.2
Puttalam,1996,10,92.535
Puttalam,1996,11,69.0
Puttalam,1996,12,48.36
Puttalam,1997,1,2.9450000000000003
Puttalam,1997,2,7.5600000000000005
Puttalam,1997,3,5.58
Puttalam,1997,4,50.1
Puttalam,1997,5,73.16
Puttalam,1997,6,28.200000000000003
Puttalam,1997,7,50.065
Puttalam,1997,8,21.39
Puttalam,1997,9,90.9
Puttalam,1997,10,184.76
Puttalam,1997,11,268.8
Puttalam,1997,12,132.68
Puttalam,1998,1,25.73
Puttalam,1998,2,2.1
Puttalam,1998,3,14.725
Puttalam,1998,4,54.6
Puttalam,1998,5,179.8
Puttalam,1998,6,31.650000000000002
Puttalam,1998,7,79.515
Puttalam,1998,8,58.435
Puttalam,1998,9,61.2
Puttalam,1998,10,130.665
Puttalam,1998,11,246.14999999999998
Puttalam,1998,12,279.92999999999995
Puttalam,1999,1,114.235
Puttalam,1999,2,88.34
Puttalam,1999,3,15.655000000000001
Puttalam,1999,4,144.15
Puttalam,1999,5,77.345
Puttalam,1999,6,34.95
Puttalam,1999,7,23.56
Puttalam,1999,8,26.97
Puttalam,1999,9,68.25
Puttalam,1999,10,175.305
Puttalam,1999,11,140.10000000000002
Puttalam,1999,12,61.535
Puttalam,2000,1,22.01
Puttalam,2000,2,60.03
Puttalam,2000,3,15.809999999999999
Puttalam,2000,4,66.9
Puttalam,2000,5,50.995000000000005
Puttalam,2000,6,49.8
Puttalam,2000,7,73.47
Puttalam,2000,8,66.34
Puttalam,2000,9,86.25
Puttalam,2000,10,57.97
Puttalam,2000,11,227.10000000000002
Puttalam,2000,12,116.56
Puttalam,2001,1,71.45500000000001
Puttalam,2001,2,51.519999999999996
Puttalam,2001,3,0.775
Puttalam,2001,4,196.95
Puttalam,2001,5,46.035
Puttalam,2001,6,119.39999999999999
Puttalam,2001,7,68.19999999999999
Puttalam,2001,8,9.455
Puttalam,2001,9,67.65
Puttalam,2001,10,112.53
Puttalam,2001,11,166.5
Puttalam,2001,12,121.52000000000001
Puttalam,2002,1,28.365000000000002
Puttalam,2002,2,61.31999999999999
Puttalam,2002,3,37.82
Puttalam,2002,4,168.0
Puttalam,2002,5,86.18
Puttalam,2002,6,31.500000000000004
Puttalam,2002,7,7.75
Puttalam,2002,8,30.689999999999998
Puttalam,2002,9,14.399999999999999
Puttalam,2002,10,307.52
Puttalam,2002,11,166.95000000000002
Puttalam,2002,12,163.06
Puttalam,2003,1,74.71
Puttalam,2003,2,43.400000000000006
Puttalam,2003,3,82.14999999999999
Puttalam,2003,4,91.94999999999999
Puttalam,2003,5,104.625
Puttalam,2003,6,47.25
Puttalam,2003,7,32.55
Puttalam,2003,8,37.975
Puttalam,2003,9,35.4
Puttalam,2003,10,141.98
Puttalam,2003,11,209.25
Puttalam,2003,12,33.635
Puttalam,2004,1,11.469999999999999
Puttalam,2004,2,12.905000000000001
Puttalam,2004,3,38.44
Puttalam,2004,4,73.2
Puttalam,2004,5,144.305
Puttalam,2004,6,41.4
Puttalam,2004,7,24.645
Puttalam,2004,8,19.685000000000002
Puttalam,2004,9,107.55000000000001
Puttalam,2004,10,223.51
Puttalam,2004,11,191.7
Puttalam,2004,12,151.745
Puttalam,2005,1,75.33
Puttalam,2005,2,18.759999999999998
Puttalam,2005,3,62.31
Puttalam,2005,4,160.2
Puttalam,2005,5,48.980000000000004
Puttalam,2005,6,31.35
Puttalam,2005,7,39.525
Puttalam,2005,8,22.474999999999998
Puttalam,2005,9,26.85
Puttalam,2005,10,220.41
Puttalam,2005,11,325.35
Puttalam,2005,12,97.495
Puttalam,2006,1,101.06
Puttalam,2006,2,26.740000000000002
Puttalam,2006,3,147.87
Puttalam,2006,4,64.5
Puttalam,2006,5,76.105
Puttalam,2006,6,21.0
Puttalam,2006,7,24.025
Puttalam,2006,8,70.835
Puttalam,2006,9,99.15
Puttalam,2006,10,395.25
Puttalam,2006,11,287.85
Puttalam,2006,12,85.715
Puttalam,2007,1,43.09
Puttalam,2007,2,26.740000000000002
Puttalam,2007,3,8.99
Puttalam,2007,4,156.6
Puttalam,2007,5,22.475
Puttalam,2007,6,43.2
Puttalam,2007,7,33.17
Puttalam,2007,8,31.619999999999997
Puttalam,2007,9,91.5
Puttalam,2007,10,269.545
Puttalam,2007,11,156.6
Puttalam,2007,12,195.45499999999998
Puttalam,2008,1,23.560000000000002
Puttalam,2008,2,79.025
Puttalam,2008,3,241.49
Puttalam,2008,4,162.6
Puttalam,2008,5,13.02
Puttalam,2008,6,18.45
Puttalam,2008,7,42.78
Puttalam,2008,8,44.175
Puttalam,2008,9,26.1
Puttalam,2008,10,219.17000000000002
Puttalam,2008,11,202.95
Puttalam,2008,12,121.055
Puttalam,2009,1,34.72
Puttalam,2009,2,0.0
Puttalam,2009,3,134.85000000000002
Puttalam,2009,4,119.4
Puttalam,2009,5,26.814999999999998
Puttalam,2009,6,28.5
Puttalam,2009,7,19.22
Puttalam,2009,8,91.75999999999999
Puttalam,2009,9,30.9
Puttalam,2009,10,83.69999999999999
Puttalam,2009,11,328.95000000000005
Puttalam,2009,12,204.91
Puttalam,2010,1,47.894999999999996
Puttalam,2010,2,7.140000000000001
Puttalam,2010,3,36.89
Puttalam,2010,4,151.35
Puttalam,2010,5,85.715
Puttalam,2010,6,27.9
Puttalam,2010,7,46.654999999999994
Puttalam,2010,8,84.16499999999999
Puttalam,2010,9,193.35
Puttalam,2010,10,151.9
Puttalam,2010,11,385.95000000000005
Puttalam,2010,12,309.845
Puttalam,2011,1,184.605
Puttalam,2011,2,167.86
Puttalam,2011,3,31.155
Puttalam,2011,4,233.39999999999998
Puttalam,2011,5,35.03
Puttalam,2011,6,15.15
Puttalam,2011,7,26.04
Puttalam,2011,8,57.04
Puttalam,2011,9,30.299999999999997
Puttalam,2011,10,235.445
Puttalam,2011,11,287.7
Puttalam,2011,12,122.60500000000002
Puttalam,2012,1,31.155
Puttalam,2012,2,39.73
Puttalam,2012,3,60.915
Puttalam,2012,4,134.25
Puttalam,2012,5,9.145
Puttalam,2012,6,19.2
Puttalam,2012,7,25.42
Puttalam,2012,8,28.985000000000003
Puttalam,2012,9,47.25
Puttalam,2012,10,425.94
Puttalam,2012,11,180.89999999999998
Puttalam,2012,12,391.53000000000003
Puttalam,2013,1,142.6
Puttalam,2013,2,107.66
Puttalam,2013,3,160.115
Puttalam,2013,4,63.75
Puttalam,2013,5,79.98
Puttalam,2013,6,34.2
Puttalam,2013,7,26.35
Puttalam,2013,8,49.44500000000001
Puttalam,2013,9,77.39999999999999
Puttalam,2013,10,119.66
Puttalam,2013,11,193.05
Puttalam,2013,12,92.845
Puttalam,2014,1,104.315
Puttalam,2014,2,15.4
Puttalam,2014,3,13.95
Puttalam,2014,4,167.1
Puttalam,2014,5,132.215
Puttalam,2014,6,10.8
Puttalam,2014,7,8.99
Puttalam,2014,8,73.005
Puttalam,2014,9,130.35
Puttalam,2014,10,293.105
Puttalam,2014,11,309.75
Puttalam,2014,12,438.805
Puttalam,2015,1,6.82
Puttalam,2015,2,79.38
Puttalam,2015,3,65.255
Puttalam,2015,4,218.7
Puttalam,2015,5,171.43
Puttalam,2015,6,24.0
Puttalam,2015,7,7.129999999999999
Puttalam,2015,8,56.574999999999996
Puttalam,2015,9,128.85
Puttalam,2015,10,260.55499999999995
Puttalam,2015,11,429.0
Puttalam,2015,12,253.26999999999998
Puttalam,2016,1,35.495
Puttalam,2016,2,36.105
Puttalam,2016,3,26.040000000000006
Puttalam,2016,4,59.55
Puttalam,2016,5,363.475
Puttalam,2016,6,34.05
Puttalam,2016,7,19.064999999999998
Puttalam,2016,8,7.13
Puttalam,2016,9,3.15
Puttalam,2016,10,67.58
Puttalam,2016,11,207.6
Puttalam,2016,12,52.545
Puttalam,2017,1,71.3
Puttalam,2017,2,28.84
Puttalam,2017,3,123.225
Puttalam,2017,4,52.349999999999994
Puttalam,2017,5,105.71000000000001
Puttalam,2017,6,19.65
Puttalam,2017,7,13.175
Puttalam,2017,8,62.62
Puttalam,2017,9,73.94999999999999
Puttalam,2017,10,112.065
Puttalam,2017,11,185.4
Puttalam,2017,12,87.11
Puttalam,2018,1,19.84
Puttalam,2018,2,28.979999999999997
Puttalam,2018,3,47.739999999999995
Puttalam,2018,4,118.5
Puttalam,2018,5,265.20500000000004
Puttalam,2018,6,31.049999999999997
Puttalam,2018,7,11.004999999999999
Puttalam,2018,8,25.42
Puttalam,2018,9,46.35
Puttalam,2018,10,245.365
Puttalam,2018,11,199.04999999999998
Puttalam,2018,12,80.91
Puttalam,2019,1,1.5499999999999998
Puttalam,2019,2,67.06
Puttalam,2019,3,10.229999999999999
Puttalam,2019,4,76.65
Puttalam,2019,5,5.27
Puttalam,2019,6,23.549999999999997
Puttalam,2019,7,11.315000000000001
Puttalam,2019,8,87.11
Puttalam,2019,9,157.2
Puttalam,2019,10,411.68
Puttalam,2019,11,224.55
Puttalam,2019,12,279.155
Puttalam,2020,1,18.134999999999998
Puttalam,2020,2,10.875
Puttalam,2020,3,13.330000000000002
Puttalam,2020,4,99.9
Puttalam,2020,5,146.94
Puttalam,2020,6,54.45
Puttalam,2020,7,73.16
Puttalam,2020,8,32.24
Puttalam,2020,9,157.05
Puttalam,2020,10,55.18
Puttalam,2020,11,309.15
Puttalam,2020,12,259.16
Puttalam,2021,1,259.625
Puttalam,2021,2,20.86
Puttalam,2021,3,46.655
Puttalam,2021,4,106.8
Puttalam,2021,5,173.91000000000003
Puttalam,2021,6,66.60000000000001
Puttalam,2021,7,82.77
Puttalam,2021,8,30.380000000000003
Puttalam,2021,9,96.15
Puttalam,2021,10,325.19
Puttalam,2021,11,478.5
Puttalam,2021,12,76.415
Puttalam,2022,1,60.605000000000004
Puttalam,2022,2,79.38
Puttalam,2022,3,39.525
Puttalam,2022,4,250.20000000000002
Puttalam,2022,5,91.60499999999999
Puttalam,2022,6,31.950000000000003
Puttalam,2022,7,82.46000000000001
Puttalam,2022,8,78.58500000000001
Puttalam,2022,9,41.85
Puttalam,2022,10,178.715
Puttalam,2022,11,209.55
Puttalam,2022,12,258.85
Puttalam,2023,1,78.43
Puttalam,2023,2,93.52
Puttalam,2023,3,69.75
Puttalam,2023,4,111.6
Puttalam,2023,5,146.63
Puttalam,2023,6,16.8
Puttalam,2023,7,13.485
Puttalam,2023,8,21.855
Puttalam,2023,9,99.75
Puttalam,2023,10,283.495
Puttalam,2023,11,429.15000000000003
Puttalam,2023,12,368.28
Puttalam,2024,1,122.44999999999999
Puttalam,2024,2,8.990000000000002
Puttalam,2024,3,15.655000000000001
Puttalam,2024,4,54.75
Puttalam,2024,5,210.33499999999998
Puttalam,2024,6,39.6
Puttalam,2024,7,14.879999999999999
Puttalam,2024,8,127.72
Puttalam,2024,9,22.65
Puttalam,2024,10,197.77999999999997
Puttalam,2024,11,311.25
Puttalam,2024,12,124.775
Puttalam,2025,1,172.515
Puttalam,2025,2,39.06
Puttalam,2025,3,104.47
Puttalam,2025,4,180.45
Puttalam,2025,5,139.5
Puttalam,2025,6,35.4
Puttalam,2025,7,7.595000000000001
Puttalam,2025,8,22.94
Puttalam,2025,9,60.9
Puttalam,2025,10,295.12
Puttalam,2025,11,503.55
Puttalam,2025,12,99.2
Ratnapura,1984,1,163.06
Ratnapura,1984,2,195.46
Ratnapura,1984,3,138.88000000000002
Ratnapura,1984,4,243.90000000000003
Ratnapura,1984,5,117.49
Ratnapura,1984,6,111.0
Ratnapura,1984,7,183.21
Ratnapura,1984,8,44.019999999999996
Ratnapura,1984,9,191.1
Ratnapura,1984,10,200.57
Ratnapura,1984,11,191.7
Ratnapura,1984,12,23.56
Ratnapura,1985,1,20.77
Ratnapura,1985,2,105.0
Ratnapura,1985,3,107.88
Ratnapura,1985,4,52.5
Ratnapura,1985,5,75.64
Ratnapura,1985,6,154.8
Ratnapura,1985,7,31.31
Ratnapura,1985,8,34.1
Ratnapura,1985,9,113.1
Ratnapura,1985,10,180.42000000000002
Ratnapura,1985,11,184.8
Ratnapura,1985,12,51.15
Ratnapura,1986,1,214.52
Ratnapura,1986,2,54.879999999999995
Ratnapura,1986,3,126.17000000000002
Ratnapura,1986,4,107.4
Ratnapura,1986,5,88.66
Ratnapura,1986,6,57.9
Ratnapura,1986,7,39.37
Ratnapura,1986,8,116.25
Ratnapura,1986,9,69.9
Ratnapura,1986,10,233.11999999999998
Ratnapura,1986,11,57.599999999999994
Ratnapura,1986,12,75.02
Ratnapura,1987,1,57.35
Ratnapura,1987,2,25.2
Ratnapura,1987,3,46.19
Ratnapura,1987,4,86.39999999999999
Ratnapura,1987,5,142.91
Ratnapura,1987,6,58.8
Ratnapura,1987,7,2.48
Ratnapura,1987,8,180.42000000000002
Ratnapura,1987,9,104.4
Ratnapura,1987,10,311.23999999999995
Ratnapura,1987,11,202.79999999999998
Ratnapura,1987,12,68.2
Ratnapura,1988,1,17.98
Ratnapura,1988,2,19.14
Ratnapura,1988,3,96.10000000000001
Ratnapura,1988,4,190.2
Ratnapura,1988,5,59.83
Ratnapura,1988,6,88.5
Ratnapura,1988,7,80.28999999999999
Ratnapura,1988,8,83.7
Ratnapura,1988,9,148.8
Ratnapura,1988,10,15.81
Ratnapura,1988,11,138.0
Ratnapura,1988,12,70.99
Ratnapura,1989,1,121.52
Ratnapura,1989,2,25.76
Ratnapura,1989,3,48.36
Ratnapura,1989,4,101.39999999999999
Ratnapura,1989,5,156.85999999999999
Ratnapura,1989,6,95.1
Ratnapura,1989,7,228.16
Ratnapura,1989,8,84.32000000000001
Ratnapura,1989,9,216.0
Ratnapura,1989,10,138.26
Ratnapura,1989,11,195.29999999999998
Ratnapura,1989,12,61.38
Ratnapura,1990,1,81.53
Ratnapura,1990,2,14.0
Ratnapura,1990,3,66.34
Ratnapura,1990,4,48.0
Ratnapura,1990,5,181.97
Ratnapura,1990,6,117.6
Ratnapura,1990,7,60.449999999999996
Ratnapura,1990,8,35.339999999999996
Ratnapura,1990,9,24.9
Ratnapura,1990,10,179.49
Ratnapura,1990,11,130.5
Ratnapura,1990,12,123.38
Ratnapura,1991,1,107.57000000000001
Ratnapura,1991,2,5.04
Ratnapura,1991,3,8.370000000000001
Ratnapura,1991,4,80.7
Ratnapura,1991,5,48.36
Ratnapura,1991,6,147.0
Ratnapura,1991,7,71.92
Ratnapura,1991,8,94.24
Ratnapura,1991,9,53.7
Ratnapura,1991,10,162.13000000000002
Ratnapura,1991,11,169.5
Ratnapura,1991,12,121.52
Ratnapura,1992,1,17.05
Ratnapura,1992,2,3.77
Ratnapura,1992,3,0.0
Ratnapura,1992,4,55.800000000000004
Ratnapura,1992,5,121.21000000000001
Ratnapura,1992,6,52.5
Ratnapura,1992,7,106.02
Ratnapura,1992,8,70.99
Ratnapura,1992,9,87.0
Ratnapura,1992,10,90.83
Ratnapura,1992,11,223.8
Ratnapura,1992,12,98.58
Ratnapura,1993,1,23.25
Ratnapura,1993,2,15.400000000000002
Ratnapura,1993,3,35.96
Ratnapura,1993,4,48.0
Ratnapura,1993,5,190.03
Ratnapura,1993,6,159.60000000000002
Ratnapura,1993,7,101.99
Ratnapura,1993,8,19.22
Ratnapura,1993,9,90.89999999999999
Ratnapura,1993,10,207.07999999999998
Ratnapura,1993,11,189.60000000000002
Ratnapura,1993,12,154.38000000000002
Ratnapura,1994,1,84.01
Ratnapura,1994,2,78.96
Ratnapura,1994,3,29.45
Ratnapura,1994,4,85.8
Ratnapura,1994,5,101.37
Ratnapura,1994,6,44.4
Ratnapura,1994,7,56.11
Ratnapura,1994,8,41.54
Ratnapura,1994,9,81.60000000000001
Ratnapura,1994,10,114.39
Ratnapura,1994,11,73.5
Ratnapura,1994,12,28.830000000000002
Ratnapura,1995,1,31.93
Ratnapura,1995,2,22.400000000000002
Ratnapura,1995,3,2.1700000000000004
Ratnapura,1995,4,61.800000000000004
Ratnapura,1995,5,43.71
Ratnapura,1995,6,36.0
Ratnapura,1995,7,13.64
Ratnapura,1995,8,17.05
Ratnapura,1995,9,16.5
Ratnapura,1995,10,35.65
Ratnapura,1995,11,39.6
Ratnapura,1995,12,20.46
Ratnapura,1996,1,21.080000000000002
Ratnapura,1996,2,17.69
Ratnapura,1996,3,2.79
Ratnapura,1996,4,40.800000000000004
Ratnapura,1996,5,31.31
Ratnapura,1996,6,104.4
Ratnapura,1996,7,12.709999999999999
Ratnapura,1996,8,32.550000000000004
Ratnapura,1996,9,34.5
Ratnapura,1996,10,35.029999999999994
Ratnapura,1996,11,63.6
Ratnapura,1996,12,17.669999999999998
Ratnapura,1997,1,0.9299999999999999
Ratnapura,1997,2,10.92
Ratnapura,1997,3,5.2700000000000005
Ratnapura,1997,4,82.2
Ratnapura,1997,5,79.67
Ratnapura,1997,6,45.9
Ratnapura,1997,7,62.309999999999995
Ratnapura,1997,8,29.139999999999997
Ratnapura,1997,9,233.4
Ratnapura,1997,10,277.45
Ratnapura,1997,11,351.90000000000003
Ratnapura,1997,12,108.19000000000001
Ratnapura,1998,1,27.28
Ratnapura,1998,2,0.84
Ratnapura,1998,3,20.46
Ratnapura,1998,4,37.2
Ratnapura,1998,5,118.73
Ratnapura,1998,6,107.4
Ratnapura,1998,7,134.23
Ratnapura,1998,8,95.78999999999999
Ratnapura,1998,9,81.3
Ratnapura,1998,10,108.5
Ratnapura,1998,11,180.29999999999998
Ratnapura,1998,12,265.36
Ratnapura,1999,1,103.23
Ratnapura,1999,2,99.12
Ratnapura,1999,3,59.21
Ratnapura,1999,4,118.5
Ratnapura,1999,5,208.63000000000002
Ratnapura,1999,6,109.5
Ratnapura,1999,7,53.94
Ratnapura,1999,8,67.58
Ratnapura,1999,9,118.2
Ratnapura,1999,10,123.38
Ratnapura,1999,11,103.5
Ratnapura,1999,12,86.49
Ratnapura,2000,1,10.540000000000001
Ratnapura,2000,2,59.449999999999996
Ratnapura,2000,3,50.529999999999994
Ratnapura,2000,4,101.10000000000001
Ratnapura,2000,5,35.96
Ratnapura,2000,6,84.3
Ratnapura,2000,7,93.92999999999999
Ratnapura,2000,8,163.36999999999998
Ratnapura,2000,9,78.0
Ratnapura,2000,10,54.56
Ratnapura,2000,11,168.6
Ratnapura,2000,12,58.589999999999996
Ratnapura,2001,1,180.42000000000002
Ratnapura,2001,2,42.56
Ratnapura,2001,3,14.569999999999999
Ratnapura,2001,4,117.30000000000001
Ratnapura,2001,5,72.53999999999999
Ratnapura,2001,6,59.4
Ratnapura,2001,7,82.77
Ratnapura,2001,8,14.26
Ratnapura,2001,9,123.89999999999999
Ratnapura,2001,10,58.589999999999996
Ratnapura,2001,11,139.5
Ratnapura,2001,12,67.89
Ratnapura,2002,1,26.97
Ratnapura,2002,2,54.6
Ratnapura,2002,3,29.759999999999998
Ratnapura,2002,4,105.0
Ratnapura,2002,5,168.02
Ratnapura,2002,6,54.900000000000006
Ratnapura,2002,7,40.61
Ratnapura,2002,8,71.61
Ratnapura,2002,9,38.7
Ratnapura,2002,10,225.99
Ratnapura,2002,11,189.29999999999998
Ratnapura,2002,12,169.26
Ratnapura,2003,1,48.980000000000004
Ratnapura,2003,2,42.84
Ratnapura,2003,3,76.26
Ratnapura,2003,4,144.60000000000002
Ratnapura,2003,5,187.24
Ratnapura,2003,6,87.30000000000001
Ratnapura,2003,7,50.220000000000006
Ratnapura,2003,8,45.26
Ratnapura,2003,9,65.7
Ratnapura,2003,10,85.55999999999999
Ratnapura,2003,11,250.5
Ratnapura,2003,12,19.53
Ratnapura,2004,1,32.86
Ratnapura,2004,2,60.32
Ratnapura,2004,3,23.87
Ratnapura,2004,4,111.0
Ratnapura,2004,5,147.86999999999998
Ratnapura,2004,6,70.8
Ratnapura,2004,7,49.910000000000004
Ratnapura,2004,8,49.6
Ratnapura,2004,9,198.3
Ratnapura,2004,10,219.17000000000002
Ratnapura,2004,11,203.7
Ratnapura,2004,12,187.24
Ratnapura,2005,1,69.44000000000001
Ratnapura,2005,2,26.88
Ratnapura,2005,3,100.44000000000001
Ratnapura,2005,4,92.1
Ratnapura,2005,5,113.77
Ratnapura,2005,6,82.8
Ratnapura,2005,7,102.92
Ratnapura,2005,8,23.87
Ratnapura,2005,9,77.69999999999999
Ratnapura,2005,10,207.70000000000002
Ratnapura,2005,11,284.40000000000003
Ratnapura,2005,12,115.63
Ratnapura,2006,1,175.46
Ratnapura,2006,2,54.04
Ratnapura,2006,3,85.87
Ratnapura,2006,4,52.2
Ratnapura,2006,5,120.89999999999999
Ratnapura,2006,6,68.1
Ratnapura,2006,7,98.58
Ratnapura,2006,8,140.43
Ratnapura,2006,9,166.2
Ratnapura,2006,10,334.18
Ratnapura,2006,11,312.0
Ratnapura,2006,12,244.28
Ratnapura,2007,1,191.27
Ratnapura,2007,2,24.36
Ratnapura,2007,3,22.63
Ratnapura,2007,4,270.59999999999997
Ratnapura,2007,5,53.94
Ratnapura,2007,6,130.5
Ratnapura,2007,7,68.82000000000001
Ratnapura,2007,8,138.57
Ratnapura,2007,9,136.79999999999998
Ratnapura,2007,10,287.98999999999995
Ratnapura,2007,11,148.8
Ratnapura,2007,12,176.70000000000002
Ratnapura,2008,1,80.91
Ratnapura,2008,2,75.98
Ratnapura,2008,3,248.31
Ratnapura,2008,4,282.9
Ratnapura,2008,5,65.72
Ratnapura,2008,6,134.1
Ratnapura,2008,7,142.91
Ratnapura,2008,8,77.5
Ratnapura,2008,9,58.199999999999996
Ratnapura,2008,10,172.04999999999998
Ratnapura,2008,11,186.6
Ratnapura,2008,12,109.12
Ratnapura,2009,1,31.31
Ratnapura,2009,2,3.9200000000000004
Ratnapura,2009,3,157.48
Ratnapura,2009,4,157.79999999999998
Ratnapura,2009,5,170.19
Ratnapura,2009,6,153.3
Ratnapura,2009,7,73.16
Ratnapura,2009,8,144.46
Ratnapura,2009,9,132.6
Ratnapura,2009,10,146.94
Ratnapura,2009,11,377.1
Ratnapura,2009,12,155.93
Ratnapura,2010,1,105.71000000000001
Ratnapura,2010,2,51.52
Ratnapura,2010,3,123.38
Ratnapura,2010,4,270.59999999999997
Ratnapura,2010,5,348.13
Ratnapura,2010,6,170.70000000000002
Ratnapura,2010,7,142.29
Ratnapura,2010,8,124.30999999999999
Ratnapura,2010,9,157.5
Ratnapura,2010,10,184.14000000000001
Ratnapura,2010,11,486.3
Ratnapura,2010,12,363.94
Ratnapura,2011,1,353.40000000000003
Ratnapura,2011,2,251.72
Ratnapura,2011,3,208.01
Ratnapura,2011,4,300.9
Ratnapura,2011,5,156.85999999999999
Ratnapura,2011,6,78.89999999999999
Ratnapura,2011,7,88.35000000000001
Ratnapura,2011,8,140.11999999999998
Ratnapura,2011,9,123.89999999999999
Ratnapura,2011,10,236.22
Ratnapura,2011,11,279.0
Ratnapura,2011,12,141.67000000000002
Ratnapura,2012,1,59.21
Ratnapura,2012,2,123.53999999999999
Ratnapura,2012,3,118.11
Ratnapura,2012,4,305.7
Ratnapura,2012,5,62.309999999999995
Ratnapura,2012,6,87.6
Ratnapura,2012,7,79.67
Ratnapura,2012,8,175.15
Ratnapura,2012,9,189.29999999999998
Ratnapura,2012,10,372.0
Ratnapura,2012,11,356.40000000000003
Ratnapura,2012,12,300.39
Ratnapura,2013,1,190.34
Ratnapura,2013,2,179.48000000000002
Ratnapura,2013,3,172.35999999999999
Ratnapura,2013,4,204.29999999999998
Ratnapura,2013,5,210.18
Ratnapura,2013,6,210.6
Ratnapura,2013,7,155.31
Ratnapura,2013,8,59.83
Ratnapura,2013,9,166.5
Ratnapura,2013,10,177.32
Ratnapura,2013,11,196.2
Ratnapura,2013,12,101.99
Ratnapura,2014,1,79.36
Ratnapura,2014,2,29.400000000000002
Ratnapura,2014,3,78.42999999999999
Ratnapura,2014,4,174.29999999999998
Ratnapura,2014,5,158.72
Ratnapura,2014,6,135.9
Ratnapura,2014,7,55.49
Ratnapura,2014,8,207.70000000000002
Ratnapura,2014,9,190.8
Ratnapura,2014,10,438.96
Ratnapura,2014,11,272.1
Ratnapura,2014,12,452.90999999999997
Ratnapura,2015,1,35.65
Ratnapura,2015,2,150.36
Ratnapura,2015,3,132.06
Ratnapura,2015,4,300.3
Ratnapura,2015,5,132.68
Ratnapura,2015,6,132.6
Ratnapura,2015,7,87.42
Ratnapura,2015,8,138.26
Ratnapura,2015,9,302.1
Ratnapura,2015,10,385.02
Ratnapura,2015,11,366.3
Ratnapura,2015,12,240.25
Ratnapura,2016,1,59.21
Ratnapura,2016,2,99.17999999999999
Ratnapura,2016,3,86.17999999999999
Ratnapura,2016,4,116.10000000000001
Ratnapura,2016,5,399.90000000000003
Ratnapura,2016,6,68.7
Ratnapura,2016,7,70.67999999999999
Ratnapura,2016,8,26.97
Ratnapura,2016,9,22.2
Ratnapura,2016,10,119.03999999999999
Ratnapura,2016,11,256.2
Ratnapura,2016,12,97.03
Ratnapura,2017,1,62.309999999999995
Ratnapura,2017,2,80.92
Ratnapura,2017,3,198.09
Ratnapura,2017,4,104.7
Ratnapura,2017,5,267.53000000000003
Ratnapura,2017,6,70.19999999999999
Ratnapura,2017,7,38.44
Ratnapura,2017,8,105.09
Ratnapura,2017,9,122.10000000000001
Ratnapura,2017,10,217.93
Ratnapura,2017,11,322.5
Ratnapura,2017,12,251.1
Ratnapura,2018,1,41.85
Ratnapura,2018,2,81.75999999999999
Ratnapura,2018,3,152.82999999999998
Ratnapura,2018,4,223.8
Ratnapura,2018,5,360.53000000000003
Ratnapura,2018,6,126.9
Ratnapura,2018,7,75.64
Ratnapura,2018,8,79.36
Ratnapura,2018,9,119.10000000000001
Ratnapura,2018,10,208.01
Ratnapura,2018,11,225.0
Ratnapura,2018,12,117.17999999999999
Ratnapura,2019,1,43.71
Ratnapura,2019,2,143.64
Ratnapura,2019,3,49.910000000000004
Ratnapura,2019,4,122.4
Ratnapura,2019,5,74.09
Ratnapura,2019,6,72.6
Ratnapura,2019,7,85.87
Ratnapura,2019,8,226.92000000000002
Ratnapura,2019,9,363.90000000000003
Ratnapura,2019,10,448.88
Ratnapura,2019,11,319.8
Ratnapura,2019,12,307.52
Ratnapura,2020,1,60.449999999999996
Ratnapura,2020,2,31.900000000000002
Ratnapura,2020,3,38.44
Ratnapura,2020,4,138.0
Ratnapura,2020,5,278.38
Ratnapura,2020,6,115.8
Ratnapura,2020,7,146.01
Ratnapura,2020,8,132.06
Ratnapura,2020,9,225.6
Ratnapura,2020,10,106.33
Ratnapura,2020,11,292.5
Ratnapura,2020,12,185.69
Ratnapura,2021,1,191.89000000000001
Ratnapura,2021,2,48.72
Ratnapura,2021,3,189.72
Ratnapura,2021,4,154.8
Ratnapura,2021,5,293.26000000000005
Ratnapura,2021,6,161.4
Ratnapura,2021,7,174.53
Ratnapura,2021,8,174.22
Ratnapura,2021,9,184.5
Ratnapura,2021,10,327.98
Ratnapura,2021,11,381.90000000000003
Ratnapura,2021,12,163.99
Ratnapura,2022,1,128.96
Ratnapura,2022,2,125.16
Ratnapura,2022,3,107.26
Ratnapura,2022,4,351.6
Ratnapura,2022,5,243.66
Ratnapura,2022,6,108.0
Ratnapura,2022,7,134.85
Ratnapura,2022,8,186.0
Ratnapura,2022,9,68.1
Ratnapura,2022,10,282.71999999999997
Ratnapura,2022,11,264.6
Ratnapura,2022,12,198.4
Ratnapura,2023,1,98.27
Ratnapura,2023,2,157.08
Ratnapura,2023,3,144.77
Ratnapura,2023,4,172.5
Ratnapura,2023,5,204.91
Ratnapura,2023,6,135.9
Ratnapura,2023,7,88.35000000000001
Ratnapura,2023,8,96.72
Ratnapura,2023,9,454.5
Ratnapura,2023,10,677.97
Ratnapura,2023,11,427.2
Ratnapura,2023,12,430.90000000000003
Ratnapura,2024,1,289.54
Ratnapura,2024,2,32.190000000000005
Ratnapura,2024,3,54.87
Ratnapura,2024,4,111.60000000000001
Ratnapura,2024,5,206.77
Ratnapura,2024,6,103.5
Ratnapura,2024,7,90.83
Ratnapura,2024,8,135.78
Ratnapura,2024,9,81.3
Ratnapura,2024,10,152.52
Ratnapura,2024,11,327.9
Ratnapura,2024,12,153.45000000000002
Ratnapura,2025,1,187.54999999999998
Ratnapura,2025,2,105.28
Ratnapura,2025,3,310.31
Ratnapura,2025,4,290.4
Ratnapura,2025,5,182.59
Ratnapura,2025,6,80.1
Ratnapura,2025,7,62.62
Ratnapura,2025,8,65.72
Ratnapura,2025,9,141.9
Ratnapura,2025,10,308.14
Ratnapura,2025,11,619.2
Ratnapura,2025,12,210.18
Trincomalee,1984,1,358.05
Trincomalee,1984,2,321.61
Trincomalee,1984,3,129.57999999999998
Trincomalee,1984,4,208.5
Trincomalee,1984,5,34.720000000000006
Trincomalee,1984,6,9.6
Trincomalee,1984,7,231.26
Trincomalee,1984,8,73.16
Trincomalee,1984,9,377.1
Trincomalee,1984,10,102.61
Trincomalee,1984,11,286.2
Trincomalee,1984,12,119.66
Trincomalee,1985,1,139.81
Trincomalee,1985,2,77.83999999999999
Trincomalee,1985,3,75.95
Trincomalee,1985,4,38.4
Trincomalee,1985,5,42.470000000000006
Trincomalee,1985,6,27.3
Trincomalee,1985,7,42.160000000000004
Trincomalee,1985,8,66.34
Trincomalee,1985,9,94.80000000000001
Trincomalee,1985,10,121.21000000000001
Trincomalee,1985,11,260.1
Trincomalee,1985,12,151.9
Trincomalee,1986,1,231.57
Trincomalee,1986,2,63.839999999999996
Trincomalee,1986,3,153.76
Trincomalee,1986,4,96.3
Trincomalee,1986,5,55.18
Trincomalee,1986,6,9.3
Trincomalee,1986,7,43.71
Trincomalee,1986,8,46.5
Trincomalee,1986,9,45.3
Trincomalee,1986,10,154.69
Trincomalee,1986,11,114.6
Trincomalee,1986,12,129.57999999999998
Trincomalee,1987,1,106.64
Trincomalee,1987,2,48.16
Trincomalee,1987,3,34.1
Trincomalee,1987,4,67.5
Trincomalee,1987,5,27.900000000000002
Trincomalee,1987,6,17.4
Trincomalee,1987,7,2.48
Trincomalee,1987,8,19.84
Trincomalee,1987,9,96.0
Trincomalee,1987,10,240.86999999999998
Trincomalee,1987,11,222.6
Trincomalee,1987,12,129.89000000000001
Trincomalee,1988,1,16.43
Trincomalee,1988,2,70.76
Trincomalee,1988,3,75.33
Trincomalee,1988,4,185.1
Trincomalee,1988,5,14.879999999999999
Trincomalee,1988,6,21.9
Trincomalee,1988,7,27.28
Trincomalee,1988,8,88.66
Trincomalee,1988,9,53.4
Trincomalee,1988,10,52.08
Trincomalee,1988,11,159.0
Trincomalee,1988,12,68.2
Trincomalee,1989,1,59.519999999999996
Trincomalee,1989,2,15.680000000000001
Trincomalee,1989,3,17.360000000000003
Trincomalee,1989,4,33.9
Trincomalee,1989,5,37.82
Trincomalee,1989,6,71.10000000000001
Trincomalee,1989,7,220.72
Trincomalee,1989,8,12.709999999999999
Trincomalee,1989,9,150.6
Trincomalee,1989,10,130.20000000000002
Trincomalee,1989,11,256.8
Trincomalee,1989,12,90.21000000000001
Trincomalee,1990,1,132.36999999999998
Trincomalee,1990,2,3.64
Trincomalee,1990,3,79.05
Trincomalee,1990,4,33.9
Trincomalee,1990,5,154.07
Trincomalee,1990,6,13.2
Trincomalee,1990,7,6.82
Trincomalee,1990,8,144.46
Trincomalee,1990,9,43.199999999999996
Trincomalee,1990,10,153.45000000000002
Trincomalee,1990,11,48.0
Trincomalee,1990,12,73.78
Trincomalee,1991,1,33.480000000000004
Trincomalee,1991,2,2.8000000000000003
Trincomalee,1991,3,27.28
Trincomalee,1991,4,34.8
Trincomalee,1991,5,54.56
Trincomalee,1991,6,33.6
Trincomalee,1991,7,21.7
Trincomalee,1991,8,24.490000000000002
Trincomalee,1991,9,39.900000000000006
Trincomalee,1991,10,275.90000000000003
Trincomalee,1991,11,211.5
Trincomalee,1991,12,84.01
Trincomalee,1992,1,26.04
Trincomalee,1992,2,0.29
Trincomalee,1992,3,0.0
Trincomalee,1992,4,44.7
Trincomalee,1992,5,88.35000000000001
Trincomalee,1992,6,47.7
Trincomalee,1992,7,39.06
Trincomalee,1992,8,58.9
Trincomalee,1992,9,192.6
Trincomalee,1992,10,105.09
Trincomalee,1992,11,349.5
Trincomalee,1992,12,292.95
Trincomalee,1993,1,4.96
Trincomalee,1993,2,6.44
Trincomalee,1993,3,19.53
Trincomalee,1993,4,50.699999999999996
Trincomalee,1993,5,88.35000000000001
Trincomalee,1993,6,66.0
Trincomalee,1993,7,51.15
Trincomalee,1993,8,49.910000000000004
Trincomalee,1993,9,20.7
Trincomalee,1993,10,253.89
Trincomalee,1993,11,388.2
Trincomalee,1993,12,434.31
Trincomalee,1994,1,121.52
Trincomalee,1994,2,184.51999999999998
Trincomalee,1994,3,21.7
Trincomalee,1994,4,50.4
Trincomalee,1994,5,120.28
Trincomalee,1994,6,7.199999999999999
Trincomalee,1994,7,24.18
Trincomalee,1994,8,7.13
Trincomalee,1994,9,52.5
Trincomalee,1994,10,147.25
Trincomalee,1994,11,142.20000000000002
Trincomalee,1994,12,31.93
Trincomalee,1995,1,60.449999999999996
Trincomalee,1995,2,6.72
Trincomalee,1995,3,1.24
Trincomalee,1995,4,22.8
Trincomalee,1995,5,17.360000000000003
Trincomalee,1995,6,4.2
Trincomalee,1995,7,4.96
Trincomalee,1995,8,6.51
Trincomalee,1995,9,3.9000000000000004
Trincomalee,1995,10,56.730000000000004
Trincomalee,1995,11,51.9
Trincomalee,1995,12,21.7
Trincomalee,1996,1,10.85
Trincomalee,1996,2,20.88
Trincomalee,1996,3,0.31
Trincomalee,1996,4,21.599999999999998
Trincomalee,1996,5,26.97
Trincomalee,1996,6,79.5
Trincomalee,1996,7,2.79
Trincomalee,1996,8,26.66
Trincomalee,1996,9,30.900000000000002
Trincomalee,1996,10,66.64999999999999
Trincomalee,1996,11,66.3
Trincomalee,1996,12,27.28
Trincomalee,1997,1,5.58
Trincomalee,1997,2,1.4000000000000001
Trincomalee,1997,3,13.02
Trincomalee,1997,4,42.599999999999994
Trincomalee,1997,5,90.52
Trincomalee,1997,6,21.599999999999998
Trincomalee,1997,7,76.88
Trincomalee,1997,8,31.62
Trincomalee,1997,9,76.5
Trincomalee,1997,10,184.45000000000002
Trincomalee,1997,11,223.20000000000002
Trincomalee,1997,12,195.92000000000002
Trincomalee,1998,1,34.720000000000006
Trincomalee,1998,2,4.48
Trincomalee,1998,3,8.680000000000001
Trincomalee,1998,4,25.5
Trincomalee,1998,5,138.88000000000002
Trincomalee,1998,6,12.299999999999999
Trincomalee,1998,7,53.32
Trincomalee,1998,8,45.26
Trincomalee,1998,9,68.1
Trincomalee,1998,10,120.59
Trincomalee,1998,11,216.9
Trincomalee,1998,12,376.65000000000003
Trincomalee,1999,1,283.65000000000003
Trincomalee,1999,2,125.16
Trincomalee,1999,3,8.680000000000001
Trincomalee,1999,4,124.19999999999999
Trincomalee,1999,5,29.139999999999997
Trincomalee,1999,6,15.9
Trincomalee,1999,7,24.490000000000002
Trincomalee,1999,8,29.139999999999997
Trincomalee,1999,9,103.8
Trincomalee,1999,10,154.07
Trincomalee,1999,11,264.3
Trincomalee,1999,12,76.88
Trincomalee,2000,1,38.75
Trincomalee,2000,2,102.08
Trincomalee,2000,3,10.23
Trincomalee,2000,4,51.3
Trincomalee,2000,5,35.65
Trincomalee,2000,6,33.300000000000004
Trincomalee,2000,7,112.53
Trincomalee,2000,8,21.389999999999997
Trincomalee,2000,9,85.19999999999999
Trincomalee,2000,10,78.74
Trincomalee,2000,11,322.5
Trincomalee,2000,12,150.35
Trincomalee,2001,1,126.48
Trincomalee,2001,2,44.24
Trincomalee,2001,3,0.31
Trincomalee,2001,4,138.0
Trincomalee,2001,5,15.5
Trincomalee,2001,6,114.6
Trincomalee,2001,7,109.12
Trincomalee,2001,8,19.84
Trincomalee,2001,9,69.0
Trincomalee,2001,10,132.68
Trincomalee,2001,11,188.1
Trincomalee,2001,12,276.83
Trincomalee,2002,1,77.19000000000001
Trincomalee,2002,2,71.12
Trincomalee,2002,3,18.91
Trincomalee,2002,4,64.5
Trincomalee,2002,5,57.660000000000004
Trincomalee,2002,6,51.0
Trincomalee,2002,7,5.89
Trincomalee,2002,8,25.419999999999998
Trincomalee,2002,9,44.4
Trincomalee,2002,10,255.13000000000002
Trincomalee,2002,11,264.3
Trincomalee,2002,12,395.87
Trincomalee,2003,1,141.98
Trincomalee,2003,2,91.28
Trincomalee,2003,3,69.13
Trincomalee,2003,4,41.4
Trincomalee,2003,5,78.42999999999999
Trincomalee,2003,6,9.3
Trincomalee,2003,7,38.13
Trincomalee,2003,8,25.73
Trincomalee,2003,9,75.0
Trincomalee,2003,10,77.80999999999999
Trincomalee,2003,11,420.0
Trincomalee,2003,12,58.279999999999994
Trincomalee,2004,1,52.08
Trincomalee,2004,2,41.47
Trincomalee,2004,3,36.89
Trincomalee,2004,4,59.7
Trincomalee,2004,5,124.93
Trincomalee,2004,6,19.5
Trincomalee,2004,7,71.3
Trincomalee,2004,8,49.6
Trincomalee,2004,9,150.29999999999998
Trincomalee,2004,10,264.43
Trincomalee,2004,11,262.5
Trincomalee,2004,12,403.62
Trincomalee,2005,1,217.31
Trincomalee,2005,2,9.799999999999999
Trincomalee,2005,3,39.37
Trincomalee,2005,4,161.1
Trincomalee,2005,5,51.769999999999996
Trincomalee,2005,6,10.5
Trincomalee,2005,7,23.25
Trincomalee,2005,8,40.61
Trincomalee,2005,9,25.2
Trincomalee,2005,10,174.84
Trincomalee,2005,11,446.09999999999997
Trincomalee,2005,12,111.91
Trincomalee,2006,1,163.99
Trincomalee,2006,2,39.76
Trincomalee,2006,3,66.96000000000001
Trincomalee,2006,4,46.800000000000004
Trincomalee,2006,5,53.94
Trincomalee,2006,6,10.799999999999999
Trincomalee,2006,7,23.56
Trincomalee,2006,8,60.14
Trincomalee,2006,9,68.7
Trincomalee,2006,10,257.3
Trincomalee,2006,11,286.5
Trincomalee,2006,12,160.89000000000001
Trincomalee,2007,1,77.5
Trincomalee,2007,2,48.72
Trincomalee,2007,3,9.299999999999999
Trincomalee,2007,4,154.2
Trincomalee,2007,5,25.73
Trincomalee,2007,6,33.0
Trincomalee,2007,7,37.199999999999996
Trincomalee,2007,8,51.15
Trincomalee,2007,9,51.0
Trincomalee,2007,10,260.09000000000003
Trincomalee,2007,11,132.89999999999998
Trincomalee,2007,12,267.21999999999997
Trincomalee,2008,1,76.26
Trincomalee,2008,2,101.5
Trincomalee,2008,3,284.89
Trincomalee,2008,4,92.69999999999999
Trincomalee,2008,5,2.1700000000000004
Trincomalee,2008,6,56.1
Trincomalee,2008,7,29.759999999999998
Trincomalee,2008,8,49.29
Trincomalee,2008,9,13.5
Trincomalee,2008,10,128.03
Trincomalee,2008,11,333.90000000000003
Trincomalee,2008,12,187.54999999999998
Trincomalee,2009,1,101.99
Trincomalee,2009,2,0.0
Trincomalee,2009,3,166.16
Trincomalee,2009,4,201.6
Trincomalee,2009,5,17.98
Trincomalee,2009,6,4.5
Trincomalee,2009,7,14.879999999999999
Trincomalee,2009,8,80.91
Trincomalee,2009,9,27.0
Trincomalee,2009,10,116.25
Trincomalee,2009,11,448.8
Trincomalee,2009,12,332.01000000000005
Trincomalee,2010,1,70.05999999999999
Trincomalee,2010,2,15.959999999999999
Trincomalee,2010,3,24.18
Trincomalee,2010,4,123.30000000000001
Trincomalee,2010,5,77.80999999999999
Trincomalee,2010,6,31.200000000000003
Trincomalee,2010,7,57.04
Trincomalee,2010,8,120.28
Trincomalee,2010,9,218.4
Trincomalee,2010,10,112.53
Trincomalee,2010,11,382.8
Trincomalee,2010,12,600.78
Trincomalee,2011,1,626.51
Trincomalee,2011,2,468.71999999999997
Trincomalee,2011,3,64.48
Trincomalee,2011,4,269.40000000000003
Trincomalee,2011,5,29.759999999999998
Trincomalee,2011,6,7.199999999999999
Trincomalee,2011,7,31.62
Trincomalee,2011,8,103.53999999999999
Trincomalee,2011,9,46.5
Trincomalee,2011,10,450.12
Trincomalee,2011,11,399.9
Trincomalee,2011,12,254.2
Trincomalee,2012,1,35.029999999999994
Trincomalee,2012,2,87.28999999999999
Trincomalee,2012,3,46.81
Trincomalee,2012,4,104.10000000000001
Trincomalee,2012,5,2.48
Trincomalee,2012,6,7.800000000000001
Trincomalee,2012,7,43.089999999999996
Trincomalee,2012,8,12.09
Trincomalee,2012,9,107.69999999999999
Trincomalee,2012,10,570.4
Trincomalee,2012,11,244.20000000000002
Trincomalee,2012,12,650.6899999999999
Trincomalee,2013,1,262.88
Trincomalee,2013,2,297.64000000000004
Trincomalee,2013,3,224.44
Trincomalee,2013,4,60.6
Trincomalee,2013,5,134.54
Trincomalee,2013,6,23.700000000000003
Trincomalee,2013,7,46.5
Trincomalee,2013,8,84.94000000000001
Trincomalee,2013,9,39.0
Trincomalee,2013,10,66.64999999999999
Trincomalee,2013,11,190.5
Trincomalee,2013,12,170.19
Trincomalee,2014,1,171.43
Trincomalee,2014,2,55.44
Trincomalee,2014,3,7.4399999999999995
Trincomalee,2014,4,64.80000000000001
Trincomalee,2014,5,118.11
Trincomalee,2014,6,3.3
Trincomalee,2014,7,16.43
Trincomalee,2014,8,95.48
Trincomalee,2014,9,117.30000000000001
Trincomalee,2014,10,204.91
Trincomalee,2014,11,438.90000000000003
Trincomalee,2014,12,671.46
Trincomalee,2015,1,16.43
Trincomalee,2015,2,163.24
Trincomalee,2015,3,71.61
Trincomalee,2015,4,197.4
Trincomalee,2015,5,203.67000000000002
Trincomalee,2015,6,27.0
Trincomalee,2015,7,8.99
Trincomalee,2015,8,67.27
Trincomalee,2015,9,186.6
Trincomalee,2015,10,415.71
Trincomalee,2015,11,540.9000000000001
Trincomalee,2015,12,337.59000000000003
Trincomalee,2016,1,114.7
Trincomalee,2016,2,32.190000000000005
Trincomalee,2016,3,44.33
Trincomalee,2016,4,57.0
Trincomalee,2016,5,564.1999999999999
Trincomalee,2016,6,18.9
Trincomalee,2016,7,25.110000000000003
Trincomalee,2016,8,10.85
Trincomalee,2016,9,2.1
Trincomalee,2016,10,100.44000000000001
Trincomalee,2016,11,294.3
Trincomalee,2016,12,83.08
Trincomalee,2017,1,112.22
Trincomalee,2017,2,65.52
Trincomalee,2017,3,147.56
Trincomalee,2017,4,50.4
Trincomalee,2017,5,128.96
Trincomalee,2017,6,14.7
Trincomalee,2017,7,18.91
Trincomalee,2017,8,98.89
Trincomalee,2017,9,63.6
Trincomalee,2017,10,148.18
Trincomalee,2017,11,328.8
Trincomalee,2017,12,131.75
Trincomalee,2018,1,36.58
Trincomalee,2018,2,80.64
Trincomalee,2018,3,67.58
Trincomalee,2018,4,117.30000000000001
Trincomalee,2018,5,253.89
Trincomalee,2018,6,25.8
Trincomalee,2018,7,16.43
Trincomalee,2018,8,25.419999999999998
Trincomalee,2018,9,53.4
Trincomalee,2018,10,296.05
Trincomalee,2018,11,248.1
Trincomalee,2018,12,120.28
Trincomalee,2019,1,26.04
Trincomalee,2019,2,108.64
Trincomalee,2019,3,7.4399999999999995
Trincomalee,2019,4,78.0
Trincomalee,2019,5,9.299999999999999
Trincomalee,2019,6,11.700000000000001
Trincomalee,2019,7,14.879999999999999
Trincomalee,2019,8,88.35000000000001
Trincomalee,2019,9,136.5
Trincomalee,2019,10,444.54
Trincomalee,2019,11,333.59999999999997
Trincomalee,2019,12,439.58
Trincomalee,2020,1,42.470000000000006
Trincomalee,2020,2,24.07
Trincomalee,2020,3,14.879999999999999
Trincomalee,2020,4,94.80000000000001
Trincomalee,2020,5,154.38000000000002
Trincomalee,2020,6,90.6
Trincomalee,2020,7,93.62
Trincomalee,2020,8,24.18
Trincomalee,2020,9,113.7
Trincomalee,2020,10,53.94
Trincomalee,2020,11,362.4
Trincomalee,2020,12,434.62
Trincomalee,2021,1,294.5
Trincomalee,2021,2,47.879999999999995
Trincomalee,2021,3,51.46
Trincomalee,2021,4,107.4
Trincomalee,2021,5,112.53
Trincomalee,2021,6,53.4
Trincomalee,2021,7,92.07000000000001
Trincomalee,2021,8,46.5
Trincomalee,2021,9,106.2
Trincomalee,2021,10,327.05
Trincomalee,2021,11,575.1
Trincomalee,2021,12,154.38000000000002
Trincomalee,2022,1,162.75
Trincomalee,2022,2,165.20000000000002
Trincomalee,2022,3,43.4
Trincomalee,2022,4,359.1
Trincomalee,2022,5,48.980000000000004
Trincomalee,2022,6,39.300000000000004
Trincomalee,2022,7,107.26
Trincomalee,2022,8,91.14
Trincomalee,2022,9,59.1
Trincomalee,2022,10,291.40000000000003
Trincomalee,2022,11,273.90000000000003
Trincomalee,2022,12,287.37
Trincomalee,2023,1,171.11999999999998
Trincomalee,2023,2,248.35999999999999
Trincomalee,2023,3,92.07000000000001
Trincomalee,2023,4,117.30000000000001
Trincomalee,2023,5,162.13000000000002
Trincomalee,2023,6,29.4
Trincomalee,2023,7,9.299999999999999
Trincomalee,2023,8,27.28
Trincomalee,2023,9,85.5
Trincomalee,2023,10,339.76000000000005
Trincomalee,2023,11,563.6999999999999
Trincomalee,2023,12,535.37
Trincomalee,2024,1,253.89
Trincomalee,2024,2,16.240000000000002
Trincomalee,2024,3,28.52
Trincomalee,2024,4,36.9
Trincomalee,2024,5,199.02
Trincomalee,2024,6,27.900000000000002
Trincomalee,2024,7,13.02
Trincomalee,2024,8,124.0
Trincomalee,2024,9,27.0
Trincomalee,2024,10,212.04
Trincomalee,2024,11,560.4
Trincomalee,2024,12,166.78
Trincomalee,2025,1,277.14
Trincomalee,2025,2,92.68
Trincomalee,2025,3,107.88
Trincomalee,2025,4,240.6
Trincomalee,2025,5,122.45
Trincomalee,2025,6,21.299999999999997
Trincomalee,2025,7,13.33
Trincomalee,2025,8,43.71
Trincomalee,2025,9,84.0
Trincomalee,2025,10,249.23999999999998
Trincomalee,2025,11,804.3
Trincomalee,2025,12,199.32999999999998
Vavuniya,1984,1,321.78000000000003
Vavuniya,1984,2,358.44
Vavuniya,1984,3,149.73
Vavuniya,1984,4,225.6
Vavuniya,1984,5,22.94
Vavuniya,1984,6,11.700000000000001
Vavuniya,1984,7,190.65
Vavuniya,1984,8,31.93
Vavuniya,1984,9,321.3
Vavuniya,1984,10,100.44000000000001
Vavuniya,1984,11,276.3
Vavuniya,1984,12,97.96000000000001
Vavuniya,1985,1,109.74
Vavuniya,1985,2,85.12
Vavuniya,1985,3,66.64999999999999
Vavuniya,1985,4,47.1
Vavuniya,1985,5,70.37
Vavuniya,1985,6,20.7
Vavuniya,1985,7,43.4
Vavuniya,1985,8,70.99
Vavuniya,1985,9,115.8
Vavuniya,1985,10,83.08
Vavuniya,1985,11,305.7
Vavuniya,1985,12,177.32
Vavuniya,1986,1,173.6
Vavuniya,1986,2,32.199999999999996
Vavuniya,1986,3,130.20000000000002
Vavuniya,1986,4,97.5
Vavuniya,1986,5,68.2
Vavuniya,1986,6,6.6
Vavuniya,1986,7,24.18
Vavuniya,1986,8,27.59
Vavuniya,1986,9,41.4
Vavuniya,1986,10,180.10999999999999
Vavuniya,1986,11,111.9
Vavuniya,1986,12,108.5
Vavuniya,1987,1,62.0
Vavuniya,1987,2,8.96
Vavuniya,1987,3,20.46
Vavuniya,1987,4,100.5
Vavuniya,1987,5,23.25
Vavuniya,1987,6,13.2
Vavuniya,1987,7,4.6499999999999995
Vavuniya,1987,8,17.05
Vavuniya,1987,9,108.60000000000001
Vavuniya,1987,10,259.46999999999997
Vavuniya,1987,11,218.7
Vavuniya,1987,12,102.92
Vavuniya,1988,1,8.680000000000001
Vavuniya,1988,2,67.57000000000001
Vavuniya,1988,3,24.490000000000002
Vavuniya,1988,4,239.70000000000002
Vavuniya,1988,5,24.490000000000002
Vavuniya,1988,6,26.1
Vavuniya,1988,7,37.51
Vavuniya,1988,8,109.42999999999999
Vavuniya,1988,9,77.4
Vavuniya,1988,10,63.24
Vavuniya,1988,11,138.3
Vavuniya,1988,12,60.76
Vavuniya,1989,1,34.1
Vavuniya,1989,2,7.28
Vavuniya,1989,3,16.12
Vavuniya,1989,4,34.8
Vavuniya,1989,5,56.42
Vavuniya,1989,6,71.10000000000001
Vavuniya,1989,7,188.48
Vavuniya,1989,8,12.709999999999999
Vavuniya,1989,9,139.2
Vavuniya,1989,10,217.61999999999998
Vavuniya,1989,11,262.5
Vavuniya,1989,12,70.67999999999999
Vavuniya,1990,1,171.74
Vavuniya,1990,2,3.36
Vavuniya,1990,3,67.89
Vavuniya,1990,4,45.9
Vavuniya,1990,5,151.28
Vavuniya,1990,6,7.800000000000001
Vavuniya,1990,7,8.370000000000001
Vavuniya,1990,8,114.7
Vavuniya,1990,9,51.3
Vavuniya,1990,10,201.5
Vavuniya,1990,11,74.4
Vavuniya,1990,12,67.27
Vavuniya,1991,1,36.269999999999996
Vavuniya,1991,2,2.52
Vavuniya,1991,3,48.050000000000004
Vavuniya,1991,4,76.8
Vavuniya,1991,5,82.77
Vavuniya,1991,6,44.7
Vavuniya,1991,7,22.63
Vavuniya,1991,8,17.360000000000003
Vavuniya,1991,9,37.8
Vavuniya,1991,10,275.59000000000003
Vavuniya,1991,11,324.0
Vavuniya,1991,12,113.14999999999999
Vavuniya,1992,1,14.879999999999999
Vavuniya,1992,2,0.0
Vavuniya,1992,3,0.0
Vavuniya,1992,4,96.60000000000001
Vavuniya,1992,5,90.21000000000001
Vavuniya,1992,6,42.3
Vavuniya,1992,7,38.75
Vavuniya,1992,8,40.61
Vavuniya,1992,9,135.6
Vavuniya,1992,10,132.36999999999998
Vavuniya,1992,11,286.5
Vavuniya,1992,12,251.71999999999997
Vavuniya,1993,1,3.1
Vavuniya,1993,2,3.08
Vavuniya,1993,3,36.58
Vavuniya,1993,4,98.39999999999999
Vavuniya,1993,5,91.45
Vavuniya,1993,6,38.4
Vavuniya,1993,7,42.470000000000006
Vavuniya,1993,8,24.8
Vavuniya,1993,9,15.3
Vavuniya,1993,10,348.44
Vavuniya,1993,11,412.8
Vavuniya,1993,12,429.34999999999997
Vavuniya,1994,1,65.72
Vavuniya,1994,2,186.76
Vavuniya,1994,3,20.46
Vavuniya,1994,4,98.7
Vavuniya,1994,5,116.55999999999999
Vavuniya,1994,6,7.199999999999999
Vavuniya,1994,7,22.63
Vavuniya,1994,8,3.1
Vavuniya,1994,9,48.9
Vavuniya,1994,10,249.55
Vavuniya,1994,11,115.8
Vavuniya,1994,12,17.98
Vavuniya,1995,1,37.82
Vavuniya,1995,2,5.04
Vavuniya,1995,3,2.1700000000000004
Vavuniya,1995,4,23.400000000000002
Vavuniya,1995,5,29.139999999999997
Vavuniya,1995,6,5.7
Vavuniya,1995,7,4.6499999999999995
Vavuniya,1995,8,6.82
Vavuniya,1995,9,6.9
Vavuniya,1995,10,65.10000000000001
Vavuniya,1995,11,30.0
Vavuniya,1995,12,13.33
Vavuniya,1996,1,5.58
Vavuniya,1996,2,13.92
Vavuniya,1996,3,0.62
Vavuniya,1996,4,31.5
Vavuniya,1996,5,14.26
Vavuniya,1996,6,51.6
Vavuniya,1996,7,2.79
Vavuniya,1996,8,28.830000000000002
Vavuniya,1996,9,27.3
Vavuniya,1996,10,57.35
Vavuniya,1996,11,77.69999999999999
Vavuniya,1996,12,34.410000000000004
Vavuniya,1997,1,6.2
Vavuniya,1997,2,0.56
Vavuniya,1997,3,8.06
Vavuniya,1997,4,49.8
Vavuniya,1997,5,83.39
Vavuniya,1997,6,15.3
Vavuniya,1997,7,54.56
Vavuniya,1997,8,21.389999999999997
Vavuniya,1997,9,54.900000000000006
Vavuniya,1997,10,173.29
Vavuniya,1997,11,250.5
Vavuniya,1997,12,168.32999999999998
Vavuniya,1998,1,35.96
Vavuniya,1998,2,2.24
Vavuniya,1998,3,5.89
Vavuniya,1998,4,35.099999999999994
Vavuniya,1998,5,178.25
Vavuniya,1998,6,9.9
Vavuniya,1998,7,41.54
Vavuniya,1998,8,44.949999999999996
Vavuniya,1998,9,39.300000000000004
Vavuniya,1998,10,95.48
Vavuniya,1998,11,208.5
Vavuniya,1998,12,378.51000000000005
Vavuniya,1999,1,166.47
Vavuniya,1999,2,70.56
Vavuniya,1999,3,14.569999999999999
Vavuniya,1999,4,144.9
Vavuniya,1999,5,23.87
Vavuniya,1999,6,15.3
Vavuniya,1999,7,15.81
Vavuniya,1999,8,24.8
Vavuniya,1999,9,63.6
Vavuniya,1999,10,141.04999999999998
Vavuniya,1999,11,188.4
Vavuniya,1999,12,70.99
Vavuniya,2000,1,32.550000000000004
Vavuniya,2000,2,65.53999999999999
Vavuniya,2000,3,5.2700000000000005
Vavuniya,2000,4,43.8
Vavuniya,2000,5,39.37
Vavuniya,2000,6,24.0
Vavuniya,2000,7,102.61
Vavuniya,2000,8,21.389999999999997
Vavuniya,2000,9,79.5
Vavuniya,2000,10,75.02
Vavuniya,2000,11,300.59999999999997
Vavuniya,2000,12,122.76
Vavuniya,2001,1,75.95
Vavuniya,2001,2,51.800000000000004
Vavuniya,2001,3,0.31
Vavuniya,2001,4,172.20000000000002
Vavuniya,2001,5,20.77
Vavuniya,2001,6,117.6
Vavuniya,2001,7,78.42999999999999
Vavuniya,2001,8,13.33
Vavuniya,2001,9,40.800000000000004
Vavuniya,2001,10,141.67000000000002
Vavuniya,2001,11,237.6
Vavuniya,2001,12,238.07999999999998
Vavuniya,2002,1,45.88
Vavuniya,2002,2,66.92
Vavuniya,2002,3,18.91
Vavuniya,2002,4,125.70000000000002
Vavuniya,2002,5,48.67
Vavuniya,2002,6,32.7
Vavuniya,2002,7,5.2700000000000005
Vavuniya,2002,8,21.389999999999997
Vavuniya,2002,9,18.3
Vavuniya,2002,10,293.57
Vavuniya,2002,11,185.39999999999998
Vavuniya,2002,12,211.10999999999999
Vavuniya,2003,1,83.39
Vavuniya,2003,2,68.60000000000001
Vavuniya,2003,3,40.61
Vavuniya,2003,4,73.8
Vavuniya,2003,5,103.53999999999999
Vavuniya,2003,6,11.4
Vavuniya,2003,7,25.73
Vavuniya,2003,8,42.160000000000004
Vavuniya,2003,9,42.0
Vavuniya,2003,10,100.13
Vavuniya,2003,11,339.6
Vavuniya,2003,12,48.36
Vavuniya,2004,1,15.5
Vavuniya,2004,2,18.56
Vavuniya,2004,3,30.69
Vavuniya,2004,4,80.4
Vavuniya,2004,5,133.92000000000002
Vavuniya,2004,6,17.4
Vavuniya,2004,7,31.31
Vavuniya,2004,8,42.779999999999994
Vavuniya,2004,9,101.7
Vavuniya,2004,10,256.06
Vavuniya,2004,11,268.2
Vavuniya,2004,12,274.65999999999997
Vavuniya,2005,1,128.34
Vavuniya,2005,2,3.36
Vavuniya,2005,3,44.019999999999996
Vavuniya,2005,4,170.39999999999998
Vavuniya,2005,5,46.81
Vavuniya,2005,6,12.0
Vavuniya,2005,7,23.56
Vavuniya,2005,8,46.5
Vavuniya,2005,9,13.8
Vavuniya,2005,10,183.21
Vavuniya,2005,11,405.9
Vavuniya,2005,12,101.37
Vavuniya,2006,1,106.95
Vavuniya,2006,2,21.28
Vavuniya,2006,3,101.05999999999999
Vavuniya,2006,4,76.5
Vavuniya,2006,5,44.949999999999996
Vavuniya,2006,6,10.200000000000001
Vavuniya,2006,7,12.709999999999999
Vavuniya,2006,8,60.76
Vavuniya,2006,9,80.1
Vavuniya,2006,10,293.88
Vavuniya,2006,11,284.1
Vavuniya,2006,12,83.08
Vavuniya,2007,1,41.54
Vavuniya,2007,2,50.68
Vavuniya,2007,3,6.2
Vavuniya,2007,4,99.9
Vavuniya,2007,5,12.4
Vavuniya,2007,6,53.7
Vavuniya,2007,7,19.22
Vavuniya,2007,8,39.06
Vavuniya,2007,9,72.0
Vavuniya,2007,10,337.59000000000003
Vavuniya,2007,11,139.2
Vavuniya,2007,12,238.39000000000001
Vavuniya,2008,1,27.28
Vavuniya,2008,2,103.24
Vavuniya,2008,3,238.39000000000001
Vavuniya,2008,4,110.7
Vavuniya,2008,5,5.58
Vavuniya,2008,6,21.9
Vavuniya,2008,7,34.410000000000004
Vavuniya,2008,8,41.230000000000004
Vavuniya,2008,9,6.6
Vavuniya,2008,10,154.38000000000002
Vavuniya,2008,11,255.89999999999998
Vavuniya,2008,12,183.21
Vavuniya,2009,1,43.089999999999996
Vavuniya,2009,2,0.28
Vavuniya,2009,3,107.88
Vavuniya,2009,4,117.9
Vavuniya,2009,5,16.740000000000002
Vavuniya,2009,6,6.3
Vavuniya,2009,7,15.5
Vavuniya,2009,8,101.37
Vavuniya,2009,9,23.700000000000003
Vavuniya,2009,10,119.97
Vavuniya,2009,11,378.59999999999997
Vavuniya,2009,12,324.26000000000005
Vavuniya,2010,1,70.67999999999999
Vavuniya,2010,2,3.08
Vavuniya,2010,3,30.38
Vavuniya,2010,4,122.99999999999999
Vavuniya,2010,5,73.47
Vavuniya,2010,6,21.0
Vavuniya,2010,7,37.82
Vavuniya,2010,8,97.03
Vavuniya,2010,9,197.10000000000002
Vavuniya,2010,10,121.52
Vavuniya,2010,11,412.2
Vavuniya,2010,12,450.12
Vavuniya,2011,1,314.65000000000003
Vavuniya,2011,2,258.16
Vavuniya,2011,3,21.389999999999997
Vavuniya,2011,4,234.9
Vavuniya,2011,5,17.669999999999998
Vavuniya,2011,6,6.3
Vavuniya,2011,7,22.94
Vavuniya,2011,8,92.69000000000001
Vavuniya,2011,9,22.8
Vavuniya,2011,10,295.43
Vavuniya,2011,11,428.7
Vavuniya,2011,12,209.86999999999998
Vavuniya,2012,1,32.24
Vavuniya,2012,2,30.740000000000002
Vavuniya,2012,3,30.69
Vavuniya,2012,4,96.9
Vavuniya,2012,5,2.79
Vavuniya,2012,6,7.800000000000001
Vavuniya,2012,7,29.139999999999997
Vavuniya,2012,8,10.85
Vavuniya,2012,9,72.0
Vavuniya,2012,10,504.98999999999995
Vavuniya,2012,11,188.1
Vavuniya,2012,12,527.62
Vavuniya,2013,1,173.6
Vavuniya,2013,2,206.08
Vavuniya,2013,3,168.02
Vavuniya,2013,4,65.1
Vavuniya,2013,5,107.88
Vavuniya,2013,6,22.2
Vavuniya,2013,7,29.45
Vavuniya,2013,8,74.39999999999999
Vavuniya,2013,9,81.9
Vavuniya,2013,10,99.2
Vavuniya,2013,11,199.2
Vavuniya,2013,12,120.28
Vavuniya,2014,1,165.23
Vavuniya,2014,2,24.08
Vavuniya,2014,3,3.7199999999999998
Vavuniya,2014,4,87.30000000000001
Vavuniya,2014,5,156.54999999999998
Vavuniya,2014,6,5.1000000000000005
Vavuniya,2014,7,10.23
Vavuniya,2014,8,85.87
Vavuniya,2014,9,114.3
Vavuniya,2014,10,260.40000000000003
Vavuniya,2014,11,412.2
Vavuniya,2014,12,505.92
Vavuniya,2015,1,8.370000000000001
Vavuniya,2015,2,127.67999999999999
Vavuniya,2015,3,66.96000000000001
Vavuniya,2015,4,173.1
Vavuniya,2015,5,193.75
Vavuniya,2015,6,17.4
Vavuniya,2015,7,4.340000000000001
Vavuniya,2015,8,65.72
Vavuniya,2015,9,153.0
Vavuniya,2015,10,307.21
Vavuniya,2015,11,538.8000000000001
Vavuniya,2015,12,270.01000000000005
Vavuniya,2016,1,81.22
Vavuniya,2016,2,19.14
Vavuniya,2016,3,20.46
Vavuniya,2016,4,27.3
Vavuniya,2016,5,424.08
Vavuniya,2016,6,11.700000000000001
Vavuniya,2016,7,27.28
Vavuniya,2016,8,17.360000000000003
Vavuniya,2016,9,3.0
Vavuniya,2016,10,89.28
Vavuniya,2016,11,221.4
Vavuniya,2016,12,101.99
Vavuniya,2017,1,124.30999999999999
Vavuniya,2017,2,29.68
Vavuniya,2017,3,126.17000000000002
Vavuniya,2017,4,38.7
Vavuniya,2017,5,105.09
Vavuniya,2017,6,12.9
Vavuniya,2017,7,20.150000000000002
Vavuniya,2017,8,95.48
Vavuniya,2017,9,53.1
Vavuniya,2017,10,130.20000000000002
Vavuniya,2017,11,229.8
Vavuniya,2017,12,89.59
Vavuniya,2018,1,29.45
Vavuniya,2018,2,38.919999999999995
Vavuniya,2018,3,53.94
Vavuniya,2018,4,72.0
Vavuniya,2018,5,216.07
Vavuniya,2018,6,16.5
Vavuniya,2018,7,16.43
Vavuniya,2018,8,30.07
Vavuniya,2018,9,41.699999999999996
Vavuniya,2018,10,274.96999999999997
Vavuniya,2018,11,237.3
Vavuniya,2018,12,118.42
Vavuniya,2019,1,5.89
Vavuniya,2019,2,77.28
Vavuniya,2019,3,2.1700000000000004
Vavuniya,2019,4,55.800000000000004
Vavuniya,2019,5,8.370000000000001
Vavuniya,2019,6,7.800000000000001
Vavuniya,2019,7,18.599999999999998
Vavuniya,2019,8,95.17
Vavuniya,2019,9,144.0
Vavuniya,2019,10,407.03000000000003
Vavuniya,2019,11,230.1
Vavuniya,2019,12,327.67
Vavuniya,2020,1,27.59
Vavuniya,2020,2,16.240000000000002
Vavuniya,2020,3,7.13
Vavuniya,2020,4,65.4
Vavuniya,2020,5,123.69000000000001
Vavuniya,2020,6,44.1
Vavuniya,2020,7,115.94000000000001
Vavuniya,2020,8,25.110000000000003
Vavuniya,2020,9,144.0
Vavuniya,2020,10,74.71000000000001
Vavuniya,2020,11,324.6
Vavuniya,2020,12,478.02
Vavuniya,2021,1,279.93
Vavuniya,2021,2,31.639999999999997
Vavuniya,2021,3,30.07
Vavuniya,2021,4,86.10000000000001
Vavuniya,2021,5,96.41
Vavuniya,2021,6,43.199999999999996
Vavuniya,2021,7,73.47
Vavuniya,2021,8,69.75
Vavuniya,2021,9,107.69999999999999
Vavuniya,2021,10,331.08
Vavuniya,2021,11,601.8
Vavuniya,2021,12,124.61999999999999
Vavuniya,2022,1,101.99
Vavuniya,2022,2,112.84
Vavuniya,2022,3,36.89
Vavuniya,2022,4,229.5
Vavuniya,2022,5,26.04
Vavuniya,2022,6,39.900000000000006
Vavuniya,2022,7,133.60999999999999
Vavuniya,2022,8,85.25
Vavuniya,2022,9,47.1
Vavuniya,2022,10,267.21999999999997
Vavuniya,2022,11,241.2
Vavuniya,2022,12,277.45
Vavuniya,2023,1,96.41
Vavuniya,2023,2,167.44
Vavuniya,2023,3,58.279999999999994
Vavuniya,2023,4,69.0
Vavuniya,2023,5,178.56
Vavuniya,2023,6,21.9
Vavuniya,2023,7,8.99
Vavuniya,2023,8,32.86
Vavuniya,2023,9,68.39999999999999
Vavuniya,2023,10,272.8
Vavuniya,2023,11,506.99999999999994
Vavuniya,2023,12,478.95
Vavuniya,2024,1,158.41
Vavuniya,2024,2,7.25
Vavuniya,2024,3,26.349999999999998
Vavuniya,2024,4,30.3
Vavuniya,2024,5,152.21
Vavuniya,2024,6,26.7
Vavuniya,2024,7,9.61
Vavuniya,2024,8,115.63
Vavuniya,2024,9,33.0
Vavuniya,2024,10,181.97
Vavuniya,2024,11,479.1
Vavuniya,2024,12,128.96
Vavuniya,2025,1,184.76
Vavuniya,2025,2,74.75999999999999
Vavuniya,2025,3,63.55
Vavuniya,2025,4,116.7
Vavuniya,2025,5,119.97
Vavuniya,2025,6,19.8
Vavuniya,2025,7,10.85
Vavuniya,2025,8,47.12
Vavuniya,2025,9,68.39999999999999
Vavuniya,2025,10,240.25
Vavuniya,2025,11,690.0
Vavuniya,2025,12,174.84
